brand,model,model_year,vehicle_age,mileage,price,fuel_type,transmission
Ford,Utility Police Interceptor Base,2013,13,51000.0,10300.0,E85 Flex Fuel,6-Speed A/T
Hyundai,Palisade SEL,2021,5,34742.0,38005.0,Gasoline,8-Speed Automatic
Lexus,RX 350 RX 350,2022,4,22372.0,54598.0,Gasoline,Automatic
INFINITI,Q50 Hybrid Sport,2015,11,88900.0,15500.0,Hybrid,7-Speed A/T
Audi,Q3 45 S line Premium Plus,2021,5,9835.0,34999.0,Gasoline,8-Speed Automatic
Acura,ILX 2.4L,2016,10,136397.0,14798.0,Gasoline,F
Audi,S3 2.0T Premium Plus,2017,9,84000.0,31000.0,Gasoline,6-Speed A/T
BMW,740 iL,2001,25,242000.0,7300.0,Gasoline,A/T
Lexus,RC 350 F Sport,2021,5,23436.0,41927.0,Gasoline,6-Speed A/T
Tesla,Model X Long Range Plus,2020,6,34000.0,69950.0,,A/T
Land,Rover Range Rover Sport 3.0 Supercharged HST,2021,5,27608.0,73897.0,Gasoline,Automatic
Aston,Martin DBS Superleggera,2019,7,22770.0,184606.0,Gasoline,8-Speed A/T
Toyota,Supra 3.0 Premium,2021,5,12500.0,53500.0,Gasoline,A/T
Lincoln,Aviator Reserve AWD,2022,4,18196.0,62000.0,Gasoline,Transmission w/Dual Shift Mode
Jaguar,F-TYPE,2020,6,15903.0,47998.0,Gasoline,Automatic
Land,Rover LR4 HSE,2013,13,79800.0,29990.0,Gasoline,A/T
Mercedes-Benz,Metris Base,2021,5,1685.0,250000.0,Gasoline,9-Speed Automatic
Dodge,Challenger SXT,2013,13,61074.0,16800.0,Gasoline,A/T
Nissan,350Z Enthusiast,2003,23,74000.0,11000.0,Gasoline,6-Speed M/T
Jaguar,F-TYPE R,2018,8,35250.0,68750.0,Gasoline,8-Speed A/T
Genesis,GV70 3.5T Sport,2023,3,5400.0,60000.0,Gasoline,8-Speed A/T
Chevrolet,S-10 LS,2000,26,133510.0,4500.0,E85 Flex Fuel,A/T
BMW,440 Gran Coupe 440i xDrive,2020,6,25990.0,38598.0,Gasoline,Automatic
Ford,F-150 XLT,2023,3,2823.0,58504.0,Gasoline,Automatic
Chevrolet,Suburban RST,2021,5,52000.0,61000.0,Gasoline,10-Speed A/T
Hyundai,Elantra N Base,2022,4,11650.0,32300.0,Gasoline,Transmission w/Dual Shift Mode
Nissan,Sentra SR,2016,10,96541.0,13998.0,Gasoline,Automatic
Mercedes-Benz,AMG CLA 45 Base 4MATIC,2021,5,17500.0,59995.0,Gasoline,A/T
BMW,650 Gran Coupe i xDrive,2015,11,69000.0,25700.0,Gasoline,8-Speed A/T
Audi,Q5 2.0T Premium Plus,2017,9,81880.0,21375.0,E85 Flex Fuel,8-Speed Automatic
Mercedes-Benz,AMG C 43 Base 4MATIC,2018,8,28800.0,48000.0,Gasoline,9-Speed A/T
Dodge,Ram 1500 Laramie Mega Cab,2006,20,300183.0,10900.0,Gasoline,A/T
BMW,i3 120Ah w/Range Extender,2020,6,35035.0,24998.0,Hybrid,Automatic
Kia,Sorento SX,2011,15,171000.0,5999.0,Gasoline,A/T
Lexus,LX 570 Base,2016,10,118700.0,46900.0,Gasoline,8-Speed A/T
Jeep,New Compass Trailhawk,2017,9,119000.0,15900.0,Gasoline,A/T
BMW,340 i,2018,8,44261.0,33598.0,Gasoline,Automatic
Audi,A4 2.0T Premium Plus quattro,2012,14,125575.0,8999.0,Gasoline,8-Speed A/T
Hyundai,Tucson SE,2007,19,16200.0,8200.0,Gasoline,A/T
BMW,Z4 sDrive28i,2014,12,70000.0,20000.0,Gasoline,A/T
Bentley,Continental GTC Base,2011,15,20200.0,79950.0,E85 Flex Fuel,6-Speed A/T
Honda,Passport Elite,2023,3,2978.0,45498.0,Gasoline,Automatic
Dodge,Sprinter 2500,2007,19,189719.0,14000.0,Diesel,5-Speed A/T
BMW,M850 i xDrive,2019,7,9949.0,75798.0,Gasoline,Automatic
Lucid,Air Grand Touring,2022,4,3552.0,119999.0,,1-Speed A/T
Audi,A7 Premium,2012,14,54000.0,36880.0,Gasoline,8-Speed A/T
Chevrolet,Silverado 1500 Custom Trail Boss,2021,5,51351.0,43147.0,Gasoline,Automatic
MINI,Convertible John Cooper Works,2017,9,24280.0,29000.0,Gasoline,6-Speed A/T
Toyota,Avalon Touring,2016,10,89148.0,17500.0,Gasoline,A/T
Porsche,Cayenne Platinum Edition,2017,9,73043.0,30990.0,Gasoline,8-Speed A/T
Mercedes-Benz,AMG C 63 S,2017,9,60000.0,52500.0,Gasoline,Transmission w/Dual Shift Mode
Honda,CR-V EX-L,2016,10,73549.0,20848.0,Gasoline,Automatic CVT
Hummer,H2 Base,2005,21,110900.0,19500.0,Gasoline,A/T
Porsche,911 Carrera S,2013,13,39000.0,73000.0,Gasoline,7-Speed A/T
Mercedes-Benz,CLA-Class CLA 250,2016,10,120000.0,19800.0,Gasoline,Transmission w/Dual Shift Mode
Chrysler,300 Touring,2009,17,134602.0,7500.0,Gasoline,Transmission w/Dual Shift Mode
Nissan,Rogue SV,2023,3,1094.0,30999.0,Gasoline,Automatic CVT
Audi,A3 2.0T,2010,16,83500.0,6500.0,Gasoline,Transmission w/Dual Shift Mode
Ford,Mustang GT Premium,2014,12,37060.0,28500.0,Gasoline,6-Speed M/T
Acura,RL Technology,2010,16,97700.0,10995.0,Gasoline,Transmission w/Dual Shift Mode
Volvo,XC90 Hybrid T8 R-Design,2018,8,40000.0,42000.0,Plug-In Hybrid,Transmission w/Dual Shift Mode
Audi,R8 5.2 V10,2018,8,8940.0,144900.0,Gasoline,7-Speed Automatic with Auto-Shift
Mercedes-Benz,GLK-Class GLK 350,2014,12,186000.0,10000.0,Gasoline,A/T
Toyota,C-HR LE,2021,5,13180.0,23998.0,Gasoline,CVT-F
Lexus,IS 350 Base,2014,12,104000.0,21000.0,Gasoline,8-Speed A/T
BMW,X4 M40i,2023,3,8500.0,67900.0,Hybrid,Transmission w/Dual Shift Mode
BMW,M4 CS,2019,7,19069.0,69998.0,Gasoline,Automatic
Cadillac,CT5 Premium Luxury,2023,3,6090.0,46900.0,Gasoline,A/T
Lucid,Air Grand Touring,2022,4,4900.0,99000.0,,1-Speed A/T
Audi,A5 2.0T Premium Plus,2019,7,47523.0,31000.0,Gasoline,Transmission w/Dual Shift Mode
Chrysler,300C SRT8,2006,20,43000.0,19995.0,Gasoline,5-Speed A/T
Bentley,Continental GT W12,2017,9,14684.0,130000.0,Gasoline,8-Speed A/T
BMW,M4 Base,2019,7,57800.0,55999.0,Gasoline,Transmission w/Dual Shift Mode
Toyota,GR Corolla Circuit Edition,2023,3,952.0,49950.0,Gasoline,6-Speed M/T
Audi,RS 5 2.9T,2019,7,21240.0,59950.0,Gasoline,8-Speed A/T
Porsche,Cayenne Base,2019,7,59338.0,42499.0,Gasoline,Transmission w/Dual Shift Mode
Lamborghini,Huracan Tecnica Coupe,2023,3,255.0,359991.0,Gasoline,Automatic
Maserati,Quattroporte S,2019,7,23230.0,44999.0,Gasoline,8-Speed A/T
Jaguar,XF 35t R-Sport,2017,9,48000.0,30000.0,Gasoline,A/T
Lexus,ES 330 Base,2005,21,41059.0,11100.0,Gasoline,5-Speed A/T
Land,Rover Discovery Sport SE R-Dynamic,2020,6,21240.0,37998.0,Gasoline,Automatic
Porsche,Cayman GTS,2015,11,11500.0,72000.0,Gasoline,7-Speed A/T
Genesis,G90 3.3T Premium,2021,5,9950.0,53950.0,Gasoline,8-Speed A/T
Volkswagen,Golf R 20th Anniversary Edition,2023,3,633.0,47999.0,Gasoline,6-Speed M/T
Hyundai,Sonata Hybrid Limited,2015,11,66000.0,15900.0,Hybrid,A/T
Audi,RS 7 4.0T Prestige,2014,12,59715.0,45000.0,Gasoline,A/T
BMW,740 Li,2012,14,85252.0,18500.0,Gasoline,6-Speed A/T
Mercedes-Benz,GLS 450 Base 4MATIC,2020,6,17900.0,80000.0,Hybrid,9-Speed A/T
BMW,M6 Base,2016,10,25500.0,55000.0,Gasoline,7-Speed A/T
Subaru,Forester 2.5 X,2004,22,210703.0,2300.0,Gasoline,M/T
Hyundai,Elantra N Base,2023,3,3800.0,34000.0,Gasoline,6-Speed M/T
Kia,Niro Plug-In Hybrid EX Premium,2022,4,36602.0,31995.0,Hybrid,6-Speed Automatic with Auto-Shift
Rivian,R1S Adventure Package,2023,3,2800.0,92000.0,,1-Speed A/T
Aston,Martin DBS Superleggera,2021,5,2165.0,279950.0,Gasoline,8-Speed Automatic
Mercedes-Benz,SLC 300 Base,2018,8,33000.0,29900.0,Gasoline,9-Speed A/T
BMW,435 Gran Coupe i,2016,10,76009.0,24950.0,Gasoline,8-Speed A/T
Jeep,Grand Cherokee Summit,2020,6,31349.0,39366.0,Gasoline,8-Speed Automatic
Lexus,RC 350 Base,2015,11,48000.0,32900.0,Gasoline,Transmission w/Dual Shift Mode
BMW,525 i,2005,21,91420.0,8900.0,Gasoline,6-Speed A/T
Toyota,Corolla LE,2003,23,124756.0,4995.0,Gasoline,M/T
Cadillac,CT5-V Blackwing,2023,3,2415.0,104900.0,Gasoline,10-Speed Automatic
GMC,Acadia SLT-1,2012,14,116226.0,7900.0,Gasoline,6-Speed A/T
Lexus,LC 500 Base,2020,6,37869.0,75950.0,Gasoline,10-Speed Automatic
BMW,i8 Base,2019,7,41500.0,86000.0,Plug-In Hybrid,Transmission w/Dual Shift Mode
Lexus,ES 300h Base,2013,13,87001.0,17995.0,Hybrid,CVT Transmission
Cadillac,CT5-V V-Series,2022,4,4451.0,55655.0,Gasoline,Automatic
BMW,540 i xDrive,2020,6,27158.0,39998.0,Gasoline,Automatic
Chevrolet,Express 1500 Work Van,2014,12,139804.0,14500.0,Gasoline,A/T
Jeep,Gladiator Rubicon,2022,4,27300.0,47500.0,Gasoline,A/T
BMW,Z4 sDrive28i,2014,12,36812.0,27000.0,Gasoline,Transmission w/Dual Shift Mode
Land,Rover LR4 HSE LUX Landmark Edition,2016,10,144000.0,18000.0,Gasoline,8-Speed A/T
Cadillac,XT4 Sport,2019,7,44500.0,28900.0,Gasoline,9-Speed A/T
BMW,750 750i xDrive,2021,5,10917.0,73998.0,Gasoline,Automatic
Bentley,Arnage R,2005,21,8332.0,47350.0,Gasoline,4-Speed A/T
Lincoln,Aviator Reserve AWD,2020,6,51247.0,47698.0,Gasoline,Automatic
Mercedes-Benz,AMG GL AMG GL 63 4MATIC,2016,10,69000.0,36500.0,Gasoline,Transmission w/Dual Shift Mode
RAM,ProMaster 3500 High Roof,2021,5,147834.0,32662.0,Gasoline,6-Speed Automatic
Ford,Utility Police Interceptor Base,2013,13,105000.0,6600.0,E85 Flex Fuel,A/T
Audi,A5 2.0T Premium,2011,15,92203.0,9995.0,Gasoline,Transmission w/Dual Shift Mode
Nissan,GT-R Premium,2010,16,15600.0,69500.0,Gasoline,Transmission w/Dual Shift Mode
Land,Rover Range Rover Sport 3.0L Supercharged HSE,2018,8,104700.0,30775.0,Gasoline,Automatic
Toyota,Corolla LE,2010,16,72348.0,9995.0,Gasoline,A/T
Rivian,R1S Adventure Package,2023,3,2500.0,94000.0,,A/T
Mercedes-Benz,C-Class C300 4MATIC,2022,4,13177.0,44798.0,Gasoline,Automatic
Porsche,Cayenne E-Hybrid S,2016,10,96000.0,23000.0,Plug-In Hybrid,Transmission w/Dual Shift Mode
Chevrolet,Express 1500 Work Van,2011,15,93009.0,22495.0,E85 Flex Fuel,4-Speed Automatic
INFINITI,Q70h Base,2016,10,52750.0,28998.0,Hybrid,7-Speed A/T
Audi,A7 Premium Plus,2020,6,25361.0,49998.0,Hybrid,Automatic
Audi,Q7 3.0T Premium Plus,2015,11,98527.0,9995.0,Gasoline,8-Speed A/T
Lucid,Air Pure,2023,3,1300.0,86900.0,,A/T
Chrysler,Pacifica Touring,2017,9,87305.0,9000.0,–,9-Speed A/T
Audi,TTS 2.0T Premium Plus,2012,14,72922.0,25999.0,Gasoline,6-Speed A/T
BMW,650 Gran Coupe i xDrive,2015,11,41000.0,30000.0,Gasoline,8-Speed A/T
Subaru,Forester Premium,2021,5,42125.0,27899.0,Gasoline,Automatic CVT
Mercedes-Benz,AMG C AMG C 63,2016,10,62000.0,40000.0,Gasoline,Transmission w/Dual Shift Mode
Land,Rover LR3 HSE,2006,20,153843.0,9950.0,Gasoline,6-Speed A/T
BMW,X7 xDrive40i,2019,7,35248.0,53998.0,Gasoline,Automatic
Ford,Transit Connect XLT,2015,11,194454.0,9888.0,Gasoline,6-Speed A/T
Lexus,LX 570 Three-Row,2021,5,21000.0,89999.0,Gasoline,Transmission w/Dual Shift Mode
Porsche,911 Carrera S,2013,13,18494.0,86900.0,Gasoline,7-Speed M/T
Dodge,Ram 2500 Laramie Quad Cab,2006,20,218000.0,12990.0,Gasoline,4-Speed A/T
Nissan,Armada SL,2021,5,67800.0,36500.0,Gasoline,7-Speed A/T
Porsche,Cayman Base,2014,12,79000.0,42999.0,Gasoline,Transmission w/Dual Shift Mode
Mercedes-Benz,GLE 450 GLE 450,2022,4,24906.0,63998.0,Hybrid,Automatic
Chevrolet,Monte Carlo SS,2006,20,66840.0,12000.0,Gasoline,A/T
BMW,M5 Base,2013,13,86000.0,32000.0,Gasoline,Transmission w/Dual Shift Mode
Hyundai,Kona N Base,2023,3,654.0,34599.0,Gasoline,8-Speed Automatic with Auto-Shift
Chevrolet,Monte Carlo SS,2005,21,75000.0,12500.0,Gasoline,A/T
Land,Rover Range Rover Evoque Pure,2015,11,84000.0,22800.0,Gasoline,9-Speed A/T
Audi,S7 4.0T Premium Plus,2017,9,52500.0,39999.0,Gasoline,Transmission w/Dual Shift Mode
GMC,Acadia SLT-1,2011,15,120000.0,7500.0,Gasoline,6-Speed A/T
Alfa,Romeo Stelvio Ti Sport,2020,6,18665.0,35645.0,Gasoline,8-Speed Automatic
Ferrari,FF Base,2016,10,19987.0,149900.0,Gasoline,7-Speed A/T
Kia,K900 5.0L,2017,9,36486.0,23950.0,Gasoline,8-Speed A/T
Ford,E150 XLT,2013,13,162100.0,12500.0,E85 Flex Fuel,4-Speed A/T
Tesla,Model 3 Performance,2022,4,13079.0,47000.0,,A/T
Toyota,4Runner SR5,2022,4,28377.0,36999.0,Gasoline,5-Speed Automatic
Subaru,Forester Base,2020,6,32744.0,24000.0,Gasoline,CVT Transmission
Porsche,Panamera 2,2012,14,54000.0,26000.0,Gasoline,A/T
Toyota,Tacoma PreRunner,2008,18,202055.0,8500.0,Gasoline,A/T
RAM,2500 Laramie,2019,7,65000.0,65000.0,Diesel,6-Speed A/T
Kia,Sportage Nightfall,2022,4,9686.0,30990.0,Gasoline,6-Speed Automatic
Cadillac,DTS Base,2010,16,49620.0,10499.0,Gasoline,A/T
Toyota,Land Cruiser Base,1997,29,213000.0,26500.0,Gasoline,4-Speed A/T
Nissan,GT-R Premium,2020,6,16010.0,114000.0,Gasoline,A/T
Lexus,NX 350 F SPORT Handling,2023,3,820.0,51998.0,Gasoline,8-SPEED AT
Audi,Q7 45 Premium Plus,2021,5,68000.0,36499.0,Gasoline,8-Speed A/T
Lexus,LX 470 Base,1999,27,82000.0,25000.0,Gasoline,A/T
GMC,Terrain SLE,2022,4,27352.0,27785.0,Gasoline,9-Speed Automatic
Ford,Escape Limited,2012,14,129000.0,7000.0,Gasoline,A/T
Lexus,LS 460 L,2014,12,106731.0,30000.0,Gasoline,8-Speed A/T
Ford,Expedition Platinum,2019,7,34672.0,45500.0,Gasoline,10-Speed A/T
Chevrolet,Malibu LTZ,2010,16,55900.0,8950.0,Gasoline,Transmission w/Dual Shift Mode
Audi,RS 7 4.0T quattro,2023,3,3158.0,128900.0,Gasoline,1-Speed Automatic
Audi,A5 2.0T Premium Plus,2015,11,82000.0,17000.0,Gasoline,8-Speed A/T
Genesis,G70 2.0T,2023,3,4785.0,42850.0,Gasoline,Automatic
Chevrolet,Trailblazer LS,2021,5,20497.0,22999.0,Gasoline,9-Speed Automatic
Scion,tC Base,2013,13,177600.0,7100.0,Gasoline,6-Speed A/T
Lincoln,MKZ Hybrid Base,2014,12,78568.0,15500.0,Hybrid,A/T
Ford,Transit-350 XL,2018,8,95000.0,43000.0,E85 Flex Fuel,A/T
Porsche,911 GT2 RS,2018,8,4529.0,417500.0,Gasoline,7-Speed Automatic with Auto-Shift
Ford,Explorer Timberline,2021,5,25240.0,39951.0,Gasoline,10-Speed Automatic
Volvo,XC90 3.2,2011,15,88300.0,11500.0,Gasoline,A/T
Chevrolet,Avalanche LTZ,2013,13,98000.0,27499.0,E85 Flex Fuel,6-Speed A/T
Audi,TT RS 2.5T,2018,8,20675.0,76000.0,Gasoline,Transmission w/Dual Shift Mode
Lincoln,Navigator L,2008,18,95000.0,10900.0,Gasoline,A/T
Hyundai,Elantra GLS,2010,16,107000.0,6250.0,Gasoline,4-Speed A/T
Audi,SQ5 3.0T Premium Plus,2016,10,60000.0,24700.0,Gasoline,Transmission w/Dual Shift Mode
Mitsubishi,Lancer Evolution GSR,2012,14,33000.0,34999.0,Gasoline,5-Speed M/T
Tesla,Model Y Performance,2023,3,500.0,60000.0,,1-Speed A/T
Mercedes-Benz,Maybach S S 600,2016,10,108500.0,63500.0,Gasoline,7-Speed A/T
Nissan,GT-R Premium,2017,9,37800.0,149500.0,Gasoline,Transmission w/Dual Shift Mode
Mercedes-Benz,GLS 550 Base 4MATIC,2018,8,74422.0,44798.0,Gasoline,Automatic
Chevrolet,Blazer Premier,2019,7,55621.0,34562.0,Gasoline,9-Speed Automatic
Mazda,CX-9 Grand Touring,2021,5,46707.0,32541.0,Gasoline,6-Speed Automatic
Ford,Expedition Max Limited,2022,4,26500.0,65900.0,Gasoline,A/T
Nissan,Titan XD SV,2020,6,10001.0,47214.0,Gasoline,9-Speed Automatic
Lexus,LX 570 Three-Row,2019,7,19050.0,76900.0,Gasoline,8-Speed A/T
Chevrolet,Traverse Premier,2020,6,52000.0,35800.0,Gasoline,A/T
Mercedes-Benz,Sprinter High Roof,2014,12,65000.0,54999.0,Diesel,7-Speed A/T
BMW,X5 3.0i,2004,22,140000.0,6730.0,Gasoline,Transmission w/Dual Shift Mode
Ford,Fusion SE,2018,8,75600.0,14950.0,Gasoline,A/T
Lincoln,MKZ Base,2015,11,117292.0,12000.0,Gasoline,A/T
Ford,GT,2005,21,1897.0,429998.0,Gasoline,Manual
Genesis,G90 5.0 Ultimate,2017,9,26000.0,33600.0,Gasoline,Transmission w/Dual Shift Mode
Lexus,LC 500 Base,2022,4,2071.0,99950.0,Gasoline,Automatic
Ford,Shelby GT500 Base,2014,12,15629.0,61900.0,Gasoline,6-Speed Manual
Saturn,Sky Base,2008,18,15020.0,18500.0,Gasoline,A/T
Audi,RS Q8 4.0T quattro,2022,4,11322.0,119900.0,Gasoline,8-Speed Automatic
Toyota,Land Cruiser,2016,10,50361.0,65998.0,Gasoline,Automatic
Mercedes-Benz,SL-Class SL 550,2013,13,115000.0,36000.0,Gasoline,Transmission w/Dual Shift Mode
Porsche,911 Carrera C2S,2005,21,28500.0,63500.0,Gasoline,6-Speed M/T
Mercedes-Benz,AMG GLA 45 Base 4MATIC,2018,8,51700.0,32000.0,Gasoline,Transmission w/Dual Shift Mode
Ford,Taurus X Limited,2008,18,148949.0,3900.0,Gasoline,A/T
BMW,440 Gran Coupe i,2018,8,39300.0,31750.0,Gasoline,8-Speed A/T
Honda,S2000 CR,2008,18,82323.0,28500.0,Gasoline,6-Speed M/T
Acura,Integra w/A-Spec Tech Package,2023,3,3574.0,34998.0,Gasoline,Variable
Ford,Excursion Limited,2001,25,109357.0,12749.0,Gasoline,A/T
Mercedes-Benz,SL-Class SL500 Roadster,2004,22,46000.0,18853.0,Gasoline,A/T
Mercedes-Benz,CLS-Class CLS 550,2007,19,123112.0,104999.0,Gasoline,A/T
INFINITI,G35 Sport,2007,19,37100.0,16900.0,Gasoline,6-Speed M/T
Volkswagen,Golf GTI 2.0T S 4-Door,2016,10,89000.0,14500.0,Gasoline,6-Speed M/T
Dodge,Challenger R/T Scat Pack,2022,4,1240.0,53900.0,Gasoline,8-Speed Automatic
Lincoln,Navigator L Reserve,2019,7,67073.0,47999.0,Gasoline,10-Speed A/T
Maserati,Ghibli S Q4,2015,11,28700.0,24900.0,Gasoline,8-Speed A/T
Tesla,Model X Base,2023,3,8200.0,93999.0,,A/T
Mercedes-Benz,AMG G 63 Base,2018,8,41000.0,108900.0,Gasoline,Transmission w/Dual Shift Mode
Ford,Expedition Limited,2018,8,98995.0,34998.0,Gasoline,Automatic
Volkswagen,Routan SE,2012,14,123815.0,5000.0,Gasoline,6-Speed A/T
Bugatti,Veyron 16.4 Grand Sport,2011,15,6330.0,1950995.0,Gasoline,7-Speed Automatic with Auto-Shift
Toyota,Highlander XLE,2020,6,61341.0,34084.0,Gasoline,8-Speed Automatic
Honda,Civic LX,2016,10,96473.0,15599.0,Gasoline,Automatic CVT
Jeep,Wrangler Unlimited Sahara,2017,9,66107.0,31331.0,Gasoline,5-Speed Automatic
Land,Rover Range Rover Supercharged,2008,18,114287.0,9900.0,Gasoline,6-Speed A/T
Acura,ILX 2.0L w/Premium Package,2015,11,75000.0,14500.0,Gasoline,5-Speed A/T
BMW,M6 Base,2016,10,45800.0,36800.0,Gasoline,7-Speed A/T
Polestar,2 Launch Edition,2021,5,12172.0,35999.0,,1-Speed Automatic
BMW,X6 sDrive35i,2016,10,70582.0,35000.0,Gasoline,8-Speed A/T
Porsche,Cayman S,2014,12,33088.0,49750.0,Gasoline,7-Speed A/T
Lincoln,Corsair Grand Touring,2021,5,1850.0,49000.0,Plug-In Hybrid,CVT Transmission
Cadillac,DTS Luxury II,2008,18,94155.0,10500.0,Gasoline,4-Speed A/T
Cadillac,ATS 3.6L Luxury,2016,10,25000.0,17999.0,Gasoline,8-Speed A/T
GMC,Sierra 1500 SLT,2016,10,99500.0,27995.0,Gasoline,8-Speed A/T
INFINITI,G37 x,2009,17,158564.0,8750.0,Gasoline,A/T
Ford,Transit-350 XLT,2023,3,20000.0,78499.0,Gasoline,10-Speed A/T
Cadillac,XTS Luxury,2018,8,46711.0,20850.0,Gasoline,6-Speed A/T
Nissan,NV Passenger NV3500 HD SL V8,2017,9,46496.0,41000.0,Gasoline,A/T
Mercedes-Benz,GLS 450 Base 4MATIC,2019,7,19800.0,53800.0,Gasoline,9-Speed A/T
Toyota,Land Cruiser Base,2008,18,175000.0,37900.0,Gasoline,6-Speed A/T
Toyota,Land Cruiser Base,2016,10,61500.0,63500.0,Gasoline,8-Speed A/T
RAM,ProMaster 2500 Window Van High Roof,2016,10,49750.0,65000.0,Gasoline,6-Speed A/T
Lamborghini,Gallardo Base,2007,19,38800.0,100000.0,Gasoline,Transmission w/Dual Shift Mode
Lincoln,MKZ Base,2011,15,83765.0,8995.0,Gasoline,A/T
Mercedes-Benz,EQS 450 4MATIC,2023,3,7388.0,105500.0,,1-Speed A/T
Lamborghini,Huracan Tecnica Coupe,2023,3,278.0,359991.0,Gasoline,Automatic
Alfa,Romeo Giulia Quadrifoglio,2022,4,1966.0,75900.0,Gasoline,8-Speed Automatic
Chevrolet,Trailblazer LT,2021,5,50648.0,23995.0,Gasoline,Automatic CVT
Toyota,Land Cruiser Base,1993,33,231500.0,29500.0,–,A/T
Lamborghini,Urus Base,2021,5,13692.0,257000.0,Gasoline,8-Speed A/T
INFINITI,G37 x,2013,13,60058.0,15000.0,Gasoline,A/T
Maserati,Levante S,2017,9,54423.0,33950.0,Gasoline,8-Speed A/T
Toyota,Highlander Limited,2022,4,24001.0,47498.0,Gasoline,8-Speed Automatic
Nissan,Armada SL,2022,4,14735.0,50998.0,Gasoline,Automatic
Audi,Q5 Premium,2023,3,2425.0,42998.0,Hybrid,Automatic
Ford,Shelby GT500 Base,2022,4,2050.0,94999.0,Gasoline,Transmission w/Dual Shift Mode
Lincoln,Navigator L Reserve,2019,7,64855.0,46995.0,Gasoline,10-Speed A/T
Mercedes-Benz,EQS 450+ Base,2022,4,16238.0,62479.0,,1-Speed A/T
RAM,1500 Laramie,2022,4,18051.0,47995.0,Gasoline,Automatic
Lincoln,Town Car Base,2004,22,36524.0,14900.0,Gasoline,4-Speed A/T
Acura,TLX w/A-Spec Package,2022,4,14896.0,39998.0,Gasoline,2
Toyota,Camry Hybrid LE,2022,4,14048.0,29999.0,Hybrid,Automatic CVT
Honda,CR-V EX,2003,23,224000.0,3900.0,Gasoline,M/T
Mercedes-Benz,E-Class E 550,2014,12,80581.0,26000.0,Gasoline,Transmission w/Dual Shift Mode
Mazda,MX-5 Miata Grand Touring,2007,19,81400.0,11000.0,Gasoline,6-Speed M/T
Porsche,718 Boxster Base,2019,7,6700.0,63000.0,Gasoline,7-Speed A/T
Ford,Transit-350 XLT,2015,11,143000.0,22500.0,Gasoline,6-Speed A/T
Kia,Sportage SX Turbo,2017,9,87842.0,18688.0,Gasoline,6-Speed Automatic
INFINITI,G37 S Sport,2010,16,116451.0,16500.0,Gasoline,6-Speed M/T
Nissan,Titan XD S,2019,7,53677.0,27900.0,Gasoline,7-Speed A/T
Audi,S7 2.9T Prestige,2021,5,12000.0,77500.0,Hybrid,8-Speed A/T
Land,Rover Discovery HSE,2019,7,20034.0,43998.0,Gasoline,Automatic
Ford,Transit-350 XLT,2020,6,32000.0,68000.0,Diesel,A/T
INFINITI,Q70 3.7,2014,12,70312.0,19995.0,Gasoline,7-Speed A/T
Jeep,Gladiator Rubicon,2022,4,8794.0,54000.0,Gasoline,A/T
Lincoln,MKX Base,2010,16,156000.0,5900.0,Gasoline,6-Speed A/T
Porsche,911 Carrera 4S,2020,6,25568.0,134999.0,Gasoline,7-Speed Manual
Mercedes-Benz,AMG C 43 Base 4MATIC,2018,8,67100.0,34250.0,Gasoline,Transmission w/Dual Shift Mode
Porsche,Cayman Base,2014,12,52000.0,37000.0,Gasoline,Transmission w/Dual Shift Mode
Acura,MDX 3.7L Advance,2011,15,137200.0,12000.0,Gasoline,Transmission w/Dual Shift Mode
Volkswagen,Golf R 4-Door w/DCC & Navigation,2018,8,36000.0,32000.0,Gasoline,7-Speed A/T
Kia,Forte GT-Line,2023,3,15500.0,24500.0,Gasoline,CVT Transmission
BMW,M8 Competition,2020,6,10906.0,96998.0,Gasoline,Automatic
Lincoln,MKC Select,2019,7,49814.0,26545.0,Gasoline,6-Speed Automatic
BMW,i8 Base,2015,11,846.0,86999.0,Plug-In Hybrid,A/T
Toyota,Highlander XLE,2021,5,67039.0,34645.0,Gasoline,8-Speed Automatic
Mazda,CX-30 Premium Package,2023,3,2636.0,28535.0,Gasoline,6-Speed Automatic
Porsche,Cayenne Platinum Edition,2018,8,50166.0,43550.0,Gasoline,8-Speed Automatic
Lincoln,MKZ Reserve,2017,9,37375.0,27500.0,Gasoline,6-Speed A/T
Tesla,Model 3 Standard Range Plus,2021,5,21600.0,31000.0,,A/T
Porsche,718 Cayman S,2019,7,9500.0,69000.0,Gasoline,7-Speed A/T
Chevrolet,Corvette Base,2005,21,143095.0,16000.0,Gasoline,4-Speed A/T
Acura,RSX Type S,2002,24,80000.0,8500.0,Gasoline,6-Speed M/T
Ferrari,Roma Base,2021,5,3000.0,275000.0,Gasoline,8-Speed A/T
Porsche,Cayman S,2007,19,5856.0,45000.0,Gasoline,6-Speed M/T
Rolls-Royce,Phantom Drophead Coupe Drophead,2013,13,2958.0,488880.0,Gasoline,8-Speed Automatic
Audi,SQ7 4.0T,2022,4,28927.0,74900.0,Gasoline,Automatic
Mercedes-Benz,AMG GLS 63 4MATIC,2022,4,4102.0,144664.0,Hybrid,9-Speed A/T
Honda,Ridgeline RTL-E,2021,5,14442.0,38500.0,Gasoline,9-Speed A/T
Mercedes-Benz,CLK-Class 500 Cabriolet,2005,21,64000.0,12995.0,Gasoline,7-Speed A/T
Lexus,GX 470 Base,2004,22,154000.0,10000.0,Gasoline,A/T
Lexus,NX 200t Base,2015,11,54000.0,27000.0,Gasoline,6-Speed A/T
Dodge,Dakota SLT Quad Cab,2007,19,232492.0,6000.0,Gasoline,4-Speed A/T
Maserati,Ghibli S Q4 GranSport,2020,6,25721.0,52645.0,Gasoline,8-Speed Automatic
Land,Rover Discovery Sport SE R-Dynamic,2020,6,20927.0,35998.0,Gasoline,Automatic
Aston,Martin DBX Base,2021,5,2353.0,159500.0,Gasoline,9-Speed Automatic
Audi,Q3 45 S line Premium,2022,4,9325.0,33610.0,Gasoline,8-Speed Automatic
Ford,Explorer XLT,2020,6,61001.0,28616.0,Gasoline,10-Speed Automatic
Mercedes-Benz,AMG GLC 63 Base 4MATIC,2018,8,71962.0,46900.0,Gasoline,9-Speed A/T
Subaru,BRZ Premium,2023,3,5800.0,29990.0,Gasoline,6-Speed M/T
BMW,640 i,2016,10,40080.0,28499.0,Gasoline,8-Speed A/T
Kia,Stinger GT2,2020,6,57000.0,36500.0,Gasoline,A/T
Chevrolet,Bolt EUV Premier,2022,4,7624.0,31985.0,,1-Speed Automatic
Subaru,Forester 2.5 XT,2004,22,122000.0,9999.0,Gasoline,5-Speed M/T
Kia,Sportage X-Pro,2023,3,459.0,36998.0,Gasoline,8-Speed Automatic
BMW,M4 Base,2016,10,62500.0,40500.0,Gasoline,7-Speed A/T
Hyundai,Equus Signature,2013,13,72000.0,17500.0,Gasoline,8-Speed A/T
Mercedes-Benz,AMG E 53 4MATIC,2020,6,8375.0,69900.0,Gasoline,"Automatic, 9-Spd 9G-Tronic"
BMW,M550 i xDrive,2020,6,40000.0,53000.0,Gasoline,Transmission w/Dual Shift Mode
Subaru,Impreza WRX STI,2014,12,77000.0,30000.0,Gasoline,6-Speed M/T
Mercedes-Benz,AMG G 63 Base,2019,7,19593.0,159998.0,Gasoline,Automatic
Mazda,Mazda6 Grand Touring,2020,6,35902.0,22966.0,Gasoline,6-Speed Automatic
Hyundai,Veloster Base,2013,13,800.0,9800.0,Gasoline,Transmission w/Dual Shift Mode
Bentley,Bentayga S,2023,3,2600.0,239995.0,Gasoline,8-Speed Automatic
Land,Rover Defender X-Dynamic SE,2023,3,6204.0,79998.0,Hybrid,Automatic
Kia,Telluride SX,2020,6,69185.0,37405.0,Gasoline,8-Speed Automatic
Maserati,GranTurismo Sport,2015,11,45000.0,41900.0,Gasoline,6-Speed A/T
BMW,540 i xDrive,2020,6,37426.0,39998.0,Gasoline,Automatic
INFINITI,M56 Base,2011,15,137000.0,8500.0,Gasoline,Transmission w/Dual Shift Mode
Mazda,Mazda3 s Grand Touring,2016,10,85000.0,18500.0,–,A/T
Chevrolet,Corvette Stingray w/1LT,2023,3,4000.0,73900.0,Gasoline,8-Speed A/T
Audi,Q5 S line Premium Plus,2023,3,4648.0,47598.0,Hybrid,Automatic
Lexus,GX 460 Base,2018,8,52100.0,38000.0,Gasoline,6-Speed A/T
BMW,X1 sDrive28i,2014,12,50100.0,10795.0,Gasoline,A/T
Alfa,Romeo Stelvio Ti,2020,6,41000.0,32400.0,Gasoline,8-Speed A/T
RAM,1500 Big Horn,2021,5,70968.0,34000.0,Gasoline,8-Speed A/T
BMW,M4 Base,2015,11,26600.0,53000.0,Gasoline,A/T
Tesla,Model X Long Range,2022,4,15443.0,84500.0,,1-Speed A/T
Volvo,S90 T5 Momentum,2018,8,95000.0,18000.0,Gasoline,8-Speed A/T
Subaru,Impreza WRX Sti,2005,21,94000.0,19500.0,Gasoline,6-Speed M/T
BMW,X6 xDrive40i,2020,6,45076.0,57998.0,Gasoline,Automatic
Cadillac,CTS 2.0L Turbo Luxury,2014,12,110000.0,11000.0,Gasoline,A/T
Land,Rover Discovery Sport HSE,2016,10,49083.0,21590.0,Gasoline,9-Speed Automatic
Genesis,G90 5.0 Ultimate,2017,9,63500.0,27500.0,Gasoline,Transmission w/Dual Shift Mode
Mercedes-Benz,CLK-Class CLK 350,2009,17,21500.0,18000.0,Gasoline,A/T
Land,Rover Range Rover Autobiography,2023,3,324.0,199998.0,Gasoline,Automatic
Kia,Optima EX,2019,7,68166.0,20818.0,Gasoline,Automatic
Toyota,Highlander SE,2018,8,53607.0,31853.0,Gasoline,8-Speed Automatic
Mercedes-Benz,Sprinter 4500 High Roof,2019,7,16813.0,45900.0,Diesel,Transmission w/Dual Shift Mode
BMW,X1 xDrive28i,2020,6,18200.0,29500.0,Gasoline,A/T
Audi,R8 5.2,2015,11,51000.0,102000.0,Gasoline,Transmission w/Dual Shift Mode
Audi,S3 2.0T Tech Premium Plus,2018,8,16400.0,42800.0,Gasoline,A/T
Toyota,Tundra Hybrid TRD Pro,2022,4,7000.0,75500.0,Hybrid,10-Speed A/T
Audi,SQ5 3.0T Premium Plus,2022,4,8497.0,52900.0,Gasoline,Automatic
Audi,A6 2.0T Premium Plus,2016,10,68000.0,20000.0,Gasoline,Transmission w/Dual Shift Mode
Lamborghini,Huracan EVO Base,2022,4,2523.0,288900.0,Gasoline,7-Speed Manual
BMW,328 xi,2007,19,83000.0,8995.0,Gasoline,6-Speed A/T
Audi,SQ5 3.0T Prestige,2018,8,25000.0,50000.0,Gasoline,8-Speed A/T
Cadillac,Escalade Sport Platinum,2021,5,15689.0,97952.0,Diesel,10-Speed Automatic
BMW,M235 i,2014,12,125450.0,17200.0,Gasoline,6-Speed M/T
Kia,Telluride SX,2023,3,9822.0,50998.0,Gasoline,8-Speed Automatic
Chevrolet,Express 3500 Base,2008,18,144000.0,22000.0,Gasoline,A/T
GMC,Acadia SLE,2020,6,30900.0,27654.0,Gasoline,9-Speed Automatic
BMW,X3 xDrive30i,2021,5,2492.0,41598.0,Gasoline,Automatic
Audi,TT 2.0T,2015,11,126760.0,14000.0,Gasoline,A/T
Subaru,Outback 3.6R Touring,2017,9,100680.0,20500.0,Gasoline,A/T
Mitsubishi,Eclipse Spyder GS,2001,25,90400.0,4495.0,Gasoline,A/T
Hyundai,Santa Fe SEL,2022,4,26895.0,29800.0,Gasoline,8-Speed Automatic
BMW,M5 Base,2018,8,20500.0,67000.0,Gasoline,8-Speed A/T
Dodge,Ram 1500 ST,2011,15,134000.0,10500.0,Gasoline,A/T
Ford,Fusion Energi Titanium,2015,11,84352.0,10000.0,Plug-In Hybrid,CVT Transmission
Toyota,Tundra Hybrid TRD Pro,2022,4,19000.0,71000.0,Hybrid,10-Speed A/T
Land,Rover Range Rover Evoque Pure,2015,11,115550.0,17500.0,Gasoline,9-Speed A/T
Lincoln,Navigator Base,2009,17,191775.0,9750.0,E85 Flex Fuel,6-Speed A/T
Ford,Mustang Mach-E Select,2023,3,923.0,46998.0,,Automatic
Mercedes-Benz,Sprinter 3500 High Roof,2017,9,124630.0,75000.0,Diesel,5-Speed A/T
Mercedes-Benz,AMG E 63 S 4MATIC,2019,7,17000.0,95000.0,Gasoline,9-Speed A/T
BMW,440 i xDrive,2018,8,73500.0,32000.0,Gasoline,A/T
Acura,Integra LS,1998,28,120000.0,5500.0,Gasoline,4-Speed A/T
Audi,Q7 55 Prestige,2019,7,73837.0,36340.0,Gasoline,8-Speed Automatic
BMW,M6 Base,2014,12,29500.0,40999.0,Gasoline,Transmission w/Dual Shift Mode
Volkswagen,Arteon 2.0T SE,2021,5,13613.0,29798.0,Gasoline,Automatic
Lexus,LX 600 F SPORT,2023,3,1185.0,120990.0,Gasoline,10-Speed A/T
INFINITI,Q40 Base,2015,11,143250.0,11500.0,Gasoline,Transmission w/Dual Shift Mode
BMW,Z4 3.0i Roadster,2006,20,46508.0,11500.0,Gasoline,Transmission w/Dual Shift Mode
BMW,M6 Base,2015,11,18651.0,59549.0,Gasoline,Transmission w/Dual Shift Mode
BMW,X3 M40i,2019,7,36438.0,39998.0,Gasoline,Automatic
Kia,Sorento LX,2014,12,46628.0,15363.0,Gasoline,6-Speed Automatic
Rivian,R1S Adventure Package,2023,3,5700.0,95000.0,,1-Speed A/T
BMW,Z4 sDrive28i,2015,11,57550.0,29995.0,Gasoline,6-Speed M/T
Cadillac,CTS-V Base,2017,9,48600.0,60999.0,Gasoline,Transmission w/Dual Shift Mode
Ford,Transit Connect XL,2020,6,119000.0,18000.0,Gasoline,A/T
Land,Rover Range Rover Velar SVAutobiography Dynamic Edition,2020,6,36500.0,72000.0,Gasoline,Transmission w/Dual Shift Mode
Lexus,IS 250 Base,2010,16,121250.0,13250.0,Gasoline,6-Speed A/T
BMW,X7 xDrive40i,2023,3,2437.0,78350.0,Hybrid,Transmission w/Dual Shift Mode
Volvo,XC90 T6 Momentum,2018,8,110380.0,22000.0,Gasoline,A/T
Hyundai,Tucson Limited,2008,18,149000.0,3850.0,Gasoline,4-Speed A/T
Dodge,Durango GT,2021,5,14684.0,37995.0,Gasoline,8-Speed Automatic
Mercedes-Benz,AMG C 43 Base 4MATIC,2017,9,39000.0,39000.0,Gasoline,9-Speed A/T
GMC,Yukon XL SLT,2019,7,65212.0,42995.0,Gasoline,Automatic
Audi,RS Q8 4.0T,2020,6,41856.0,91500.0,Gasoline,Transmission w/Dual Shift Mode
Rivian,R1S Adventure Package,2023,3,655.0,94500.0,,1-Speed A/T
Toyota,RAV4 Hybrid XLE,2019,7,54000.0,33000.0,Hybrid,CVT Transmission
Alfa,Romeo Stelvio Quadrifoglio,2019,7,26500.0,53900.0,Gasoline,8-Speed A/T
Land,Rover Range Rover Evoque SE,2020,6,38356.0,36598.0,Gasoline,Automatic
Alfa,Romeo Stelvio Ti Sport,2020,6,21487.0,35345.0,Gasoline,8-Speed Automatic
Cadillac,Escalade EXT Base,2007,19,99000.0,22999.0,Gasoline,6-Speed A/T
Ford,F-250 Lariat,2019,7,35597.0,47756.0,E85 Flex Fuel,6-Speed Automatic
Nissan,350Z Enthusiast,2005,21,130307.0,9950.0,Gasoline,5-Speed A/T
Subaru,Legacy 2.5 i Premium,2010,16,178000.0,7600.0,Gasoline,A/T
Honda,Civic LX,2003,23,160265.0,3000.0,Gasoline,A/T
McLaren,570S Spider,2020,6,8700.0,185000.0,Gasoline,Transmission w/Dual Shift Mode
Maserati,Ghibli S Q4,2016,10,1000.0,36000.0,Gasoline,Transmission w/Dual Shift Mode
Jeep,Wagoneer Series II 4x4,2022,4,29800.0,58900.0,Gasoline,"Automatic, 8-Spd"
Maserati,Ghibli S Q4,2017,9,49750.0,27995.0,Gasoline,Transmission w/Dual Shift Mode
Lexus,RX 300 Base,2002,24,121000.0,6348.0,Gasoline,A/T
Lincoln,Aviator Luxury,2005,21,140000.0,2000.0,Gasoline,A/T
Ford,Transit Connect XL,2018,8,66770.0,21500.0,E85 Flex Fuel,6-Speed A/T
Cadillac,SRX Luxury Collection,2016,10,61549.0,19998.0,Gasoline,Automatic
Lincoln,MKS EcoBoost,2016,10,38100.0,21000.0,Gasoline,A/T
Toyota,Yaris Base,2010,16,138071.0,5000.0,Gasoline,5-Speed M/T
Mercedes-Benz,AMG E 63 S 4MATIC,2019,7,40000.0,72000.0,Gasoline,Transmission w/Dual Shift Mode
Mercedes-Benz,GLS 450 Base,2022,4,41545.0,71998.0,Hybrid,Automatic
Mercedes-Benz,G-Class G 550 4MATIC,2019,7,47850.0,127899.0,Gasoline,A/T
Hyundai,Veloster Turbo R-Spec,2014,12,128000.0,11000.0,Gasoline,6-Speed M/T
Toyota,4Runner Limited,2019,7,48156.0,40368.0,Gasoline,5-Speed Automatic
Mercedes-Benz,S-Class S 580 4MATIC,2021,5,4700.0,99900.0,Hybrid,9-Speed A/T
Audi,RS 7 4.0T Performance Prestige,2017,9,39071.0,67900.0,Gasoline,8-Speed Automatic
Mazda,MX-5 Miata Base,1999,27,96680.0,12900.0,Gasoline,5-Speed M/T
Mercedes-Benz,AMG C 43 Base,2017,9,53500.0,33999.0,Gasoline,9-Speed A/T
Chevrolet,Corvette Z06,2007,19,11025.0,47500.0,Gasoline,6-Speed M/T
Ford,F-250 King Ranch,2021,5,44000.0,73000.0,Diesel,10-Speed A/T
Volkswagen,Tiguan 2.0T SE,2022,4,11000.0,27900.0,Gasoline,A/T
BMW,750 Li xDrive,2012,14,103000.0,16000.0,Gasoline,6-Speed A/T
BMW,M3 CS,2024,2,456.0,128995.0,Gasoline,Transmission w/Dual Shift Mode
Lexus,GX 460 Base,2018,8,64000.0,37300.0,Gasoline,6-Speed A/T
Audi,Q7 3.0T Premium,2017,9,108000.0,25999.0,Gasoline,8-Speed A/T
Alfa,Romeo Stelvio Ti Sport,2018,8,37045.0,26600.0,Gasoline,Transmission w/Dual Shift Mode
Land,Rover Defender X,2023,3,5433.0,95998.0,Hybrid,Automatic
BMW,750 i xDrive,2019,7,28744.0,50998.0,Gasoline,Automatic
BMW,M3 Base,2015,11,65800.0,44950.0,Gasoline,Transmission w/Dual Shift Mode
Rolls-Royce,Ghost Base,2021,5,850.0,314900.0,Gasoline,A/T
Audi,e-tron Prestige,2019,7,33012.0,38000.0,,1-Speed A/T
Lexus,IS 250 Base,2011,15,107818.0,11400.0,Gasoline,6-Speed A/T
Land,Rover Range Rover Evoque SE Premium,2016,10,79500.0,19000.0,Gasoline,9-Speed A/T
Ferrari,California T,2015,11,20000.0,124990.0,Gasoline,7-Speed A/T
Lexus,LC 500 Base,2018,8,37000.0,63997.0,Gasoline,10-Speed A/T
Kia,EV6 Wind,2022,4,11945.0,38998.0,,Automatic
GMC,Sierra 1500 SLE Crew Cab,2005,21,131800.0,5800.0,Gasoline,4-Speed A/T
Lexus,ES 350 Base,2008,18,146000.0,8995.0,Gasoline,A/T
Nissan,370Z NISMO,2010,16,29000.0,29000.0,Gasoline,M/T
Dodge,Ram 1500 Laramie,2004,22,141209.0,5700.0,Gasoline,A/T
Ford,Expedition Limited,2016,10,85253.0,19995.0,Gasoline,A/T
INFINITI,QX70 Base,2015,11,87009.0,17800.0,Gasoline,A/T
BMW,X5 M Base,2023,3,4348.0,105900.0,Gasoline,8-Speed Automatic
Lincoln,Navigator Select,2016,10,158000.0,19780.0,Gasoline,Transmission w/Dual Shift Mode
Volvo,V60 Cross Country T5,2020,6,10500.0,36000.0,Gasoline,8-Speed A/T
Audi,A7 3.0T Premium Plus,2018,8,45843.0,37000.0,Gasoline,A/T
Ford,Bronco Sport Outer Banks,2021,5,15198.0,31621.0,Gasoline,8-Speed Automatic
Volkswagen,Eurovan MV,2001,25,220000.0,5500.0,Gasoline,A/T
Jaguar,F-TYPE R,2017,9,58000.0,51500.0,Gasoline,A/T
Land,Rover Range Rover Evoque R-Dynamic HSE,2020,6,30424.0,44998.0,Hybrid,Automatic
RAM,1500 Laramie,2021,5,38012.0,45277.0,Gasoline,8-Speed Automatic
Rivian,R1S Adventure Package,2023,3,2500.0,91000.0,,A/T
BMW,M760 i xDrive,2021,5,11078.0,91900.0,Gasoline,"Automatic, 8-Spd Sport w/Sport & Manual Modes"
Lexus,LX 570 Three-Row,2018,8,50000.0,65000.0,Gasoline,A/T
Land,Rover Range Rover Velar P250 SE R-Dynamic,2019,7,58000.0,38000.0,Gasoline,A/T
Acura,MDX w/Technology Package,2023,3,3415.0,54998.0,Gasoline,F
Lexus,LC 500 Base,2018,8,61000.0,65000.0,Gasoline,Transmission w/Dual Shift Mode
Audi,SQ5 3.0T Prestige,2019,7,48500.0,43500.0,Gasoline,Transmission w/Dual Shift Mode
Land,Rover Range Rover Velar P250 SE R-Dynamic,2018,8,65680.0,34900.0,Gasoline,A/T
RAM,1500 Limited,2020,6,44362.0,50658.0,Gasoline,8-Speed Automatic
Audi,S4 3.0T Premium,2019,7,18603.0,42900.0,Gasoline,8-Speed Automatic
Audi,A8 4.0,2020,6,35999.0,59598.0,Hybrid,Automatic
Cadillac,Escalade ESV Sport,2021,5,8044.0,93000.0,Gasoline,Transmission w/Dual Shift Mode
Mercedes-Benz,AMG GT AMG GT S,2016,10,9738.0,85500.0,Gasoline,7-Speed A/T
BMW,M3 Base,2009,17,112000.0,28000.0,Gasoline,Transmission w/Dual Shift Mode
Honda,Accord EX-L,2009,17,167300.0,6250.0,Gasoline,5-Speed A/T
Rolls-Royce,Cullinan,2022,4,115.0,449995.0,Gasoline,8-Speed Automatic
Cadillac,Escalade Premium,2015,11,71000.0,35999.0,Gasoline,6-Speed A/T
Acura,RDX Technology Package,2020,6,31015.0,36570.0,Gasoline,10-Speed Automatic
BMW,X2 xDrive28i,2022,4,33000.0,29999.0,Gasoline,Transmission w/Dual Shift Mode
Chrysler,Pacifica Touring,2017,9,63000.0,20000.0,–,9-Speed A/T
Buick,Verano Convenience,2013,13,68325.0,11995.0,E85 Flex Fuel,Transmission w/Dual Shift Mode
Mercedes-Benz,AMG S 63 Base 4MATIC,2020,6,20937.0,104900.0,Gasoline,9-Speed Automatic
RAM,2500 Tradesman,2021,5,34365.0,48000.0,Gasoline,8-Speed A/T
Mercedes-Benz,Metris Base,2018,8,32000.0,44900.0,Gasoline,Transmission w/Dual Shift Mode
Land,Rover Range Rover Evoque S,2020,6,40237.0,36998.0,Gasoline,Automatic
Volvo,XC90 T6 Inscription,2020,6,22500.0,50000.0,Gasoline,A/T
Ford,Expedition King Ranch,2020,6,58700.0,48999.0,Gasoline,10-Speed A/T
Toyota,Highlander Hybrid Limited,2006,20,264893.0,5000.0,Hybrid,A/T
Toyota,Tundra SR5 Access Cab,2005,21,209500.0,8500.0,Gasoline,5-Speed A/T
Ford,Transit-350 Base,2023,3,195.0,87500.0,Gasoline,10-Speed A/T
Chevrolet,Express 3500 LT,2016,10,120000.0,19500.0,Diesel,6-Speed A/T
Chevrolet,Bolt EUV Premier,2022,4,14676.0,33000.0,,A/T
Jeep,Wrangler Unlimited 4xe Sahara,2021,5,33704.0,42998.0,Hybrid,8-Speed Automatic
BMW,X7 xDrive40i,2023,3,2950.0,87000.0,Hybrid,8-Speed A/T
Mercedes-Benz,AMG GT 53 Base,2021,5,17994.0,87500.0,Gasoline,9-Speed Automatic
Toyota,Tundra Limited,2020,6,44101.0,45423.0,Gasoline,6-Speed Automatic
BMW,X1 xDrive28i,2021,5,25918.0,32000.0,Gasoline,Transmission w/Dual Shift Mode
BMW,135 i,2008,18,87000.0,15300.0,Gasoline,A/T
Mazda,Mazda3 Touring,2018,8,28333.0,20500.0,Gasoline,Transmission w/Dual Shift Mode
Audi,A7 3.0T Premium Plus,2018,8,29294.0,39999.0,Gasoline,A/T
Saturn,Sky Red Line,2008,18,37000.0,14995.0,Gasoline,A/T
BMW,Z4 2.5i Roadster,2005,21,138000.0,9950.0,Gasoline,5-Speed A/T
Volvo,XC90 Hybrid T8 Inscription,2020,6,44487.0,65000.0,Plug-In Hybrid,8-Speed A/T
Acura,TLX A-Spec,2021,5,16878.0,38781.0,Gasoline,10-Speed Automatic
Acura,MDX w/Technology Package,2022,4,30177.0,46598.0,Gasoline,2
Chevrolet,Tahoe High Country,2021,5,53000.0,67100.0,Gasoline,10-Speed A/T
Tesla,Model Y Long Range,2021,5,61308.0,42000.0,,A/T
Mercedes-Benz,GLK-Class GLK 350,2013,13,99200.0,11495.0,Gasoline,A/T
Chevrolet,Traverse LS,2022,4,32117.0,33299.0,Gasoline,Automatic
BMW,550 Gran Turismo i,2013,13,79341.0,16800.0,Gasoline,A/T
Land,Rover Range Rover Sport HSE,2007,19,220000.0,5750.0,Gasoline,A/T
BMW,430 i xDrive,2021,5,16900.0,43000.0,Gasoline,8-Speed A/T
Porsche,Cayman Base,2007,19,75137.0,24999.0,Gasoline,M/T
Ford,Expedition Max King Ranch,2021,5,37594.0,62595.0,Gasoline,10-Speed Automatic
Rivian,R1S Adventure Package,2023,3,250.0,94000.0,,A/T
Mercedes-Benz,GLC 300 GLC 300,2021,5,12771.0,42598.0,Gasoline,Automatic
Ford,Mustang Shelby GT500,2012,14,6400.0,48000.0,Gasoline,6-Speed M/T
Tesla,Model Y Long Range,2021,5,69548.0,36300.0,,1-Speed A/T
Nissan,370Z Base,2009,17,79893.0,15900.0,Gasoline,7-Speed A/T
Toyota,Sequoia Platinum,2014,12,124838.0,33000.0,Gasoline,A/T
Nissan,NV Passenger NV3500 HD SL V8,2020,6,14353.0,63900.0,Gasoline,A/T
Ford,Transit Connect XL w/Rear Symmetrical Doors,2022,4,22985.0,33500.0,Gasoline,A/T
INFINITI,QX80 Base,2014,12,161894.0,18900.0,Gasoline,7-Speed A/T
Aston,Martin V8 Vantage Base,2008,18,25025.0,39000.0,Gasoline,6-Speed A/T
Porsche,911 Carrera S,2017,9,16701.0,107998.0,Gasoline,–
Lotus,Evora 400 Base,2017,9,19650.0,69250.0,Gasoline,6-Speed M/T
Land,Rover Range Rover Velar P250 S R-Dynamic,2020,6,29500.0,45000.0,Gasoline,A/T
Nissan,Xterra S,2007,19,132272.0,6700.0,Gasoline,M/T
Dodge,Charger R/T,2012,14,122000.0,13500.0,Gasoline,5-Speed A/T
Buick,Encore GX Essence,2022,4,18185.0,31755.0,Gasoline,Automatic CVT
Nissan,Leaf S,2018,8,56450.0,13999.0,,A/T
Nissan,Leaf SL,2012,14,102000.0,4200.0,,1-Speed A/T
Jeep,Grand Wagoneer Series III,2022,4,18428.0,83998.0,Gasoline,Automatic
Nissan,Z Proto Spec,2023,3,535.0,65990.0,Gasoline,6-Speed M/T
Land,Rover Range Rover Sport HSE,2013,13,81648.0,15900.0,Gasoline,"Auto, 6-Spd w/CmdShft"
Porsche,Boxster S,2003,23,138202.0,22550.0,Gasoline,6-Speed Manual
Bentley,Continental GT Base,2004,22,69600.0,37900.0,Gasoline,A/T
Jaguar,F-TYPE R,2018,8,39900.0,53600.0,Gasoline,8-Speed A/T
Cadillac,Escalade ESV Sport,2021,5,36500.0,85000.0,Gasoline,Transmission w/Dual Shift Mode
Audi,TT 2.0T,2018,8,42650.0,31990.0,Gasoline,Transmission w/Dual Shift Mode
Jeep,Wrangler Unlimited Sahara,2020,6,68816.0,35297.0,Gasoline,8-Speed Automatic
Audi,S6 4.0T,2016,10,91188.0,29995.0,Gasoline,7-Speed A/T
GMC,Sierra 2500 SLE,2015,11,116210.0,31900.0,E85 Flex Fuel,Transmission Overdrive Switch
Tesla,Model 3 Long Range,2022,4,3077.0,44998.0,,Automatic
Mazda,CX-90 Premium,2024,2,3880.0,52991.0,Gasoline,8-Speed Automatic
Ford,C-Max Energi SE,2017,9,67482.0,11499.0,Plug-In Hybrid,CVT Transmission
Cadillac,Escalade ESV Platinum,2018,8,67726.0,52000.0,Gasoline,10-Speed A/T
Audi,TT 3.2 Cabriolet quattro,2008,18,207000.0,10500.0,Gasoline,6-Speed M/T
Hyundai,Santa Fe SE,2021,5,35550.0,25987.0,Gasoline,8-Speed Automatic
Mercedes-Benz,AMG GLE AMG GLE 63 S-Model 4MATIC,2016,10,44000.0,46599.0,Gasoline,7-Speed A/T
Mercedes-Benz,SL-Class SL 550,2015,11,11249.0,54500.0,Gasoline,7-Speed A/T
Acura,MDX 3.5L Technology Package,2014,12,111650.0,17500.0,Gasoline,6-Speed A/T
RAM,2500 Laramie,2019,7,18526.0,67999.0,Diesel,6-Speed Automatic
Audi,A7 Premium,2012,14,103272.0,15500.0,Gasoline,8-Speed A/T
BMW,M2 Base,2023,3,1160.0,73600.0,Gasoline,6-Speed M/T
RAM,1500 Laramie,2019,7,107714.0,34918.0,Gasoline,8-Speed Automatic
Audi,Q5 2.0T Premium Plus,2013,13,111773.0,17000.0,Gasoline,8-Speed A/T
Cadillac,XTS Luxury,2019,7,54002.0,22500.0,Gasoline,A/T
Volkswagen,Jetta 1.4T SE,2016,10,87000.0,13000.0,Gasoline,Transmission w/Dual Shift Mode
Ford,Focus RS Base,2016,10,49700.0,31700.0,Gasoline,6-Speed M/T
Mercedes-Benz,AMG C 63 S,2017,9,34500.0,64600.0,Gasoline,7-Speed A/T
Ford,Bronco Sport Big Bend,2021,5,31729.0,29614.0,Gasoline,8-Speed Automatic
Jeep,Gladiator Overland,2021,5,7388.0,43663.0,Gasoline,8-Speed Automatic
BMW,330e iPerformance,2017,9,41550.0,20995.0,Plug-In Hybrid,Transmission w/Dual Shift Mode
Mercedes-Benz,GLC 300 Base 4MATIC,2018,8,44486.0,25625.0,Gasoline,9-Speed Automatic
Acura,MDX 3.7L Advance,2013,13,20750.0,33000.0,Gasoline,6-Speed A/T
Genesis,G70 3.3T,2022,4,12000.0,41000.0,Gasoline,8-Speed A/T
Lexus,LX 570 Three-Row,2021,5,14206.0,98000.0,Gasoline,A/T
Jeep,Grand Cherokee L Limited,2022,4,31700.0,43500.0,Gasoline,A/T
Hyundai,IONIQ Plug-In Hybrid SEL,2022,4,13044.0,24999.0,Plug-In Hybrid,A/T
Kia,Sportage LX,2009,17,100730.0,6975.0,Gasoline,A/T
BMW,X5 PHEV xDrive45e,2023,3,5338.0,76500.0,Plug-In Hybrid,8-Speed A/T
Ford,Expedition EL XLT,2014,12,85149.0,23598.0,Gasoline,Automatic
BMW,X6 M Base,2018,8,48291.0,67250.0,Gasoline,Transmission w/Dual Shift Mode
Volkswagen,Eurovan MV,2001,25,111887.0,14000.0,Gasoline,A/T
Rolls-Royce,Ghost Base,2010,16,79000.0,69000.0,Gasoline,8-Speed A/T
Lincoln,Navigator Reserve,2016,10,125000.0,26500.0,Gasoline,Transmission w/Dual Shift Mode
Mercedes-Benz,GLA 250 Base 4MATIC,2022,4,13777.0,39777.0,Gasoline,8-Speed A/T
RAM,1500 Big Horn,2022,4,14920.0,41741.0,Gasoline,Automatic
Jeep,Grand Cherokee L Summit,2022,4,14627.0,56740.0,Gasoline,Automatic
Volvo,S80 3.2,2010,16,90050.0,5800.0,Gasoline,A/T
Subaru,BRZ Premium,2014,12,45000.0,25000.0,Gasoline,6-Speed M/T
Chevrolet,Corvette Base,1998,28,7666.0,39500.0,Gasoline,4-Speed A/T
Hummer,H2 SUT,2006,20,89900.0,29994.0,Gasoline,4-Speed A/T
Audi,RS 7 4.0T,2021,5,14724.0,101998.0,Hybrid,Automatic
Ford,Edge Sport,2011,15,132000.0,10999.0,Gasoline,Transmission w/Dual Shift Mode
GMC,Terrain SLT,2010,16,32652.0,6500.0,Gasoline,6-Speed A/T
Land,Rover Range Rover 5.0L Supercharged Autobiography LWB,2018,8,36632.0,72567.0,Gasoline,8-Speed A/T
Jeep,Grand Cherokee WK Laredo X,2022,4,11164.0,37500.0,Gasoline,8-Speed A/T
BMW,M4 Base,2020,6,22655.0,63999.0,Gasoline,7-Speed A/T
Mercedes-Benz,AMG GT 63 S 4-Door,2019,7,9500.0,135000.0,Gasoline,Transmission w/Dual Shift Mode
Chevrolet,Camaro 1LT,2021,5,10300.0,29900.0,Gasoline,M/T
BMW,X6 M Base,2018,8,48000.0,54000.0,Gasoline,8-Speed A/T
Mercedes-Benz,CLK-Class 550,2007,19,138000.0,10000.0,Gasoline,7-Speed A/T
RAM,1500 TRX,2022,4,24058.0,81900.0,Gasoline,"Automatic, 8-Spd"
Audi,RS 7 4.0T Prestige,2016,10,31500.0,67000.0,Gasoline,8-Speed A/T
Porsche,Macan S,2020,6,19701.0,55998.0,Gasoline,Automatic
Genesis,GV70 3.5T Sport,2022,4,10200.0,50500.0,Gasoline,A/T
Aston,Martin V8 Vantage Base,2008,18,62378.0,33995.0,Gasoline,M/T
Nissan,350Z Touring,2006,20,84200.0,10200.0,Gasoline,6-Speed M/T
Toyota,Sequoia SR5,2013,13,138700.0,18800.0,E85 Flex Fuel,A/T
Chevrolet,Tahoe Premier,2021,5,41050.0,62900.0,Gasoline,10-Speed A/T
Jeep,Compass Limited,2020,6,39192.0,24590.0,Gasoline,9-Speed Automatic
BMW,430 430i,2022,4,7758.0,47998.0,Gasoline,Automatic
Ford,Bronco Sport Outer Banks,2021,5,31654.0,33410.0,Gasoline,8-Speed Automatic
Mercedes-Benz,AMG C 63 Base,2017,9,63000.0,42000.0,Gasoline,A/T
Volvo,S40 T5,2005,21,257700.0,3550.0,Gasoline,6-Speed M/T
Mercedes-Benz,GLE 350 Base 4MATIC,2017,9,57000.0,29500.0,Gasoline,7-Speed A/T
Chevrolet,Silverado 1500 1LT,2017,9,89000.0,29999.0,Gasoline,6-Speed A/T
Chevrolet,Tahoe LTZ,2015,11,134500.0,28000.0,Gasoline,A/T
Acura,MDX Technology,2022,4,15895.0,47950.0,Gasoline,10-Speed Automatic
Bentley,Bentayga Speed,2020,6,15109.0,162950.0,Gasoline,8-Speed Automatic
Rolls-Royce,Cullinan,2022,4,398.0,695000.0,Gasoline,8-Speed Automatic
Genesis,GV70 2.5T,2022,4,20319.0,44249.0,Gasoline,Transmission w/Dual Shift Mode
Pontiac,Firebird Base,1999,27,158000.0,2500.0,Gasoline,4-Speed A/T
Lexus,GX 460 Base,2021,5,40906.0,51998.0,Gasoline,Automatic
BMW,ALPINA B7 ALPINA B7 xDrive,2020,6,33749.0,85998.0,Gasoline,Automatic
BMW,M4 Competition xDrive,2023,3,1120.0,92900.0,Gasoline,8-Speed A/T
Jeep,Grand Cherokee L Limited,2021,5,26088.0,38383.0,Gasoline,8-Speed Automatic
Kia,Forte GT-Line,2022,4,14950.0,24000.0,Gasoline,A/T
Kia,Forte LX,2018,8,47466.0,14699.0,Gasoline,Automatic
BMW,X6 M Base,2022,4,10376.0,98900.0,Gasoline,8-Speed Automatic
RAM,ProMaster 3500 High Roof,2021,5,18500.0,41950.0,Gasoline,A/T
Volkswagen,Atlas Cross Sport 3.6L V6 SEL Premium,2021,5,24596.0,38322.0,Gasoline,8-Speed Automatic
Hyundai,Santa Fe SEL,2021,5,2905.0,27599.0,Gasoline,8-Speed Automatic
Jaguar,XF 3.0 Portfolio,2015,11,71290.0,21000.0,Gasoline,A/T
Audi,A7 55 Premium Plus,2022,4,15000.0,63000.0,Hybrid,A/T
INFINITI,QX30 Premium,2017,9,37900.0,22000.0,Gasoline,7-Speed A/T
Mercedes-Benz,AMG G 63 4MATIC,2022,4,2000.0,244896.0,Gasoline,Transmission w/Dual Shift Mode
Mercedes-Benz,AMG C 43 AMG C 43 4MATIC,2019,7,32500.0,43500.0,Gasoline,9-Speed A/T
Mitsubishi,Lancer Evolution Base,2003,23,61491.0,28000.0,Gasoline,5-Speed M/T
Jeep,Wrangler Unlimited Sport,2013,13,77634.0,24590.0,Gasoline,5-Speed Automatic
Audi,A3 2.0 TDI Premium Plus,2015,11,83000.0,18999.0,Diesel,6-Speed A/T
Volkswagen,Jetta GLX VR6,2002,24,121800.0,4300.0,Gasoline,5-Speed M/T
BMW,ALPINA B7 ALPINA B7 xDrive,2020,6,65852.0,68998.0,Gasoline,Automatic
Bentley,Bentayga Azure First Edition,2023,3,1335.0,272950.0,Gasoline,8-Speed Automatic
Mercedes-Benz,CLA-Class CLA 250,2014,12,83315.0,15000.0,Gasoline,A/T
BMW,i8 Base,2019,7,18421.0,85000.0,Plug-In Hybrid,6-Speed A/T
Lexus,CT 200h Premium,2015,11,101000.0,16500.0,Hybrid,A/T
Toyota,Tundra SR5,2022,4,29322.0,44999.0,Gasoline,10-Speed Automatic
Mercedes-Benz,SLC 300 Base,2019,7,23900.0,35999.0,Gasoline,9-Speed A/T
Mercedes-Benz,AMG C AMG C 63 S,2016,10,40515.0,47999.0,Gasoline,7-Speed Automatic
Ford,F-150 XLT,2020,6,67516.0,36994.0,Gasoline,Automatic
Mazda,CX-9 Grand Touring,2010,16,155000.0,8300.0,Gasoline,6-Speed A/T
Honda,Ridgeline RTL-E,2019,7,26998.0,35557.0,Gasoline,6-Speed Automatic
Bentley,Bentayga Onyx Edition,2018,8,18500.0,115000.0,Gasoline,8-Speed A/T
MINI,Cooper S Clubman Base,2009,17,137600.0,6880.0,Gasoline,6-Speed M/T
Nissan,Murano SL,2005,21,125500.0,3950.0,Gasoline,CVT Transmission
Bentley,Bentayga V8,2019,7,22039.0,113990.0,Gasoline,8-Speed A/T
Nissan,Juke SV,2011,15,137483.0,3200.0,Gasoline,CVT Transmission
Ford,Expedition Max Limited,2019,7,67500.0,40500.0,Gasoline,10-Speed A/T
Ford,Expedition Max King Ranch,2020,6,52000.0,53722.0,Gasoline,10-Speed A/T
Lamborghini,Murcielago Base,2006,20,10000.0,259000.0,Gasoline,A/T
Chevrolet,Suburban LT,2017,9,195361.0,26000.0,Gasoline,Transmission Overdrive Switch
Bentley,Bentayga Onyx Edition,2018,8,32500.0,103000.0,Gasoline,A/T
BMW,M760 i xDrive,2019,7,14806.0,81330.0,Gasoline,Transmission w/Dual Shift Mode
Genesis,GV70 2.5T,2022,4,11000.0,48950.0,Gasoline,A/T
Chevrolet,Tahoe LT,2011,15,92530.0,18500.0,E85 Flex Fuel,A/T
Dodge,Durango GT,2017,9,34845.0,30000.0,Gasoline,A/T
Porsche,718 Cayman GTS,2018,8,16280.0,85500.0,Gasoline,Transmission w/Dual Shift Mode
Porsche,Cayman Base,2011,15,77000.0,32000.0,Gasoline,A/T
Porsche,Panamera Turbo,2010,16,63000.0,38500.0,Gasoline,7-Speed A/T
Lexus,ES 350 Base,2016,10,39700.0,25500.0,Gasoline,6-Speed A/T
Kia,Optima Hybrid LX,2013,13,103111.0,9200.0,Hybrid,A/T
Land,Rover Range Rover Velar R-Dynamic SE,2019,7,75897.0,35998.0,Gasoline,Automatic
Jaguar,XF S,2017,9,55000.0,34000.0,Gasoline,Transmission w/Dual Shift Mode
Lexus,GX 470 Base,2005,21,114000.0,13450.0,Gasoline,A/T
Mercedes-Benz,GL-Class GL 550,2011,15,80124.0,17500.0,Gasoline,7-Speed A/T
BMW,X6 M Base,2023,3,7000.0,144900.0,Gasoline,Transmission w/Dual Shift Mode
RAM,1500 Longhorn,2023,3,4285.0,65688.0,Gasoline,Automatic
Lamborghini,Huracan LP580-2S,2019,7,17175.0,234900.0,Gasoline,7-Speed Automatic with Auto-Shift
Toyota,Highlander Hybrid Limited Platinum,2017,9,34049.0,37999.0,Hybrid,Automatic CVT
Audi,e-tron Prestige,2019,7,16000.0,39990.0,,A/T
GMC,Suburban 2500,1996,30,95000.0,25000.0,Gasoline,4-Speed A/T
Land,Rover Range Rover Velar SVAutobiography Dynamic Edition,2020,6,59355.0,72995.0,Gasoline,Automatic
Chevrolet,Bolt EUV Premier,2022,4,31000.0,36000.0,,1-Speed A/T
BMW,M240 i,2019,7,19300.0,36000.0,Gasoline,8-Speed A/T
Cadillac,Escalade EXT Base,2009,17,155000.0,16900.0,E85 Flex Fuel,6-Speed A/T
Scion,tC Release Series 6.0,2010,16,120010.0,6500.0,Gasoline,4-Speed A/T
Kia,Optima EX,2012,14,152520.0,10900.0,Gasoline,6-Speed A/T
Honda,Civic EX,1993,33,58981.0,9599.0,–,A/T
Maserati,Quattroporte Base,2005,21,32000.0,2954083.0,Gasoline,Transmission w/Dual Shift Mode
Porsche,Panamera Turbo,2015,11,47000.0,50000.0,Gasoline,Transmission w/Dual Shift Mode
Genesis,G70 2.0T,2023,3,2046.0,43499.0,Gasoline,8-Speed A/T
Chevrolet,Trailblazer LS,2021,5,24965.0,22995.0,Gasoline,Automatic CVT
Toyota,Camry LE,2005,21,108000.0,7850.0,Gasoline,5-Speed A/T
Toyota,Sienna LE,2015,11,76000.0,18300.0,Gasoline,A/T
Porsche,911 Carrera S,2014,12,30000.0,78500.0,Gasoline,7-Speed A/T
Volvo,V60 T6 R-Design Platinum,2015,11,59271.0,29900.0,Gasoline,6-Speed A/T
Lexus,LX 600 Premium,2023,3,1500.0,119500.0,Gasoline,10-Speed A/T
BMW,330e iPerformance,2017,9,52500.0,24950.0,Plug-In Hybrid,Transmission w/Dual Shift Mode
Tesla,Model Y Long Range,2020,6,23100.0,36495.0,,A/T
FIAT,124 Spider Abarth,2017,9,45000.0,22500.0,Gasoline,6-Speed M/T
Dodge,Ram 1500 Quad Cab,2002,24,179000.0,6500.0,Gasoline,A/T
Toyota,Supra A91-MT Edition,2023,3,1500.0,84900.0,Gasoline,6-Speed M/T
BMW,X7 xDrive40i,2022,4,38671.0,66998.0,Hybrid,Automatic
Jeep,Wrangler Unlimited X,2007,19,135465.0,15750.0,Gasoline,A/T
MINI,Countryman Cooper S ALL4,2014,12,79000.0,17000.0,Gasoline,Transmission w/Dual Shift Mode
Nissan,Maxima SV,2012,14,42259.0,17000.0,Gasoline,CVT Transmission
Toyota,Camry Solara SLE V6,2006,20,159890.0,6500.0,Gasoline,A/T
Maserati,Grecale Modena,2023,3,2200.0,75000.0,Hybrid,Transmission w/Dual Shift Mode
Lexus,RX 450h Base,2022,4,15833.0,52000.0,Hybrid,CVT Transmission
BMW,328 i xDrive,2013,13,96000.0,13500.0,Gasoline,Transmission w/Dual Shift Mode
BMW,135 i,2009,17,72900.0,15500.0,Gasoline,6-Speed A/T
BMW,X7 M50i,2021,5,7121.0,94998.0,Gasoline,Automatic
Hyundai,Tucson Hybrid SEL Convenience,2023,3,3402.0,44000.0,Hybrid,A/T
Volvo,C30 T5 Premier Plus,2013,13,73000.0,13900.0,Gasoline,A/T
Karma,Revero Base,2018,8,21000.0,51000.0,,A/T
BMW,X7 xDrive40i,2021,5,30309.0,63598.0,Hybrid,Automatic
Ford,Mustang Mach-E California Route 1,2021,5,24000.0,38000.0,,1-Speed A/T
BMW,740 i,2016,10,73000.0,23999.0,Gasoline,Transmission w/Dual Shift Mode
Ford,Edge SEL,2019,7,26465.0,24998.0,Gasoline,8-Speed Automatic
Volkswagen,Arteon 2.0T SEL Premium R-Line,2020,6,26870.0,34645.0,Gasoline,8-Speed Automatic
Honda,Pilot EX,2004,22,184000.0,10500.0,Gasoline,A/T
BMW,X7 ALPINA XB7,2022,4,4514.0,132998.0,Gasoline,Automatic
RAM,2500 Tradesman,2022,4,1300.0,48000.0,Gasoline,8-Speed A/T
Jeep,Grand Cherokee Limited,2018,8,49924.0,26500.0,Gasoline,8-Speed A/T
GMC,Yukon Denali,2019,7,36526.0,57850.0,Gasoline,10-Speed A/T
BMW,M6 Base,2015,11,37000.0,45950.0,Gasoline,Transmission w/Dual Shift Mode
Acura,MDX 3.5L w/Advance & Entertainment Pkgs,2017,9,79884.0,24840.0,Gasoline,9-Speed Automatic
Volkswagen,Beetle 1.8T,2016,10,30000.0,19000.0,Gasoline,Transmission w/Dual Shift Mode
BMW,X6 M Base,2021,5,11102.0,101000.0,Gasoline,8-Speed A/T
Ford,Mustang GT Premium,2012,14,105500.0,19000.0,Gasoline,6-Speed M/T
BMW,X7 xDrive50i,2019,7,31157.0,65998.0,Gasoline,Automatic
Kia,Sorento LX V6,2019,7,86204.0,20708.0,Gasoline,8-Speed Automatic
BMW,435 i,2014,12,80211.0,17995.0,Gasoline,A/T
Aston,Martin V8 Vantage Base,2010,16,25991.0,69995.0,Gasoline,6-Speed A/T
Mercedes-Benz,CLK-Class CLK 350,2008,18,73000.0,8400.0,Gasoline,7-Speed A/T
BMW,740 i,2018,8,40989.0,35000.0,Gasoline,8-Speed A/T
Dodge,Caliber Express,2010,16,102681.0,6000.0,Gasoline,M/T
Acura,ZDX Base,2010,16,123000.0,13888.0,Gasoline,Transmission w/Dual Shift Mode
Jeep,Wrangler X,2005,21,160900.0,7200.0,Gasoline,4-Speed A/T
BMW,M3 Base,2011,15,105000.0,21900.0,Gasoline,6-Speed M/T
Kia,Sportage Plug-In Hybrid X-Line,2023,3,1340.0,41000.0,Plug-In Hybrid,A/T
Ford,Mustang Mach-E Premium,2021,5,17850.0,41999.0,,A/T
BMW,M3 Base,2011,15,72277.0,34950.0,Gasoline,Transmission w/Dual Shift Mode
Jeep,Wrangler Rubicon,2023,3,7000.0,46000.0,Hybrid,8-Speed A/T
Porsche,Panamera 4 Platinum Edition,2022,4,10627.0,99000.0,Gasoline,"Automatic, 8-Spd PDK Dual-Clutch"
Ford,Explorer XLT,2020,6,67015.0,28590.0,Gasoline,10-Speed Automatic
BMW,M4 Base,2018,8,19600.0,62000.0,Gasoline,7-Speed A/T
Ford,Mustang Mach-E Premium,2022,4,5800.0,42500.0,,1-Speed A/T
FIAT,500e Battery Electric,2017,9,33812.0,14999.0,,1-Speed A/T
Cadillac,Escalade Luxury,2015,11,99897.0,26950.0,Gasoline,8-Speed A/T
Mercedes-Benz,SL-Class SL 550,2014,12,127500.0,29000.0,Gasoline,Transmission w/Dual Shift Mode
Ford,Expedition Limited,2021,5,23842.0,59203.0,Gasoline,10-Speed Automatic
Rivian,R1S Adventure Package,2023,3,2108.0,91000.0,,1-Speed A/T
BMW,M6 Base,2014,12,65550.0,39985.0,Gasoline,Transmission w/Dual Shift Mode
Lamborghini,Huracan LP580-2,2017,9,22000.0,210000.0,Gasoline,Transmission w/Dual Shift Mode
Ford,Bronco Wildtrak Advanced,2022,4,15600.0,68995.0,Gasoline,Transmission w/Dual Shift Mode
Lexus,LC 500 Base,2021,5,22400.0,81900.0,Gasoline,A/T
Lexus,LS 460 Crafted Line,2015,11,89150.0,31900.0,Gasoline,A/T
BMW,M4 Base,2023,3,15000.0,81000.0,Gasoline,"Automatic, 8-Spd M STEPTRONIC w/Drivelogic, Sport & Manual Modes"
Audi,A3 2.0T Tech Premium,2018,8,49500.0,25000.0,Gasoline,6-Speed A/T
Audi,S8 4.2 quattro,2003,23,126000.0,13850.0,Gasoline,Transmission w/Dual Shift Mode
Volkswagen,Golf GTI 2.0T Autobahn 4-Door,2015,11,85385.0,15550.0,Gasoline,6-Speed M/T
Cadillac,Escalade Sport,2023,3,3000.0,123999.0,Diesel,A/T
Hyundai,Tucson SE,2018,8,66126.0,19190.0,Gasoline,6-Speed Automatic
Toyota,GR86 Premium,2023,3,1075.0,35000.0,Gasoline,6-Speed M/T
Ford,Bronco Raptor,2023,3,2489.0,98900.0,Gasoline,10-Speed Automatic
Hyundai,Santa Fe SEL,2021,5,25000.0,28500.0,Gasoline,8-Speed A/T
Nissan,Armada Platinum,2017,9,92000.0,20900.0,Gasoline,7-Speed A/T
Lexus,GX 470 Base,2008,18,123500.0,14500.0,Gasoline,A/T
Cadillac,CTS Premium,2013,13,105000.0,12000.0,Gasoline,6-Speed A/T
Audi,R8 Base,2008,18,49000.0,63000.0,Gasoline,6-Speed M/T
Jaguar,F-PACE S,2020,6,28357.0,47598.0,Gasoline,Automatic
Chevrolet,Silverado 1500 1LT,2018,8,81000.0,32000.0,E85 Flex Fuel,A/T
Ford,Expedition Limited,2021,5,45000.0,52000.0,Gasoline,Transmission w/Dual Shift Mode
Toyota,Sequoia Platinum,2011,15,173456.0,16000.0,E85 Flex Fuel,6-Speed A/T
BMW,M440 i,2021,5,13700.0,60000.0,Hybrid,8-Speed A/T
Audi,A8 L 55,2019,7,93400.0,42500.0,Hybrid,A/T
Toyota,Avalon XLE,2015,11,90000.0,18200.0,Gasoline,6-Speed A/T
Porsche,Macan Base,2017,9,40600.0,32000.0,Gasoline,7-Speed A/T
Lexus,IS 350 F Sport,2023,3,20121.0,47124.0,Gasoline,8-Speed A/T
Mercedes-Benz,Metris Base,2020,6,3921.0,175000.0,Gasoline,7-Speed Automatic
Lexus,RX 350 Base,2011,15,187450.0,10400.0,Gasoline,A/T
Toyota,Supra A91 Edition,2021,5,6400.0,68000.0,Gasoline,Transmission w/Dual Shift Mode
Mercedes-Benz,AMG C 43 Base 4MATIC,2017,9,54500.0,37995.0,Gasoline,9-Speed A/T
BMW,X6 xDrive50i,2017,9,78500.0,42000.0,Gasoline,8-Speed A/T
Chevrolet,Tahoe LT,2018,8,75000.0,36000.0,Gasoline,6-Speed A/T
Ford,F-150 SVT Raptor,2014,12,89988.0,42500.0,Gasoline,A/T
Subaru,Outback 3.0 R VDC Limited,2005,21,107000.0,7100.0,Gasoline,A/T
Alfa,Romeo Giulia Ti,2019,7,21400.0,28500.0,Gasoline,8-Speed A/T
Mazda,CX-7 Grand Touring,2007,19,83150.0,6950.0,Gasoline,6-Speed A/T
Ford,F-150 Platinum,2018,8,92000.0,36500.0,Diesel,10-Speed A/T
Mercedes-Benz,GLE 350 Base 4MATIC,2021,5,15042.0,54599.0,Gasoline,9-Speed Automatic
Audi,A7 3.0T Premium Plus,2017,9,39000.0,35000.0,Gasoline,Transmission w/Dual Shift Mode
RAM,2500 Laramie,2017,9,67483.0,46500.0,Gasoline,6-Speed A/T
Tesla,Model S 70D,2015,11,62089.0,29975.0,,A/T
Audi,S8 4.0T Plus,2017,9,54300.0,53500.0,Gasoline,8-Speed A/T
Hyundai,Sonata Hybrid Limited,2022,4,30565.0,29000.0,Hybrid,A/T
Audi,A8 L 4.0T,2016,10,142666.0,22000.0,Gasoline,8-Speed A/T
Ford,Ranger Sport SuperCab,2009,17,166200.0,6999.0,Gasoline,A/T
INFINITI,Q50 Hybrid Premium,2015,11,88977.0,19977.0,Hybrid,7-Speed A/T
BMW,M3 Base,2011,15,114890.0,20990.0,Gasoline,Transmission w/Dual Shift Mode
Mercedes-Benz,E-Class E 350 4MATIC,2009,17,171000.0,4750.0,Gasoline,5-Speed A/T
Ford,Explorer sport,2019,7,90067.0,28590.0,Gasoline,6-Speed Automatic
Chevrolet,Camaro 1LT,2014,12,97579.0,15000.0,Gasoline,Transmission w/Dual Shift Mode
Mazda,MX-5 Miata RF Grand Touring,2017,9,52000.0,20500.0,Gasoline,6-Speed M/T
Jeep,Grand Cherokee L Limited,2021,5,25968.0,38405.0,Gasoline,8-Speed Automatic
MINI,Hardtop Cooper S,2016,10,41680.0,17495.0,Gasoline,6-Speed A/T
Saab,9-3 SE,2002,24,77200.0,7500.0,Gasoline,5-Speed M/T
BMW,X5 xDrive40i,2019,7,50000.0,43000.0,Gasoline,8-Speed A/T
Porsche,Macan,2021,5,21613.0,58998.0,Gasoline,Automatic
Audi,Q3 S line Premium Plus,2022,4,17377.0,39998.0,Gasoline,Automatic
GMC,Acadia SLE,2020,6,30426.0,29645.0,Gasoline,9-Speed Automatic
Audi,allroad 2.7T,2005,21,153000.0,6500.0,Gasoline,M/T
Mercury,Marauder Base,2004,22,56600.0,23000.0,Gasoline,Transmission Overdrive Switch
Hyundai,Genesis 3.8,2015,11,116612.0,12700.0,Gasoline,8-Speed A/T
Audi,SQ5 3.0T Premium Plus,2018,8,72000.0,30000.0,Gasoline,A/T
Audi,A8 L 55,2019,7,39000.0,50000.0,Hybrid,8-Speed A/T
Lincoln,Navigator Base,2008,18,149000.0,10099.0,Gasoline,A/T
BMW,M4 Base,2018,8,19300.0,64000.0,Gasoline,6-Speed M/T
Mazda,CX-9 Carbon Edition,2021,5,27836.0,36969.0,Gasoline,6-Speed Automatic
Chevrolet,Corvette Stingray w/1LT,2023,3,3273.0,78999.0,Gasoline,Transmission w/Dual Shift Mode
Ford,F-150 Lariat,2017,9,74349.0,36000.0,Gasoline,10-Speed A/T
Ford,F-250 Lariat,2019,7,85000.0,55000.0,Diesel,6-Speed A/T
Ferrari,Roma Base,2022,4,2250.0,259500.0,Gasoline,8-Speed A/T
Mercedes-Benz,GLS 450 Base 4MATIC,2017,9,46100.0,33000.0,Gasoline,9-Speed A/T
Hyundai,Santa Fe SEL Plus 2.4,2019,7,49500.0,28000.0,Gasoline,8-Speed A/T
Mercedes-Benz,E-Class E 350,2012,14,31130.0,23500.0,Gasoline,7-Speed A/T
Ford,F-250 XLT SuperCab Super Duty,2008,18,149460.0,12240.0,Diesel,A/T
Mercury,Marauder Base,2003,23,90000.0,15500.0,Gasoline,4-Speed A/T
Ford,Transit-350 XLT,2021,5,48000.0,57000.0,E85 Flex Fuel,A/T
Mercedes-Benz,C-Class C 300 4MATIC Sport,2013,13,98000.0,15500.0,Gasoline,A/T
Volkswagen,Arteon SEL R-Line,2022,4,18655.0,38698.0,Gasoline,Automatic
Chevrolet,Suburban 2500 LS,2006,20,60000.0,24950.0,Gasoline,A/T
Chevrolet,Suburban 1500 LT,2014,12,169500.0,15000.0,E85 Flex Fuel,A/T
Mitsubishi,Eclipse GS,2008,18,189500.0,6000.0,Gasoline,5-Speed M/T
Toyota,Land Cruiser Base,2016,10,91000.0,68500.0,Gasoline,A/T
Genesis,G80 2.5T,2022,4,7396.0,41299.0,Gasoline,8-Speed Automatic
Toyota,Tundra SR5 Access Cab,2004,22,229450.0,8250.0,Gasoline,A/T
Maserati,Quattroporte Modena Q4,2023,3,8603.0,125900.0,Gasoline,8-Speed Automatic
Audi,RS 5 4.2,2014,12,49098.0,44900.0,Gasoline,Transmission w/Dual Shift Mode
Nissan,Rogue S,2022,4,21212.0,28906.0,Gasoline,Automatic CVT
Porsche,Panamera 4S,2010,16,62743.0,28600.0,Gasoline,Transmission w/Dual Shift Mode
BMW,M440 i xDrive,2021,5,24300.0,49999.0,Hybrid,8-Speed A/T
Cadillac,Escalade Premium,2010,16,104000.0,19500.0,E85 Flex Fuel,A/T
Volvo,S60 T6 Momentum,2020,6,46250.0,27800.0,Gasoline,8-Speed Automatic
Mazda,CX-9 Touring Plus,2023,3,1930.0,40655.0,Gasoline,6-Speed Automatic
Chrysler,Pacifica Hybrid Touring L,2022,4,61494.0,35850.0,Hybrid,Automatic CVT
Jeep,Wrangler Unlimited Sport,2020,6,24040.0,35273.0,Gasoline,8-Speed Automatic
Toyota,Highlander Base,2001,25,231581.0,4300.0,Gasoline,A/T
Ford,F-150 Lariat,2019,7,81000.0,38500.0,Gasoline,10-Speed A/T
Ford,Bronco,1974,52,6217.0,115000.0,–,–
Land,Rover Discovery Sport S R-Dynamic,2022,4,23568.0,44998.0,Gasoline,Automatic
Mazda,Mazda6 Touring,2020,6,78700.0,18000.0,Gasoline,A/T
Kia,Optima EX,2015,11,109580.0,11900.0,Gasoline,6-Speed A/T
Lexus,RX 350 Base,2009,17,178000.0,4500.0,Gasoline,A/T
Mitsubishi,Outlander Sport 2.4 SE,2016,10,131193.0,11970.0,Gasoline,Automatic CVT
Mercedes-Benz,GLS 450 Base 4MATIC,2017,9,106000.0,25900.0,Gasoline,9-Speed A/T
Audi,A3 2.0T Premium,2019,7,28211.0,27500.0,Gasoline,Transmission w/Dual Shift Mode
Audi,A4 2.0T Premium,2015,11,91403.0,14998.0,E85 Flex Fuel,8-Speed Automatic
Mercedes-Benz,CLA-Class CLA 250,2016,10,88600.0,16800.0,Gasoline,A/T
INFINITI,FX50 Base,2011,15,84900.0,22450.0,Gasoline,7-Speed A/T
Kia,K5 EX,2021,5,11154.0,28998.0,Gasoline,8-Speed Automatic
BMW,X5 eDrive xDrive40e,2018,8,45090.0,30750.0,Plug-In Hybrid,8-Speed A/T
Mercedes-Benz,SLK-Class SLK230 Kompressor,2003,23,33272.0,11900.0,Gasoline,A/T
Jeep,Wrangler SE,2003,23,71000.0,12499.0,Gasoline,5-Speed M/T
Kia,Telluride SX,2020,6,55400.0,36500.0,Gasoline,8-Speed A/T
Land,Rover LR4 Lux,2012,14,141525.0,14490.0,Gasoline,A/T
Jaguar,XKR Base,2007,19,50000.0,21900.0,Gasoline,Transmission w/Dual Shift Mode
BMW,M4 Base,2020,6,29140.0,71995.0,Gasoline,M/T
BMW,M340 i xDrive,2022,4,9000.0,56900.0,Hybrid,8-Speed A/T
Mercedes-Benz,AMG GLE 53 AMG GLE 53,2021,5,5595.0,83598.0,Hybrid,Automatic
RAM,1500 Laramie,2022,4,34121.0,48190.0,Gasoline,Automatic
BMW,ALPINA B7 Base,2013,13,36750.0,35999.0,Gasoline,A/T
Mercedes-Benz,C-Class C280 4MATIC,2007,19,49626.0,12000.0,Gasoline,A/T
Jeep,Compass High Altitude,2017,9,45000.0,16500.0,Gasoline,A/T
Toyota,Highlander Hybrid XLE,2019,7,69350.0,36000.0,Hybrid,A/T
BMW,X5 M Base,2022,4,8307.0,98900.0,Gasoline,8-Speed Automatic
BMW,M3 Base,2023,3,4106.0,84645.0,Gasoline,6-Speed Manual
BMW,M3 Base,1999,27,184700.0,36950.0,Gasoline,5-Speed M/T
Maserati,Quattroporte S Q4 GranLusso,2018,8,57500.0,41900.0,Gasoline,8-Speed A/T
Acura,RDX Advance Package,2021,5,29000.0,39650.0,Gasoline,10-Speed A/T
Mercedes-Benz,GLA-Class GLA 250 4MATIC,2015,11,61675.0,19000.0,Gasoline,Transmission w/Dual Shift Mode
Mercedes-Benz,Sprinter 3500XD High Roof,2021,5,33300.0,45000.0,Diesel,7-Speed A/T
Cadillac,XTS Luxury,2014,12,62950.0,17498.0,Gasoline,6-Speed A/T
Chevrolet,Camaro 2LT,2015,11,56675.0,19750.0,Gasoline,Transmission w/Dual Shift Mode
Porsche,Cayenne S,2013,13,92000.0,23000.0,Gasoline,8-Speed A/T
Dodge,Magnum R/T,2005,21,96000.0,12000.0,Gasoline,5-Speed A/T
INFINITI,Q70 3.7X,2014,12,33500.0,23000.0,Gasoline,7-Speed A/T
Land,Rover Range Rover SV Autobiography Dynamic SWB,2020,6,16754.0,112000.0,Gasoline,8-Speed A/T
Toyota,Camry Hybrid Base,2007,19,53249.0,9250.0,Hybrid,A/T
GMC,Acadia SLT-1,2016,10,119000.0,12500.0,Gasoline,A/T
Lincoln,Corsair Reserve,2021,5,29336.0,36999.0,Gasoline,8-Speed Automatic
RAM,2500 SLT,2017,9,86000.0,41000.0,Diesel,6-Speed A/T
RAM,3500 Laramie,2014,12,177000.0,40500.0,Diesel,6-Speed A/T
Mercedes-Benz,GL-Class GL 450 4MATIC,2013,13,93500.0,15900.0,Gasoline,A/T
BMW,M5 Base,2018,8,47700.0,54999.0,Gasoline,8-Speed A/T
Ford,Mustang SVT Cobra,2003,23,97496.0,24500.0,Gasoline,6-Speed M/T
Acura,ILX Premium Package,2022,4,16120.0,26599.0,Gasoline,8-Speed Automatic with Auto-Shift
Buick,Rainier CXL,2005,21,147589.0,2800.0,Gasoline,A/T
Cadillac,Escalade Luxury,2013,13,95570.0,22000.0,E85 Flex Fuel,A/T
Mercedes-Benz,S-Class S 560,2018,8,45791.0,52000.0,Gasoline,9-Speed A/T
INFINITI,QX80 Base,2016,10,60000.0,25950.0,Gasoline,7-Speed A/T
Buick,Encore Preferred,2019,7,50000.0,18795.0,Gasoline,6-Speed A/T
Mercedes-Benz,GLS 450 Base 4MATIC,2019,7,33481.0,43999.0,Gasoline,9-Speed Automatic
Jeep,Liberty Limited,2010,16,107000.0,5900.0,Gasoline,A/T
Mercedes-Benz,S-Class S 63 AMG,2011,15,60000.0,37000.0,Gasoline,Transmission w/Dual Shift Mode
Audi,A8 L 3.0T,2016,10,55000.0,28000.0,Gasoline,A/T
Mazda,CX-30 2.5 S Select Package,2022,4,4004.0,25500.0,Gasoline,6-Speed A/T
Bentley,Continental GT Speed,2009,17,57800.0,59400.0,Gasoline,6-Speed A/T
Bentley,Continental GT V8,2022,4,10972.0,217950.0,Gasoline,8-Speed Automatic with Auto-Shift
Bentley,Flying Spur V8,2022,4,27858.0,197750.0,Gasoline,8-Speed Automatic with Auto-Shift
Porsche,911 Carrera 4S,2018,8,31678.0,106798.0,Gasoline,–
Volkswagen,Golf R 4-Door,2016,10,47144.0,29950.0,Gasoline,6-Speed M/T
Hyundai,Genesis Coupe 3.8 Grand Touring,2011,15,165454.0,4000.0,Gasoline,6-Speed A/T
Ford,F-150 XLT,2018,8,98000.0,25500.0,Gasoline,10-Speed A/T
Hyundai,Tucson Limited,2020,6,39913.0,22749.0,Gasoline,6-Speed Automatic
Ford,Mustang V6,2013,13,147191.0,12990.0,Gasoline,6-Speed A/T
BMW,435 i,2014,12,53600.0,25980.0,Gasoline,8-Speed A/T
Dodge,Challenger R/T,2010,16,100100.0,17000.0,–,Transmission w/Dual Shift Mode
Mercedes-Benz,AMG G 63 Base,2020,6,1750.0,199995.0,Gasoline,9-Speed A/T
Dodge,Challenger SRT Hellcat,2020,6,2750.0,104500.0,Gasoline,8-Speed A/T
Porsche,Boxster Base,2013,13,40800.0,35500.0,Gasoline,7-Speed A/T
Porsche,Macan Base,2018,8,36798.0,49500.0,Gasoline,7-Speed Automatic with Auto-Shift
Ford,F-250 XL,2021,5,77699.0,49883.0,Diesel,Automatic
Ford,Mustang GT,2010,16,87500.0,14900.0,Gasoline,A/T
Chevrolet,Suburban LT,2020,6,93000.0,38500.0,Gasoline,A/T
Mercedes-Benz,C-Class C 300 4MATIC,2018,8,41515.0,28251.0,Gasoline,9-Speed Automatic
RAM,1500 Classic Warlock,2019,7,19000.0,33242.0,E85 Flex Fuel,8-Speed Automatic
Toyota,Sequoia SR5,2023,3,1539.0,76373.0,Hybrid,Automatic
BMW,M5 Base,2018,8,31090.0,68000.0,Gasoline,8-Speed A/T
Mazda,Mazda3 FWD w/Premium Package,2022,4,21701.0,25099.0,Gasoline,6-Speed Automatic
Nissan,Rogue SL,2016,10,97726.0,15998.0,Gasoline,Variable
Audi,A7 3.0T Prestige,2015,11,73000.0,34000.0,Diesel,8-Speed A/T
Genesis,G80 3.8,2020,6,23600.0,31900.0,Gasoline,A/T
Rolls-Royce,Ghost Base,2016,10,8755.0,166900.0,Gasoline,A/T
BMW,M6 Gran Coupe Base,2019,7,20500.0,67900.0,Gasoline,Transmission w/Dual Shift Mode
Ford,Mustang V6,2013,13,57912.0,18750.0,Gasoline,6-Speed M/T
BMW,650 i,2009,17,35000.0,18500.0,Gasoline,A/T
Nissan,Leaf SV PLUS,2023,3,7089.0,29895.0,,1-Speed A/T
Lincoln,MKC Reserve,2019,7,35469.0,30890.0,Gasoline,6-Speed Automatic
Kia,Telluride EX,2022,4,14676.0,46787.0,Gasoline,8-Speed Automatic
Lincoln,Navigator Reserve,2022,4,13750.0,79999.0,Gasoline,10-Speed A/T
Mercedes-Benz,S-Class S 550 4MATIC,2015,11,13300.0,62500.0,Gasoline,A/T
Chevrolet,Suburban LT,2017,9,117000.0,27000.0,Gasoline,6-Speed A/T
Audi,A7 55 Premium,2020,6,27100.0,50000.0,Hybrid,A/T
Ford,Mustang EcoBoost Premium,2017,9,89352.0,20989.0,Gasoline,6-Speed A/T
Chevrolet,Cruze LS,2018,8,100000.0,8500.0,Gasoline,A/T
Land,Rover Range Rover HSE SWB,2020,6,16000.0,75500.0,Hybrid,A/T
Land,Rover Defender S,2023,3,15200.0,62999.0,Gasoline,A/T
BMW,650 i,2012,14,39960.0,38995.0,Gasoline,6-Speed M/T
Ford,Mustang Base,2008,18,119000.0,13500.0,Gasoline,A/T
Kia,K5 GT-Line,2022,4,10971.0,29998.0,Gasoline,8-Speed Automatic
Mazda,Mazda3 i Touring,2014,12,118500.0,11500.0,Gasoline,M/T
Kia,Stinger GT1,2021,5,8288.0,45899.0,Gasoline,8-Speed A/T
Chevrolet,Camaro ZL1,2023,3,2950.0,74500.0,Gasoline,10-Speed A/T
Mercedes-Benz,AMG G 63 Base,2017,9,73000.0,78000.0,Gasoline,7-Speed A/T
Ford,Thunderbird Premium,2005,21,82000.0,14900.0,Gasoline,Transmission w/Dual Shift Mode
Audi,e-tron Prestige,2019,7,7874.0,38999.0,,1-Speed Automatic
GMC,Sierra 1500 SLT,2017,9,49105.0,39750.0,Gasoline,8-Speed A/T
Kia,Telluride LX,2023,3,5500.0,40000.0,Gasoline,8-Speed A/T
Chevrolet,Corvette Base,2005,21,36700.0,26000.0,Gasoline,6-Speed M/T
BMW,650 i,2014,12,40000.0,34000.0,Gasoline,Transmission w/Dual Shift Mode
Nissan,Rogue SL,2017,9,78110.0,17500.0,Gasoline,A/T
GMC,Acadia Denali,2015,11,74864.0,19780.0,Gasoline,A/T
Cadillac,Escalade Premium Luxury Platinum,2021,5,15350.0,93500.0,Gasoline,10-Speed A/T
Nissan,GT-R Premium,2010,16,46100.0,72999.0,Gasoline,6-Speed A/T
Toyota,Highlander XLE,2018,8,61454.0,31000.0,Gasoline,A/T
BMW,X7 xDrive40i,2020,6,45241.0,54500.0,Gasoline,A/T
INFINITI,QX60 Base,2018,8,48000.0,27000.0,Gasoline,CVT Transmission
Lexus,IS 250C Base,2010,16,68500.0,18500.0,Gasoline,6-Speed M/T
GMC,Sierra 1500 Denali,2019,7,43433.0,51899.0,Gasoline,Automatic
Chevrolet,SSR Base,2005,21,122961.0,20995.0,Gasoline,4-Speed Automatic
Dodge,Challenger R/T,2014,12,92861.0,19750.0,Gasoline,5-Speed A/T
Hyundai,Equus Signature,2016,10,72000.0,21400.0,Gasoline,8-Speed A/T
Lamborghini,Aventador SVJ Base,2019,7,6929.0,649999.0,Gasoline,A/T
Ford,Mustang GT,2003,23,83000.0,10500.0,Gasoline,A/T
Audi,e-tron Premium,2021,5,18031.0,39599.0,,1-Speed Automatic
Toyota,Sequoia Limited,2023,3,8200.0,78900.0,Hybrid,10-Speed A/T
Land,Rover Range Rover Sport HST MHEV,2020,6,19000.0,74900.0,Hybrid,Transmission w/Dual Shift Mode
Jeep,Grand Cherokee L Limited,2022,4,12875.0,42599.0,Gasoline,8-Speed Automatic
Maserati,GranTurismo Sport,2015,11,32000.0,36000.0,Gasoline,A/T
BMW,M5 Base,2013,13,61145.0,37500.0,Gasoline,7-Speed A/T
Mercedes-Benz,C-Class 4MATIC Sedan,2022,4,9612.0,43900.0,Gasoline,"Automatic, 9-Spd 9G-Tronic"
Land,Rover Range Rover Sport First Edition,2023,3,3534.0,143998.0,Hybrid,Automatic
Ford,F-150 Lariat,2011,15,152000.0,14000.0,Gasoline,6-Speed A/T
Audi,A4 2.0T Premium,2012,14,129567.0,7000.0,Gasoline,A/T
BMW,540 i xDrive,2019,7,36000.0,41995.0,Gasoline,8-Speed A/T
BMW,X6 xDrive35i,2009,17,92008.0,12500.0,Gasoline,6-Speed A/T
Ford,Mustang Base,1998,28,63900.0,10300.0,Gasoline,A/T
Toyota,Sequoia Limited,2012,14,150900.0,17500.0,Gasoline,A/T
Dodge,Challenger R/T Scat Pack,2019,7,43000.0,50000.0,–,6-Speed M/T
Land,Rover Range Rover 3.0L Supercharged,2018,8,38020.0,63998.0,Gasoline,Automatic
Audi,Q8 55 Premium Plus,2021,5,14750.0,61059.0,Hybrid,Transmission w/Dual Shift Mode
Subaru,WRX Base,2015,11,52500.0,23000.0,Gasoline,6-Speed M/T
Chevrolet,Suburban LT,2017,9,207571.0,21000.0,Gasoline,6-Speed A/T
INFINITI,QX60 Pure,2020,6,39000.0,29900.0,Gasoline,A/T
Porsche,Cayman Base,2011,15,66000.0,28000.0,Gasoline,A/T
INFINITI,QX60 Base,2017,9,93500.0,16000.0,Gasoline,A/T
BMW,M4 Base,2018,8,7200.0,64000.0,Gasoline,7-Speed A/T
Maserati,MC20 MC20,2022,4,1220.0,238900.0,Gasoline,"Automatic, 8-Spd Dual-Clutch"
Land,Rover Defender SE,2023,3,8421.0,90000.0,Hybrid,A/T
BMW,M8 Base,2020,6,25520.0,84900.0,Gasoline,8-Speed Automatic
Tesla,Model Y Performance,2020,6,30554.0,41999.0,,1-Speed Automatic
Volvo,C40 Recharge Pure Electric Twin Ultimate,2023,3,17000.0,54900.0,,A/T
Mercedes-Benz,SL-Class SL 550,2011,15,41314.0,30999.0,Gasoline,Transmission w/Dual Shift Mode
Land,Rover Range Rover P525 HSE SWB,2020,6,49899.0,64500.0,Gasoline,Transmission w/Dual Shift Mode
Ford,Escape XLT,2012,14,186268.0,4500.0,E85 Flex Fuel,6-Speed A/T
Lexus,ES 350 Base,2016,10,51335.0,25995.0,Gasoline,6-Speed A/T
Porsche,718 Boxster GTS,2019,7,10400.0,99750.0,Gasoline,A/T
Mercedes-Benz,G-Class G 550,2020,6,20622.0,142998.0,Gasoline,Automatic
RAM,1500 Big Horn,2022,4,19376.0,45861.0,Gasoline,Automatic
Audi,R8 5.2 V10 performance,2020,6,12245.0,187900.0,Gasoline,7-Speed Automatic with Auto-Shift
Mitsubishi,Lancer Evolution IX,2006,20,77000.0,57000.0,Gasoline,5-Speed M/T
Acura,TL Technology,2013,13,40000.0,24000.0,Gasoline,6-Speed A/T
Cadillac,CTS Luxury,2012,14,113000.0,10000.0,Gasoline,6-Speed A/T
Chevrolet,Camaro 1SS,2022,4,7600.0,46000.0,Gasoline,6-Speed M/T
Toyota,Camry Hybrid LE,2022,4,20400.0,29900.0,Hybrid,CVT Transmission
Ford,Transit-350 XLT,2019,7,115000.0,39000.0,Gasoline,A/T
Lexus,RX 450h Base,2012,14,239000.0,7000.0,Hybrid,A/T
Jaguar,F-TYPE V6 S,2014,12,62194.0,32998.0,Gasoline,Automatic
Jeep,Wrangler Sahara,2020,6,22138.0,38598.0,Gasoline,Automatic
Porsche,718 Boxster S,2017,9,48900.0,62500.0,Gasoline,Transmission w/Dual Shift Mode
Audi,R8 5.2,2014,12,21800.0,117000.0,Gasoline,Transmission w/Dual Shift Mode
Lincoln,MKZ Base,2016,10,68200.0,16750.0,Gasoline,6-Speed A/T
Chevrolet,S-10 LS Crew Cab,2001,25,139000.0,7000.0,Gasoline,A/T
Mercedes-Benz,G-Class G 550 4MATIC,2021,5,76100.0,130000.0,Gasoline,A/T
Lexus,RX 350 RX 350 F SPORT Handling,2022,4,14330.0,54998.0,Gasoline,Automatic
BMW,750 i xDrive,2019,7,41906.0,45999.0,Gasoline,8-Speed A/T
Chevrolet,Camaro 2SS,2016,10,164000.0,21500.0,Gasoline,8-Speed A/T
Ford,Fusion Hybrid SE,2013,13,161933.0,7945.0,Hybrid,Automatic CVT
Hyundai,Santa Cruz 2.5T Limited,2022,4,22829.0,34580.0,Gasoline,Automatic
Lexus,RX 350 F Sport,2023,3,5483.0,59950.0,Gasoline,8-Speed Automatic
Land,Rover Range Rover Evoque S,2020,6,46891.0,31000.0,Gasoline,9-Speed A/T
Chevrolet,Suburban LT,2019,7,72000.0,39000.0,Gasoline,A/T
Porsche,718 Spyder Base,2020,6,3400.0,129900.0,Gasoline,6-Speed M/T
Chevrolet,Camaro 1LT,2021,5,18000.0,30000.0,Gasoline,10-Speed A/T
Jeep,Gladiator Freedom,2021,5,30630.0,39998.0,Gasoline,Automatic
Toyota,Tacoma Double Cab,2007,19,24985.0,33580.0,Gasoline,5-Speed A/T
GMC,Yukon Denali Ultimate,2023,3,9978.0,93999.0,Gasoline,10-Speed A/T
Ford,Shelby GT350R Base,2018,8,18500.0,77999.0,Gasoline,M/T
Cadillac,Escalade Premium Luxury Platinum,2021,5,72843.0,79990.0,Gasoline,10-Speed Automatic
Buick,LaCrosse Base,2017,9,67500.0,20000.0,Gasoline,8-Speed A/T
Tesla,Model X Long Range Plus,2020,6,43534.0,65990.0,,1-Speed A/T
Mercedes-Benz,E-Class E 300 4MATIC,2017,9,36900.0,28500.0,Gasoline,9-Speed A/T
Chevrolet,Tahoe LT,2017,9,61720.0,39998.0,E85 Flex Fuel,Automatic
Kia,Telluride EX,2022,4,35938.0,43329.0,Gasoline,8-Speed Automatic
Toyota,Tundra Hybrid Limited,2023,3,10748.0,63100.0,Hybrid,Automatic
Audi,S8 4.0T quattro,2023,3,4457.0,107900.0,Gasoline,Automatic
Nissan,Armada Platinum,2018,8,108206.0,26498.0,Gasoline,Automatic
Land,Rover Discovery HSE,2020,6,32705.0,46598.0,Diesel,Automatic
Kia,Telluride S,2020,6,74026.0,32913.0,Gasoline,8-Speed Automatic
Lexus,GS 350 F Sport,2020,6,24651.0,45950.0,Gasoline,6-Speed Automatic
BMW,X6 xDrive40i,2022,4,13000.0,69000.0,Hybrid,Transmission w/Dual Shift Mode
Land,Rover Range Rover P400 SE SWB,2023,3,11700.0,133500.0,Hybrid,Transmission w/Dual Shift Mode
Chevrolet,Silverado 3500 High Country,2015,11,77500.0,54000.0,Diesel,6-Speed A/T
Maserati,Quattroporte Sport GT,2007,19,82000.0,7999.0,Gasoline,Transmission w/Dual Shift Mode
Dodge,Viper GTC,2017,9,1389.0,489995.0,Gasoline,M/T
Ford,Expedition Limited,2021,5,29830.0,55329.0,Gasoline,10-Speed Automatic
Mazda,Mazda6 i Grand Touring,2016,10,83100.0,17800.0,–,A/T
Kia,Optima LX,2019,7,62660.0,16500.0,Gasoline,A/T
Land,Rover Range Rover Sport SVR,2018,8,56006.0,59000.0,Gasoline,Transmission w/Dual Shift Mode
Lexus,RX 450h F SPORT Handling,2021,5,31365.0,52998.0,Hybrid,Variable
Lincoln,Town Car Base,2004,22,27600.0,14900.0,Gasoline,4-Speed A/T
Honda,Civic Si,2012,14,47245.0,19600.0,Gasoline,6-Speed M/T
Lexus,RX 450h Base,2017,9,73948.0,31990.0,Hybrid,A/T
RAM,1500 Classic Warlock,2019,7,36757.0,31953.0,E85 Flex Fuel,8-Speed Automatic
Tesla,Model Y Long Range,2023,3,4786.0,48000.0,,A/T
Audi,RS 3 2.5T,2023,3,1900.0,78900.0,Gasoline,Transmission w/Dual Shift Mode
Hyundai,Genesis Coupe 3.8 R-Spec,2014,12,52060.0,15000.0,Gasoline,6-Speed M/T
Porsche,Boxster RS 60 Spyder,2008,18,58000.0,41500.0,Gasoline,6-Speed M/T
Ford,F-250 XLT,2010,16,52246.0,26095.0,Diesel,6-Speed Manual
Kia,Sorento EX,2016,10,64290.0,16999.0,Gasoline,6-Speed Automatic
Nissan,370Z Touring,2009,17,37500.0,21500.0,Gasoline,6-Speed M/T
Genesis,G70 2.0T,2023,3,2121.0,40750.0,Gasoline,8-Speed A/T
Land,Rover Range Rover Sport Supercharged,2013,13,57000.0,26000.0,Gasoline,Transmission w/Dual Shift Mode
Mercedes-Benz,S-Class S 560 4MATIC,2020,6,22000.0,69500.0,Gasoline,A/T
Ford,Bronco Wildtrak Advanced,2023,3,2000.0,66500.0,Gasoline,A/T
RAM,1500 SLT,2018,8,61802.0,32000.0,E85 Flex Fuel,8-Speed A/T
Dodge,Challenger R/T,2010,16,73000.0,17500.0,–,A/T
Chevrolet,Sonic LT,2013,13,110000.0,7500.0,–,A/T
Jeep,Grand Cherokee Laredo,2013,13,106700.0,13500.0,E85 Flex Fuel,6-Speed A/T
Audi,RS 5 4.2,2013,13,75965.0,35999.0,Gasoline,7-Speed A/T
Jeep,Grand Cherokee L Overland,2022,4,31804.0,48995.0,Gasoline,Automatic
Mazda,MX-5 Miata Base,1992,34,125800.0,11500.0,–,5-Speed M/T
Chrysler,Crossfire Limited,2005,21,116320.0,6000.0,Gasoline,5-Speed A/T
Audi,S5 4.2 Premium Plus,2011,15,156875.0,9900.0,Gasoline,6-Speed M/T
Tesla,Model X Base,2023,3,197.0,85000.0,,A/T
Cadillac,CT4 Luxury,2020,6,35200.0,28500.0,Gasoline,8-Speed A/T
Maserati,Ghibli S Q4,2014,12,76000.0,19000.0,Gasoline,A/T
Jaguar,F-PACE 25t Premium,2019,7,29000.0,34500.0,Gasoline,A/T
BMW,750 i xDrive,2019,7,33499.0,44495.0,Gasoline,A/T
Acura,TLX V6 Advance,2019,7,25779.0,30999.0,Gasoline,9-Speed Automatic
GMC,Terrain SLT-1,2015,11,76296.0,9500.0,Gasoline,6-Speed A/T
BMW,i3 Base w/Range Extender,2014,12,29553.0,12800.0,,1-Speed A/T
Nissan,Versa 1.8 S,2011,15,109902.0,4500.0,Gasoline,A/T
Mercedes-Benz,C-Class C 300 4MATIC,2019,7,23083.0,33500.0,Gasoline,9-Speed A/T
Toyota,Matrix XRS,2003,23,143600.0,4199.0,Gasoline,6-Speed M/T
RAM,1500 Limited,2021,5,22000.0,54800.0,Gasoline,8-Speed A/T
Mercedes-Benz,AMG E 53 Base 4MATIC,2022,4,13000.0,81500.0,Hybrid,9-Speed A/T
Audi,A5 2.0T Premium,2018,8,53000.0,28000.0,Gasoline,A/T
Lincoln,Navigator Reserve,2019,7,44741.0,52999.0,Gasoline,10-Speed A/T
Audi,A6 3.2 quattro,2008,18,202000.0,5700.0,Gasoline,A/T
Chevrolet,Silverado 1500 LT Crew Cab,2006,20,215000.0,6995.0,Gasoline,A/T
Mercedes-Benz,S-Class S 560,2019,7,77138.0,49998.0,Gasoline,Automatic
Volvo,XC90 T6 Momentum,2018,8,90641.0,25999.0,Gasoline,8-Speed Automatic
Toyota,Camry SE,2011,15,177702.0,7700.0,Gasoline,A/T
Mercedes-Benz,Metris Base,2018,8,58350.0,29497.0,Gasoline,7-Speed A/T
Chevrolet,Camaro 2LT,2010,16,86170.0,17000.0,Gasoline,6-Speed A/T
Mazda,MX-5 Miata Grand Touring,2012,14,36568.0,20199.0,Gasoline,6-Speed M/T
Ford,Escape SE,2015,11,54357.0,16250.0,Gasoline,6-Speed A/T
Mercedes-Benz,S-Class S 63 AMG,2015,11,20394.0,59598.0,Gasoline,Automatic
Kia,Niro EX,2023,3,7578.0,31113.0,Hybrid,Automatic
Porsche,Boxster Base,2010,16,64800.0,20900.0,Gasoline,6-Speed M/T
Toyota,4Runner Trail,2016,10,117780.0,27750.0,Gasoline,5-Speed A/T
Hyundai,Kona EV SEL,2019,7,33100.0,18200.0,,1-Speed A/T
Land,Rover Range Rover Evoque SE,2016,10,86202.0,18750.0,Gasoline,9-Speed A/T
Ford,E350 Super Duty XLT,2012,14,163000.0,19550.0,E85 Flex Fuel,A/T
Mercedes-Benz,SL-Class SL500 Roadster,2004,22,35400.0,24900.0,Gasoline,7-Speed A/T
Jeep,Compass Trailhawk,2018,8,31000.0,22000.0,Gasoline,9-Speed A/T
Mercedes-Benz,S-Class S 560 4MATIC,2018,8,103069.0,40998.0,Gasoline,Automatic
Mercedes-Benz,G-Class G 550 4MATIC,2021,5,22480.0,135800.0,Gasoline,A/T
Tesla,Model X P90D,2016,10,91000.0,39500.0,,A/T
Lexus,IS-F Base,2010,16,41500.0,44800.0,Gasoline,8-Speed A/T
BMW,335 i,2010,16,91545.0,13000.0,Gasoline,6-Speed A/T
Audi,RS 7 4.0T,2022,4,4100.0,162500.0,Hybrid,8-Speed A/T
Buick,Lucerne CXL,2006,20,110000.0,5000.0,Gasoline,A/T
Lincoln,MKX Reserve,2016,10,88000.0,18500.0,Gasoline,Transmission w/Dual Shift Mode
Nissan,Armada Platinum,2018,8,42833.0,37000.0,Gasoline,Transmission w/Dual Shift Mode
Porsche,911 Carrera,2020,6,23278.0,114998.0,Gasoline,Automatic
Mercedes-Benz,E-Class 400E,1993,33,106983.0,15300.0,–,4-Speed A/T
BMW,435 Gran Coupe i,2015,11,60100.0,24995.0,Gasoline,8-Speed A/T
Jeep,Wagoneer Series III,2022,4,17381.0,69685.0,Gasoline,8-Speed Automatic
Cadillac,ATS 2.5L,2013,13,63172.0,12995.0,Gasoline,A/T
Ford,Transit Connect XLT,2010,16,72000.0,10900.0,Gasoline,A/T
Kia,EV6 GT-Line,2022,4,4820.0,47500.0,,1-Speed A/T
Audi,S5 3.0T Premium Plus,2014,12,67900.0,25990.0,Gasoline,6-Speed M/T
Toyota,Tundra SR,2018,8,51000.0,38000.0,Gasoline,A/T
Jeep,Wrangler Unlimited Freedom Edition,2013,13,54500.0,35000.0,Gasoline,A/T
Maserati,Quattroporte Base,2006,20,61840.0,16500.0,Gasoline,Transmission w/Dual Shift Mode
Mercedes-Benz,CLS-Class CLS500,2006,20,28950.0,16750.0,Gasoline,7-Speed A/T
GMC,Sierra 3500 SLE,2002,24,300000.0,5000.0,Diesel,5-Speed A/T
Nissan,Frontier SL,2011,15,103400.0,17000.0,Gasoline,5-Speed A/T
BMW,M5 Base,2023,3,816.0,109900.0,Gasoline,8-Speed Automatic
Porsche,911 R,2016,10,719.0,489000.0,Gasoline,6-Speed Manual
Land,Rover Defender X-Dynamic SE,2023,3,3678.0,81998.0,Hybrid,Automatic
Ford,F-150 XL,2016,10,107000.0,22000.0,E85 Flex Fuel,6-Speed A/T
BMW,M8 Competition,2022,4,5018.0,114998.0,Gasoline,Automatic
Porsche,911 Carrera S,2010,16,13850.0,71400.0,Gasoline,6-Speed M/T
Volvo,XC70 3.2,2008,18,46700.0,11400.0,Gasoline,6-Speed A/T
Chrysler,300 Touring,2021,5,21478.0,27798.0,Gasoline,Automatic
Honda,Insight EX,2020,6,64200.0,20499.0,Hybrid,CVT Transmission
Porsche,Cayman S,2006,20,31075.0,36250.0,Gasoline,5-Speed Automatic
Tesla,Model Y Performance,2022,4,25250.0,47800.0,,1-Speed A/T
BMW,M5 Competition,2020,6,35400.0,71950.0,Gasoline,8-Speed A/T
Audi,S4 4.2 quattro,2004,22,74030.0,16000.0,Gasoline,6-Speed M/T
Ford,F-250 Platinum,2021,5,48549.0,69998.0,Diesel,Automatic
Kia,Seltos S,2023,3,5182.0,32500.0,Gasoline,A/T
RAM,ProMaster 2500 High Roof,2019,7,31681.0,33500.0,Gasoline,A/T
BMW,M760 M760i xDrive,2020,6,23430.0,80998.0,Gasoline,Automatic
Mercedes-Benz,E-Class E 400,2015,11,30300.0,29000.0,Gasoline,A/T
Cadillac,XTS Luxury,2016,10,112000.0,14599.0,Gasoline,A/T
INFINITI,Q50 Premium,2014,12,127356.0,19990.0,Gasoline,7-Speed A/T
Volkswagen,Touareg V6 Executive,2017,9,50600.0,28890.0,Gasoline,8-Speed A/T
Chevrolet,Suburban 1500 LTZ,2011,15,194000.0,9950.0,E85 Flex Fuel,6-Speed A/T
Toyota,Tundra SR5,2021,5,33455.0,44750.0,Gasoline,6-Speed A/T
BMW,X1 sDrive28i,2022,4,43000.0,35750.0,Gasoline,8-Speed A/T
Mercedes-Benz,GL-Class GL 550 4MATIC,2016,10,46102.0,35300.0,Gasoline,7-Speed A/T
Cadillac,XTS Luxury,2019,7,59000.0,21000.0,Gasoline,6-Speed A/T
Jaguar,XJ8 Base,2004,22,134000.0,9500.0,Gasoline,6-Speed A/T
Chevrolet,Camaro ZL1,2020,6,3715.0,150000.0,Gasoline,A/T
Mercedes-Benz,Sprinter 2500,2012,14,100245.0,24000.0,Diesel,A/T
Mercedes-Benz,C-Class C 300 4MATIC,2022,4,8583.0,42999.0,Gasoline,9-Speed Automatic
Dodge,Dakota SLT,2003,23,141800.0,5700.0,Gasoline,A/T
Audi,A5 2.0T Premium Plus,2012,14,77000.0,13800.0,Gasoline,8-Speed A/T
Audi,A5 2.0T Premium,2018,8,67035.0,31500.0,Gasoline,Transmission w/Dual Shift Mode
Audi,S5 3.0 Premium Plus,2012,14,61450.0,19500.0,Gasoline,7-Speed A/T
Porsche,Panamera GTS,2015,11,39500.0,52590.0,Gasoline,Transmission w/Dual Shift Mode
Mercedes-Benz,AMG GT C,2020,6,6600.0,128900.0,Gasoline,Transmission w/Dual Shift Mode
Chevrolet,Camaro 2SS,2023,3,2300.0,51500.0,Gasoline,6-Speed M/T
Audi,Q7 Premium Plus,2023,3,10601.0,61998.0,Hybrid,Automatic
Maserati,GranTurismo MC,2018,8,18000.0,67000.0,Gasoline,Transmission w/Dual Shift Mode
GMC,Sierra 2500 AT4,2022,4,31681.0,67963.0,Gasoline,Automatic
Cadillac,XT6 Sport AWD,2020,6,24114.0,49427.0,Gasoline,9-Speed Automatic
Jeep,Grand Cherokee L Laredo,2022,4,22109.0,43389.0,Gasoline,Automatic
Chevrolet,Avalanche 1500 LT,2012,14,148000.0,18000.0,E85 Flex Fuel,A/T
BMW,M5 Base,2018,8,41000.0,60200.0,Gasoline,Transmission w/Dual Shift Mode
Nissan,Titan SE,2009,17,127600.0,19500.0,E85 Flex Fuel,A/T
Dodge,Ram 1500 SRT-10 Quad Cab,2005,21,138450.0,19000.0,Gasoline,4-Speed A/T
GMC,Sierra 1500 SLT,2013,13,230000.0,15500.0,E85 Flex Fuel,A/T
Lexus,RX 350 F Sport,2017,9,53649.0,33000.0,Gasoline,A/T
Mercedes-Benz,GL-Class GL 450 4MATIC,2012,14,174000.0,11999.0,Gasoline,7-Speed A/T
INFINITI,QX80 Luxe,2022,4,49860.0,47645.0,Gasoline,Automatic
Mercedes-Benz,AMG C 63 S,2021,5,13650.0,75000.0,Gasoline,9-Speed A/T
BMW,528 i xDrive,2016,10,134000.0,13500.0,Gasoline,A/T
Porsche,911 Carrera,2014,12,78000.0,68000.0,Gasoline,Transmission w/Dual Shift Mode
Porsche,Boxster S,2005,21,65750.0,21750.0,Gasoline,A/T
BMW,X6 M Base,2021,5,18000.0,94000.0,Gasoline,8-Speed A/T
Ford,Mustang Premium,2007,19,121630.0,9450.0,Gasoline,A/T
Rivian,R1S Launch Edition,2023,3,4500.0,89999.0,,1-Speed A/T
Volvo,XC90 Recharge Plug-In Hybrid T8 Inscription 7 Passenger,2022,4,9408.0,61999.0,Hybrid,8-Speed Automatic
BMW,528 i xDrive,2016,10,120000.0,16000.0,Gasoline,A/T
Cadillac,Escalade ESV Platinum,2016,10,168600.0,29500.0,Gasoline,8-Speed A/T
Chevrolet,Corvette Base,2004,22,43705.0,25900.0,Gasoline,6-Speed M/T
Audi,A5 2.0T Premium,2013,13,111000.0,11500.0,Gasoline,Transmission w/Dual Shift Mode
Audi,TT 2.0T Premium,2012,14,64549.0,17000.0,Gasoline,Transmission w/Dual Shift Mode
Buick,LaCrosse CX,2007,19,53000.0,6500.0,Gasoline,4-Speed A/T
Chevrolet,Camaro 2SS,2017,9,13465.0,44900.0,Gasoline,8-Speed A/T
Tesla,Model Y Long Range,2023,3,5844.0,52000.0,,A/T
BMW,M3 Base,2015,11,74000.0,40000.0,Gasoline,M/T
Kia,Optima LX,2011,15,100331.0,6900.0,Gasoline,A/T
Toyota,Supra 3.0 Premium,2022,4,24850.0,53568.0,Gasoline,A/T
Lincoln,Nautilus Reserve,2021,5,17467.0,43860.0,Gasoline,8-Speed Automatic
Nissan,Pathfinder SL,2015,11,115000.0,11995.0,Gasoline,A/T
BMW,X5 xDrive50i,2015,11,72000.0,26500.0,Gasoline,Transmission w/Dual Shift Mode
Mazda,MazdaSpeed3 Grand Touring,2008,18,162000.0,6500.0,Gasoline,6-Speed M/T
GMC,Yukon XL SLT,2017,9,47589.0,45500.0,Gasoline,A/T
Toyota,bZ4X Limited,2023,3,6548.0,41999.0,,Automatic
RAM,ProMaster 2500 High Roof,2018,8,10339.0,36990.0,Gasoline,6-Speed A/T
RAM,1500 Classic SLT,2021,5,32092.0,35113.0,Gasoline,8-Speed Automatic
Lexus,GS 350 Base,2014,12,85275.0,23998.0,Gasoline,Automatic
Hyundai,Tucson Limited,2016,10,138000.0,10990.0,Gasoline,7-Speed A/T
Chevrolet,SSR Base,2003,23,87500.0,16999.0,Gasoline,A/T
Maserati,GranTurismo Base,2013,13,34920.0,38900.0,Gasoline,6-Speed A/T
Tesla,Model X Performance,2020,6,27224.0,65999.0,,1-Speed Automatic
BMW,M2 Base,2018,8,25000.0,52000.0,Gasoline,7-Speed A/T
Tesla,Model Y Long Range,2021,5,14642.0,48500.0,,A/T
Subaru,Outback 2.5i Limited,2015,11,162000.0,13999.0,Gasoline,CVT Transmission
Buick,Roadmaster Estate,1996,30,119500.0,16999.0,Gasoline,4-Speed A/T
Land,Rover Range Rover 5.0L Supercharged,2017,9,101800.0,36500.0,Gasoline,A/T
Ford,Expedition Max XLT,2021,5,84351.0,42691.0,Gasoline,10-Speed Automatic
Nissan,Leaf SL,2012,14,26930.0,6700.0,,1-Speed A/T
Toyota,Tacoma TRD Pro,2019,7,40698.0,42886.0,Gasoline,6-Speed
Mercedes-Benz,AMG GT 63 S 4-Door,2020,6,40000.0,112500.0,Gasoline,9-Speed A/T
BMW,230 i,2019,7,30000.0,29000.0,Gasoline,8-Speed A/T
Lexus,ES 350 Base,2007,19,78980.0,10600.0,Gasoline,6-Speed A/T
Porsche,911 Carrera S Cabriolet,2007,19,28844.0,69995.0,Gasoline,6-Speed Manual
Porsche,Taycan Turbo,2020,6,21028.0,96900.0,,Single-Speed Fixed Gear
Maserati,Levante Modena,2023,3,5409.0,88950.0,Gasoline,8-Speed Automatic
Dodge,Challenger SRT Hellcat,2020,6,12700.0,69900.0,Gasoline,8-Speed A/T
Mazda,Mazda6 Touring,2021,5,19000.0,25900.0,Gasoline,A/T
Audi,S4 3.0T Premium,2019,7,12000.0,48000.0,Gasoline,A/T
Ford,Mustang GT Premium,2016,10,25717.0,33900.0,Gasoline,6-Speed M/T
Tesla,Model Y Long Range,2022,4,12055.0,44400.0,,A/T
Audi,TTS 2.0T Premium Plus,2011,15,69700.0,23000.0,Gasoline,6-Speed A/T
BMW,M2 Competition,2020,6,25013.0,55000.0,Gasoline,7-Speed A/T
Audi,Q4 e-tron Sportback Premium,2023,3,1156.0,54900.0,,A/T
BMW,740 i,2016,10,57939.0,27500.0,Gasoline,8-Speed A/T
Mercedes-Benz,AMG GLE 43 Coupe 4MATIC,2018,8,52694.0,49999.0,Gasoline,Transmission w/Dual Shift Mode
Mercedes-Benz,S-Class S 550 4MATIC,2015,11,54000.0,37000.0,Gasoline,7-Speed A/T
Honda,S2000 Base,2002,24,110500.0,27000.0,Gasoline,6-Speed M/T
Chevrolet,Corvette Base,2000,26,97500.0,10000.0,Gasoline,6-Speed M/T
Chevrolet,Colorado Z71,2020,6,20909.0,35387.0,Gasoline,Automatic
Mercedes-Benz,S-Class S 63 AMG,2013,13,77648.0,40000.0,Gasoline,7-Speed A/T
Bentley,Continental GTC Base,2013,13,79422.0,64000.0,Gasoline,8-Speed A/T
GMC,Sierra 2500 SLE H/D Extended Cab,2002,24,53850.0,16900.0,Gasoline,A/T
Audi,SQ5 3.0T Premium,2020,6,21832.0,42000.0,Gasoline,8-Speed A/T
Toyota,Corolla iM Base,2017,9,41932.0,18700.0,Gasoline,6-Speed M/T
GMC,Yukon XL SLT,2017,9,110000.0,34999.0,Gasoline,A/T
Toyota,Tundra 1794,2020,6,67400.0,47500.0,Gasoline,A/T
Subaru,WRX Premium,2017,9,62662.0,24000.0,Gasoline,M/T
Subaru,WRX Base,2015,11,102000.0,18000.0,Gasoline,M/T
INFINITI,Q50 Premium,2014,12,79785.0,16488.0,Gasoline,7-Speed A/T
Chevrolet,Suburban Premier,2017,9,166549.0,24950.0,Gasoline,6-Speed A/T
Toyota,Sequoia Limited,2006,20,190656.0,8900.0,Gasoline,A/T
Dodge,Challenger R/T Scat Pack,2016,10,7928.0,37500.0,–,6-Speed M/T
Porsche,Cayenne GTS,2009,17,135606.0,15000.0,Gasoline,Transmission w/Dual Shift Mode
Kia,Telluride S,2023,3,14700.0,39900.0,Gasoline,8-Speed A/T
Mercedes-Benz,AMG E 63 S 4MATIC,2019,7,12985.0,96000.0,Gasoline,9-Speed A/T
BMW,Z4 sDrive35is,2014,12,4200.0,64995.0,Gasoline,Transmission w/Dual Shift Mode
Subaru,Impreza 2.0i Sport,2017,9,44000.0,23500.0,Gasoline,5-Speed M/T
Dodge,Dart SE,2015,11,66000.0,12000.0,Gasoline,6-Speed M/T
Land,Rover Range Rover P525 Westminster,2021,5,17945.0,89900.0,Gasoline,8-Speed Automatic
Nissan,370Z Base,2013,13,106700.0,17500.0,Gasoline,6-Speed M/T
Cadillac,Escalade ESV Luxury,2020,6,120000.0,55000.0,Gasoline,10-Speed A/T
Mercedes-Benz,E-Class E 350,2012,14,59600.0,19900.0,Gasoline,Transmission w/Dual Shift Mode
Kia,Optima Hybrid EX,2012,14,117220.0,8900.0,Hybrid,A/T
Chevrolet,Silverado 3500 LTZ,2022,4,85200.0,67500.0,Diesel,10-Speed A/T
Volkswagen,Golf GTI 2.0T SE 4-Door,2018,8,63450.0,24325.0,Gasoline,6-Speed M/T
Dodge,Ram 1500 SRT-10,2004,22,73000.0,22500.0,Gasoline,6-Speed M/T
Scion,tC Anniversary Edition,2014,12,115000.0,11495.0,Gasoline,6-Speed M/T
Land,Rover Range Rover 5.0L Supercharged Autobiography,2016,10,56000.0,49900.0,Gasoline,8-Speed A/T
Lexus,LS 500 Base,2018,8,67296.0,40900.0,Gasoline,"Automatic, 10-Spd"
Chevrolet,Suburban 1500 LT,2015,11,179200.0,16000.0,Gasoline,6-Speed A/T
Maserati,GranTurismo Base,2015,11,28000.0,44999.0,Gasoline,6-Speed A/T
Porsche,911 Carrera Turbo,2003,23,155000.0,55000.0,Gasoline,6-Speed M/T
Hyundai,Sonata Hybrid Base,2012,14,154000.0,8500.0,Hybrid,A/T
Cadillac,CTS Luxury,2012,14,62500.0,18955.0,Gasoline,6-Speed A/T
BMW,323 Ci,2000,26,177700.0,2500.0,Gasoline,5-Speed A/T
Tesla,Model 3 Standard Range Plus,2019,7,83700.0,26000.0,,A/T
Chevrolet,1500 Cheyenne Extended Cab,1995,31,120000.0,6500.0,–,4-Speed A/T
Nissan,370Z Touring,2012,14,65000.0,21500.0,Gasoline,6-Speed M/T
Mercedes-Benz,GLS 450 Base 4MATIC,2018,8,62808.0,38598.0,Gasoline,Automatic
Ford,Mustang GT Premium,2021,5,3000.0,49500.0,Gasoline,6-Speed M/T
Audi,Q5 2.0T Premium,2012,14,119000.0,12000.0,Gasoline,A/T
RAM,2500 Big Horn,2013,13,198868.0,25000.0,Diesel,6-Speed A/T
Dodge,Ram 1500 ST,2011,15,188000.0,8500.0,Gasoline,A/T
Mercedes-Benz,C-Class C 300 4MATIC Sport,2013,13,157405.0,10750.0,Gasoline,A/T
Dodge,Challenger SRT Hellcat,2016,10,8228.0,62500.0,Gasoline,8-Speed A/T
Land,Rover Range Rover 3.0L Supercharged HSE,2018,8,73101.0,42950.0,Gasoline,A/T
BMW,M4 Base,2018,8,10950.0,60995.0,Gasoline,6-Speed M/T
Mercedes-Benz,S-Class S 560 4MATIC,2018,8,63160.0,47000.0,Gasoline,A/T
Land,Rover Range Rover 5.0L V8 Supercharged,2019,7,31866.0,68900.0,Gasoline,"Automatic, 8-Spd"
Chevrolet,Express 3500 Base,2009,17,75000.0,18900.0,Gasoline,A/T
Toyota,4Runner TRD Pro,2016,10,98000.0,36000.0,Gasoline,A/T
Mazda,MX-5 Miata Grand Touring,2012,14,33576.0,18900.0,Gasoline,6-Speed M/T
Volkswagen,Touareg VR6 Lux,2012,14,123200.0,12449.0,Gasoline,A/T
Jaguar,XJ Base,2013,13,112000.0,8800.0,Gasoline,A/T
Chevrolet,Camaro 2SS,2010,16,68000.0,19500.0,Gasoline,6-Speed A/T
INFINITI,G37 x,2012,14,120000.0,14500.0,Gasoline,Transmission w/Dual Shift Mode
BMW,X6 xDrive50i,2019,7,45000.0,46999.0,Gasoline,8-Speed A/T
Chevrolet,Camaro LT1,2022,4,6700.0,39500.0,Gasoline,10-Speed A/T
Porsche,Taycan Base,2021,5,6785.0,108900.0,,2-Speed Automatic
Mercedes-Benz,S-Class S 63 AMG,2015,11,40900.0,59750.0,Gasoline,7-Speed A/T
Cadillac,Escalade ESV Premium Luxury,2018,8,74150.0,45000.0,Gasoline,10-Speed A/T
Toyota,Camry Hybrid XLE,2014,12,94448.0,15999.0,Hybrid,A/T
Audi,A6 3.0T Prestige,2015,11,108000.0,19998.0,Gasoline,Transmission w/Dual Shift Mode
BMW,X5 M Base,2012,14,118000.0,17000.0,Gasoline,Transmission w/Dual Shift Mode
Jaguar,F-PACE SVR,2020,6,38800.0,57500.0,Gasoline,Transmission w/Dual Shift Mode
BMW,740 i,2017,9,55000.0,40000.0,Gasoline,Transmission w/Dual Shift Mode
BMW,M340 i xDrive,2021,5,34967.0,49999.0,Hybrid,8-Speed A/T
Jeep,Wrangler Unlimited Sport,2016,10,85325.0,30000.0,Gasoline,5-Speed A/T
RAM,2500 Tradesman,2018,8,63750.0,36000.0,Gasoline,6-Speed A/T
Ford,Mustang V6,2016,10,87248.0,19999.0,Gasoline,6-Speed A/T
BMW,328 i,1997,29,206000.0,15900.0,Gasoline,5-Speed M/T
Mercedes-Benz,GL-Class GL 450,2011,15,112854.0,11999.0,Gasoline,7-Speed A/T
Rivian,R1S Adventure Package,2023,3,1150.0,96850.0,,A/T
Tesla,Model Y Long Range,2023,3,10000.0,48000.0,,A/T
Mercedes-Benz,E-Class E 350,2022,4,14100.0,53000.0,Gasoline,9-Speed A/T
BMW,X7 xDrive40i,2023,3,14360.0,85495.0,Hybrid,8-Speed A/T
Chevrolet,Trailblazer RS,2023,3,10000.0,32000.0,Gasoline,9-Speed A/T
Chevrolet,Suburban 1500 LTZ,2015,11,217500.0,20000.0,Gasoline,A/T
Chevrolet,Suburban Premier,2021,5,73846.0,60995.0,Gasoline,10-Speed Automatic
Jeep,Gladiator Overland,2020,6,40000.0,45000.0,Gasoline,Transmission w/Dual Shift Mode
GMC,Yukon XL AT4,2023,3,9980.0,82000.0,Gasoline,10-Speed A/T
Mazda,Mazda6 Grand Touring Reserve,2019,7,41997.0,24995.0,Gasoline,6-Speed A/T
Alfa,Romeo Giulia Ti,2021,5,2000.0,39000.0,Gasoline,8-Speed A/T
Mercedes-Benz,CLA-Class CLA 250,2016,10,42750.0,22999.0,Gasoline,Transmission w/Dual Shift Mode
BMW,330 330i xDrive,2019,7,19473.0,31698.0,Gasoline,Automatic
Volkswagen,Beetle 2.0T S,2019,7,35340.0,23000.0,Gasoline,A/T
Mercedes-Benz,CLK-Class CLK 350,2008,18,93000.0,12000.0,Gasoline,7-Speed A/T
Audi,RS 7 4.0T Prestige,2014,12,66150.0,47995.0,Gasoline,8-Speed A/T
Volvo,XC60 Recharge Plug-In Hybrid T8 Inscription,2022,4,19352.0,54599.0,Plug-In Hybrid,8-Speed A/T
Land,Rover Range Rover Supercharged LWB,2020,6,81000.0,64800.0,Gasoline,A/T
Toyota,Sequoia Limited,2011,15,183000.0,16000.0,Gasoline,6-Speed A/T
Jeep,Wrangler X,2004,22,44000.0,24999.0,Gasoline,M/T
Audi,S5 3.0T Premium,2021,5,18100.0,51800.0,Gasoline,8-Speed A/T
Land,Rover Range Rover Sport Supercharged,2011,15,40000.0,20000.0,Gasoline,Transmission w/Dual Shift Mode
Mercedes-Benz,Sprinter 2500,2011,15,120000.0,31999.0,Diesel,5-Speed A/T
Toyota,Sequoia Platinum,2023,3,325.0,84997.0,Hybrid,10-Speed A/T
Maserati,Quattroporte S GranLusso,2017,9,55000.0,39100.0,Gasoline,A/T
Toyota,Land Cruiser Base,1996,30,233000.0,7500.0,–,A/T
Lamborghini,Aventador SVJ Base,2021,5,6987.0,749950.0,Gasoline,7-Speed
Ford,Mustang Bullitt,2019,7,48500.0,44999.0,Gasoline,6-Speed M/T
RAM,2500 Tradesman,2018,8,52000.0,50000.0,Diesel,6-Speed A/T
Toyota,FJ Cruiser Base,2007,19,179000.0,17900.0,Gasoline,A/T
Dodge,Charger Scat Pack,2019,7,42626.0,42000.0,Gasoline,8-Speed A/T
Lexus,GX 460 Base,2018,8,65900.0,34700.0,Gasoline,Transmission w/Dual Shift Mode
Genesis,GV80 2.5T,2022,4,7523.0,54543.0,Gasoline,8-Speed Automatic
Jaguar,F-PACE 30t R-Sport,2019,7,34365.0,59598.0,Gasoline,Automatic
Kia,Sportage S,2021,5,16949.0,24995.0,Gasoline,6-Speed Automatic
Mercedes-Benz,S-Class S 580 4MATIC,2022,4,7968.0,104999.0,Hybrid,9-Speed A/T
Porsche,Panamera Base,2018,8,61000.0,57500.0,Gasoline,Transmission w/Dual Shift Mode
INFINITI,QX80 Base,2018,8,100564.0,23105.0,Gasoline,7-Speed Automatic
Ford,Maverick Lariat,2022,4,13700.0,39500.0,Hybrid,CVT Transmission
Kia,Telluride SX,2021,5,38612.0,42242.0,Gasoline,8-Speed Automatic
Chevrolet,Colorado Z85,2005,21,155000.0,7995.0,Gasoline,A/T
Mercedes-Benz,E-Class E 550,2017,9,56000.0,35750.0,Gasoline,Transmission w/Dual Shift Mode
Land,Rover Range Rover Sport SVR,2022,4,15107.0,114900.0,Gasoline,8-Speed Automatic
Toyota,Corolla Hybrid LE,2022,4,44459.0,22945.0,Hybrid,A/T
Mercedes-Benz,E-Class E 300 4MATIC,2017,9,31000.0,38000.0,Gasoline,A/T
Mercedes-Benz,SLK-Class SLK 350,2012,14,44000.0,22222.0,Gasoline,Transmission w/Dual Shift Mode
Mercedes-Benz,E-Class E 400 4MATIC,2018,8,22558.0,47645.0,Gasoline,9-Speed Automatic
Jeep,Wrangler X,2003,23,116157.0,14250.0,Gasoline,4-Speed A/T
Lincoln,Navigator Premiere,2018,8,23500.0,50000.0,Gasoline,10-Speed A/T
Chevrolet,Corvette Base,2008,18,28150.0,31000.0,Gasoline,Transmission w/Dual Shift Mode
GMC,Yukon XL Denali,2016,10,137500.0,29500.0,Gasoline,A/T
Mercedes-Benz,Metris Base,2021,5,2284.0,157500.0,Gasoline,9-Speed Automatic
Land,Rover Range Rover P530 SE LWB 7 Seat,2023,3,350.0,195000.0,Gasoline,Transmission w/Dual Shift Mode
Ford,Explorer XLT,2017,9,169000.0,13000.0,E85 Flex Fuel,A/T
Ferrari,488 GTB Base,2018,8,17761.0,243900.0,Gasoline,7-Speed Automatic with Auto-Shift
Chevrolet,Camaro 2SS,2010,16,8949.0,30000.0,Gasoline,M/T
BMW,750 i xDrive,2020,6,25108.0,66000.0,Gasoline,8-Speed A/T
Land,Rover Range Rover 3.0L Supercharged HSE,2016,10,103000.0,33999.0,Gasoline,Transmission w/Dual Shift Mode
Porsche,911 Carrera 4 Cabriolet,2003,23,87600.0,32000.0,Gasoline,Transmission w/Dual Shift Mode
Maserati,MC20 Base,2022,4,1087.0,279000.0,Gasoline,8-Speed Automatic with Auto-Shift
Mercedes-Benz,CLA-Class CLA 250,2015,11,76753.0,15999.0,Gasoline,A/T
Mercedes-Benz,Metris Base,2019,7,10500.0,79500.0,Gasoline,A/T
Mercedes-Benz,E-Class E 350 4MATIC,2011,15,199000.0,9250.0,Gasoline,7-Speed A/T
Lexus,LS 460 L,2007,19,127980.0,9999.0,Gasoline,8-Speed A/T
BMW,X6 xDrive40i,2023,3,16307.0,71400.0,Hybrid,A/T
Audi,S5 3.0T Prestige,2021,5,13566.0,57900.0,Gasoline,1-Speed Automatic
Audi,Q7 Premium Plus,2022,4,22588.0,52598.0,Hybrid,Automatic
Jaguar,XE 25t,2019,7,41452.0,22500.0,Gasoline,Transmission w/Dual Shift Mode
Genesis,G80 3.3T Sport,2019,7,57500.0,32990.0,Gasoline,A/T
BMW,M2 Competition,2020,6,500.0,70000.0,Gasoline,7-Speed A/T
Subaru,Impreza WRX Premium,2014,12,55000.0,30000.0,Gasoline,5-Speed M/T
GMC,Sierra 2500 Base,2021,5,8210.0,55000.0,Gasoline,A/T
Lincoln,Nautilus Reserve,2021,5,18160.0,46850.0,Gasoline,8-Speed Automatic
Jaguar,XF XFR-S,2013,13,4279.0,70000.0,Gasoline,8-Speed A/T
Mercedes-Benz,Sprinter Normal Roof,2013,13,39748.0,54995.0,Diesel,A/T
Toyota,Land Cruiser Base,1998,28,160000.0,12490.0,Gasoline,4-Speed A/T
Toyota,Tacoma PreRunner,2013,13,65000.0,20500.0,Gasoline,A/T
BMW,Z4 sDrive28i,2016,10,59000.0,25000.0,Gasoline,8-Speed A/T
BMW,530e Base,2022,4,22700.0,47000.0,Plug-In Hybrid,A/T
Mercedes-Benz,GLA 250 Base 4MATIC,2018,8,56578.0,20900.0,E85 Flex Fuel,7-Speed A/T
Hyundai,Genesis 4.6,2010,16,153332.0,10000.0,Gasoline,Transmission w/Dual Shift Mode
Cadillac,ATS 3.6L Luxury,2013,13,89700.0,17999.0,Gasoline,6-Speed A/T
Lincoln,Town Car Signature,2002,24,118600.0,5230.0,Gasoline,A/T
GMC,Sierra 1500 SLT,2021,5,23400.0,52000.0,Gasoline,A/T
Mercedes-Benz,Sprinter High Roof,2015,11,110000.0,29000.0,Diesel,A/T
Jaguar,XJ Vanden Plas,2008,18,87888.0,11990.0,Gasoline,6-Speed A/T
Lexus,RC 350 Base,2015,11,73800.0,26999.0,Gasoline,6-Speed Automatic
Audi,S3 2.0T Premium Plus,2015,11,78124.0,21500.0,Gasoline,6-Speed A/T
Subaru,WRX Limited,2015,11,91000.0,19000.0,Gasoline,6-Speed M/T
Dodge,Ram 2500 SLT Quad Cab,2003,23,114000.0,10700.0,Gasoline,5-Speed A/T
Subaru,WRX Limited,2015,11,76000.0,21000.0,Gasoline,6-Speed M/T
Audi,RS 4 4.2 quattro L,2008,18,146500.0,30000.0,Gasoline,6-Speed M/T
Porsche,911 Carrera,2007,19,26021.0,53999.0,Gasoline,6-Speed M/T
Audi,A4 2.0T Premium Plus,2015,11,73000.0,17200.0,E85 Flex Fuel,A/T
Audi,A4 3.2 Premium Plus quattro,2009,17,153000.0,8700.0,Gasoline,6-Speed A/T
Ford,Excursion Limited,2003,23,67550.0,30000.0,Diesel,5-Speed A/T
Ford,Excursion Limited,2004,22,170000.0,8500.0,Gasoline,A/T
Land,Rover Range Rover Sport 5.0L Supercharged Dynamic,2017,9,53000.0,47500.0,Gasoline,Transmission w/Dual Shift Mode
Audi,Q8 3.0T Prestige,2019,7,54900.0,48500.0,Hybrid,A/T
BMW,X5 xDrive35i,2016,10,89000.0,24000.0,Gasoline,8-Speed A/T
Ford,Bronco Base,2022,4,6200.0,49000.0,Gasoline,7-Speed M/T
Ford,F-150 XLT,2021,5,51808.0,42388.0,Gasoline,10-Speed Automatic
Hyundai,Genesis Coupe 3.8 Track,2013,13,89000.0,12500.0,Gasoline,6-Speed M/T
Toyota,Camry LE,1999,27,86111.0,3500.0,Gasoline,A/T
Mercedes-Benz,E-Class E 400 4MATIC,2018,8,45203.0,39853.0,Gasoline,9-Speed Automatic
Audi,S5 3.0T Prestige,2022,4,14739.0,61900.0,Gasoline,1-Speed Automatic
Buick,Enclave Premium,2017,9,139105.0,17550.0,Gasoline,6-Speed Automatic
Lamborghini,Gallardo LP560-4,2010,16,45014.0,109499.0,Gasoline,6-Speed A/T
Ford,Mustang GT Premium,2011,15,101000.0,18500.0,Gasoline,6-Speed M/T
GMC,Yukon XL SLT,2016,10,93000.0,30000.0,Gasoline,A/T
Ford,Mustang V6 Premium,2013,13,62500.0,16000.0,Gasoline,6-Speed M/T
Lexus,IS-F Base,2008,18,75000.0,29000.0,Gasoline,8-Speed A/T
BMW,435 i,2015,11,34455.0,28000.0,Gasoline,8-Speed A/T
Land,Rover Range Rover Supercharged,2010,16,130000.0,15500.0,Gasoline,A/T
Mercedes-Benz,CLA-Class CLA 250,2014,12,76170.0,16500.0,Gasoline,Transmission w/Dual Shift Mode
GMC,Yukon SLT,2010,16,194500.0,9500.0,E85 Flex Fuel,6-Speed A/T
BMW,535 i,2008,18,135000.0,5699.0,Gasoline,A/T
Dodge,Charger GT,2021,5,33000.0,26999.0,Gasoline,Transmission w/Dual Shift Mode
Hyundai,Genesis 3.8,2010,16,98700.0,10340.0,Gasoline,Transmission w/Dual Shift Mode
Honda,Civic Type R Touring,2018,8,72900.0,35500.0,Gasoline,6-Speed M/T
Dodge,Durango R/T,2016,10,135000.0,20000.0,Gasoline,A/T
Chevrolet,Silverado 1500 Limited High Country,2022,4,2550.0,60000.0,Gasoline,10-Speed A/T
Jeep,Grand Cherokee Altitude,2020,6,35289.0,35470.0,Gasoline,8-Speed Automatic
RAM,1500 Laramie,2022,4,14636.0,46599.0,Gasoline,8-Speed Automatic
Chrysler,Crossfire Limited,2005,21,24847.0,13046.0,Gasoline,5-Speed Automatic
Nissan,Rogue SL,2019,7,29558.0,25884.0,Gasoline,Automatic CVT
Audi,A6 55 Premium Plus,2023,3,6581.0,59900.0,Gasoline,"Automatic, 7-Spd S tronic Dual-Clutch"
Mercedes-Benz,AMG GT 53 Base,2020,6,22000.0,83999.0,Hybrid,9-Speed A/T
Acura,ILX Technology Plus Package,2017,9,68200.0,15750.0,Gasoline,Transmission w/Dual Shift Mode
Land,Rover Range Rover P530 SE SWB,2023,3,2800.0,175000.0,Gasoline,8-Speed A/T
Ford,Expedition Platinum,2019,7,51300.0,48295.0,Gasoline,10-Speed Automatic
BMW,M3 Base,2008,18,133500.0,18500.0,Gasoline,6-Speed M/T
INFINITI,M37 x,2012,14,49000.0,19900.0,Gasoline,7-Speed A/T
BMW,650 i,2008,18,125470.0,8000.0,Gasoline,A/T
Mazda,RX-8 Grand Touring,2008,18,81219.0,8500.0,Gasoline,6-Speed M/T
Porsche,Boxster Base,1999,27,72000.0,12250.0,Gasoline,5-Speed M/T
Acura,ILX Premium & A-SPEC Packages,2019,7,19500.0,25000.0,Gasoline,8-Speed A/T
Porsche,911 Carrera S,2017,9,20561.0,105000.0,Gasoline,7-Speed M/T
Lexus,LX 570 Base,2016,10,33655.0,62900.0,Gasoline,8-Speed A/T
Toyota,Highlander Limited Platinum,2015,11,135140.0,23500.0,Gasoline,A/T
Maserati,Ghibli Base,2015,11,73000.0,17999.0,Gasoline,8-Speed A/T
Land,Rover Range Rover 3.0L Supercharged HSE,2017,9,55000.0,58000.0,Gasoline,A/T
Chevrolet,Cruze LTZ,2013,13,87000.0,10000.0,Gasoline,A/T
BMW,325 xi,2006,20,137825.0,4000.0,Gasoline,6-Speed A/T
Acura,MDX Technology,2008,18,184421.0,5000.0,Gasoline,A/T
Lincoln,MKC Base,2015,11,95000.0,14900.0,Gasoline,6-Speed A/T
Kia,Sportage Nightfall,2022,4,26468.0,27875.0,Gasoline,6-Speed Automatic
Bentley,Arnage R,2003,23,55050.0,34995.0,Gasoline,4-Speed A/T
Kia,Sorento LX,2021,5,54200.0,23800.0,Gasoline,A/T
Lexus,SC 430 Base,2002,24,109762.0,15000.0,Gasoline,5-Speed A/T
Land,Rover Range Rover Evoque Base,2012,14,92080.0,14500.0,Gasoline,6-Speed A/T
Acura,TLX Type S w/Performance Tire,2023,3,1798.0,53000.0,Gasoline,10-Speed A/T
GMC,Sierra 1500 SLE Crew Cab,2006,20,167500.0,14500.0,Gasoline,A/T
GMC,Sierra 1500 Denali Ultimate,2023,3,2500.0,84000.0,Gasoline,10-Speed A/T
Mercedes-Benz,E-Class E 400,2016,10,77000.0,24000.0,Gasoline,7-Speed A/T
MINI,Hardtop Cooper,2019,7,19850.0,24000.0,Gasoline,6-Speed A/T
Ford,Bronco Outer Banks Advanced,2023,3,3400.0,57000.0,Gasoline,10-Speed A/T
Ford,Bronco,2021,5,3596.0,56900.0,Gasoline,10-Speed Automatic
Ford,F-350 Lariat Super Duty Crew Cab,2009,17,130200.0,28900.0,Diesel,5-Speed A/T
Land,Rover Discovery Sport SE,2017,9,48200.0,24998.0,Gasoline,9-Speed A/T
GMC,Yukon XL SLT,2016,10,183544.0,22000.0,Gasoline,6-Speed A/T
Ford,Focus RS Base,2016,10,14900.0,39000.0,Gasoline,6-Speed M/T
Ford,Bronco Badlands Advanced,2022,4,4200.0,65994.0,Gasoline,10-Speed A/T
Hyundai,Genesis 5,2012,14,15698.0,19000.0,Gasoline,Transmission w/Dual Shift Mode
Jeep,Wrangler Unlimited Rubicon,2022,4,1750.0,65500.0,Gasoline,8-Speed A/T
BMW,X4 xDrive30i,2022,4,34800.0,46000.0,Gasoline,A/T
Jaguar,F-PACE S,2020,6,35580.0,46998.0,Gasoline,Automatic
Acura,RSX Type S,2006,20,71400.0,14990.0,Gasoline,6-Speed M/T
Mazda,MX-5 Miata Base,2003,23,9260.0,22000.0,Gasoline,5-Speed M/T
GMC,Yukon XL SLT,2023,3,28500.0,67800.0,Gasoline,A/T
Mercedes-Benz,E-Class E 350 4MATIC,2008,18,91900.0,8900.0,Gasoline,5-Speed A/T
INFINITI,G35 Base,2004,22,130000.0,7500.0,Gasoline,5-Speed A/T
Cadillac,XTS Premium,2013,13,56860.0,21995.0,Gasoline,6-Speed Automatic
MINI,Hardtop Cooper S,2017,9,44300.0,20784.0,Gasoline,6-Speed M/T
BMW,X5 xDrive35i,2014,12,120000.0,20000.0,Gasoline,Transmission w/Dual Shift Mode
Mercedes-Benz,SL-Class SL 550,2013,13,72500.0,31450.0,Gasoline,7-Speed A/T
RAM,1500 Tradesman/Express,2017,9,72000.0,24200.0,Gasoline,8-Speed A/T
BMW,135 i,2011,15,132000.0,11000.0,Gasoline,7-Speed A/T
Rolls-Royce,Phantom,2018,8,7585.0,599000.0,Gasoline,8-Speed Automatic
Hyundai,IONIQ 5 SE,2022,4,18500.0,42000.0,,A/T
Lexus,LS 430 Base,2002,24,42000.0,15999.0,Gasoline,A/T
Jaguar,F-PACE S,2023,3,4624.0,56998.0,Gasoline,Automatic
BMW,M5 Base,2006,20,106000.0,19500.0,Gasoline,Transmission w/Dual Shift Mode
Hyundai,Santa Fe SE,2022,4,13610.0,27450.0,Gasoline,8-Speed Automatic
Lamborghini,Urus Base,2019,7,16876.0,209900.0,Gasoline,8-Speed Automatic
Ford,Expedition Timberline,2023,3,8911.0,77430.0,Gasoline,10-Speed Automatic
Chevrolet,Silverado 1500 LT Trail Boss,2021,5,48641.0,43666.0,Gasoline,10-Speed Automatic
GMC,Sierra 1500 SLT,2021,5,11250.0,70250.0,Gasoline,A/T
Ford,Mustang Premium,2007,19,126000.0,9000.0,Gasoline,A/T
BMW,M5 Base,2008,18,77750.0,21000.0,Gasoline,7-Speed A/T
Toyota,Tacoma SR,2020,6,27363.0,35000.0,Gasoline,6-Speed A/T
Porsche,Cayenne Base,2019,7,30951.0,80140.0,Gasoline,8-Speed Automatic
Ford,F-150 Lightning XLT,2023,3,208.0,89000.0,,A/T
Dodge,Durango GT,2021,5,20386.0,32999.0,Gasoline,8-Speed Automatic
BMW,330e iPerformance,2018,8,45253.0,24995.0,Plug-In Hybrid,Transmission w/Dual Shift Mode
GMC,Terrain Denali,2016,10,144000.0,18400.0,Gasoline,6-Speed A/T
Ford,Excursion Limited,2004,22,76163.0,20500.0,Diesel,5-Speed A/T
Hyundai,Genesis 3.8,2015,11,61300.0,20150.0,Gasoline,8-Speed A/T
Mitsubishi,Mirage ES,2017,9,35698.0,8750.0,Gasoline,A/T
Mercedes-Benz,E-Class E 350 4MATIC,2010,16,27000.0,22500.0,Gasoline,7-Speed A/T
Mazda,Mazda3 i Sport,2015,11,162000.0,11500.0,Gasoline,Transmission w/Dual Shift Mode
BMW,M3 Base,2008,18,77800.0,28500.0,Gasoline,M/T
Mercedes-Benz,E-Class E 350,2014,12,55000.0,19250.0,Gasoline,A/T
Ford,Bronco Outer Banks Advanced,2022,4,12000.0,65999.0,Gasoline,10-Speed A/T
Tesla,Model X 75D,2017,9,70579.0,42250.0,,A/T
Jeep,Wrangler Unlimited Sport,2010,16,107000.0,17500.0,Gasoline,A/T
Honda,Pilot Elite,2021,5,42653.0,38998.0,Gasoline,9-Speed Automatic
Acura,TL 3.2,2008,18,193783.0,10000.0,Gasoline,A/T
Lexus,IS 350 Base,2014,12,123000.0,18000.0,Gasoline,6-Speed A/T
Chevrolet,Equinox LT,2011,15,130000.0,7000.0,Gasoline,6-Speed A/T
Mitsubishi,Lancer DE,2009,17,143346.0,3000.0,Gasoline,5-Speed M/T
Land,Rover LR2 Base,2015,11,112465.0,11995.0,Gasoline,6-Speed A/T
Nissan,Leaf SV PLUS,2023,3,5121.0,28196.0,,1-Speed Automatic
Audi,A5 2.0T Premium,2012,14,137273.0,11000.0,Gasoline,A/T
Rivian,R1S Launch Edition,2023,3,299.0,92500.0,,1-Speed A/T
Lexus,RX 450h Base,2018,8,70780.0,35700.0,Hybrid,CVT Transmission
Chevrolet,Tahoe LT,2018,8,55000.0,37900.0,Gasoline,6-Speed A/T
Mercedes-Benz,G-Class G 550 4MATIC,2017,9,23151.0,84500.0,Gasoline,7-Speed A/T
Cadillac,XTS Luxury,2013,13,152000.0,8500.0,Gasoline,A/T
INFINITI,Q50 3.0t Red Sport 400,2020,6,23344.0,36999.0,Gasoline,7-Speed Automatic
Subaru,Outback 3.6R Limited,2016,10,87092.0,19500.0,Gasoline,A/T
Toyota,Avalon XLS,2004,22,90625.0,5500.0,Gasoline,A/T
Chevrolet,Traverse RS,2021,5,44373.0,36000.0,Gasoline,9-Speed A/T
BMW,330 i,2021,5,26000.0,37000.0,Gasoline,Transmission w/Dual Shift Mode
Karma,Revero Base,2018,8,20760.0,55500.0,,A/T
Lexus,GX 460 Base,2021,5,39102.0,51798.0,Gasoline,Automatic
Alfa,Romeo Stelvio Ti Sport,2019,7,39615.0,28900.0,Gasoline,"Automatic, 8-Spd"
GMC,Sierra 2500 Base,2019,7,58000.0,36500.0,E85 Flex Fuel,A/T
Lexus,IS 250 Base,2013,13,148000.0,10000.0,Gasoline,6-Speed A/T
Porsche,Panamera 2,2011,15,104000.0,20900.0,Gasoline,7-Speed A/T
BMW,535 i xDrive,2013,13,46150.0,17000.0,Gasoline,Transmission w/Dual Shift Mode
Chevrolet,Silverado 2500 High Country,2022,4,18860.0,74500.0,Diesel,10-Speed A/T
Mercedes-Benz,AMG C 63 Base,2017,9,28399.0,55600.0,Gasoline,7-Speed A/T
Jeep,Wrangler Sahara,1998,28,136500.0,6999.0,Gasoline,5-Speed M/T
Porsche,Boxster S,2005,21,95170.0,24900.0,Gasoline,6-Speed M/T
BMW,M3 Base,2006,20,95450.0,42000.0,Gasoline,6-Speed M/T
Chevrolet,Camaro LT1,2022,4,7652.0,39998.0,Gasoline,Automatic
BMW,535 i xDrive,2011,15,169000.0,10999.0,Gasoline,Transmission w/Dual Shift Mode
RAM,1500 Laramie,2022,4,16744.0,46999.0,Gasoline,8-Speed Automatic
Mercedes-Benz,Metris Base,2020,6,1025.0,299000.0,Gasoline,7-Speed Automatic
Chevrolet,Express 1500 Cargo,2004,22,152000.0,7999.0,Gasoline,A/T
BMW,X7 xDrive40i,2020,6,46000.0,54999.0,Gasoline,Transmission w/Dual Shift Mode
BMW,X7 xDrive40i,2022,4,8000.0,85000.0,Hybrid,A/T
Ferrari,F12berlinetta Base,2016,10,14770.0,254900.0,Gasoline,7-Speed Automatic with Auto-Shift
Chevrolet,Silverado 2500 LT,2016,10,84421.0,36800.0,E85 Flex Fuel,6-Speed A/T
Mercedes-Benz,Maybach S 580 4MATIC,2022,4,4760.0,229000.0,Gasoline,9-Speed Automatic
GMC,Sierra 1500 Denali,2021,5,44691.0,56900.0,Gasoline,10-Speed Automatic
Mitsubishi,Outlander SEL,2022,4,11700.0,33000.0,Gasoline,A/T
Ford,Shelby GT350 Base,2019,7,2800.0,91000.0,Gasoline,6-Speed M/T
MINI,Cooper Base,2010,16,58000.0,8000.0,Gasoline,6-Speed A/T
Toyota,Prius Touring,2009,17,142500.0,6999.0,Hybrid,A/T
Cadillac,Escalade ESV Base,2007,19,191900.0,9750.0,Gasoline,A/T
Audi,A6 2.0T Premium Plus,2016,10,63398.0,19500.0,Gasoline,A/T
Chevrolet,Suburban 1500 LT,2008,18,162750.0,7200.0,Gasoline,Transmission Overdrive Switch
Jaguar,XK R,2012,14,38383.0,36949.0,Gasoline,6-Speed A/T
Porsche,911 Carrera GTS,2022,4,1837.0,179900.0,Gasoline,8-Speed Automatic with Auto-Shift
Ford,F-250 XLT,2022,4,36294.0,77535.0,Diesel,Automatic
Audi,A4 2.0T Premium,2011,15,90818.0,8300.0,Gasoline,A/T
Cadillac,ATS 2.0L Turbo,2018,8,32000.0,22999.0,Gasoline,A/T
Ford,Transit-350 Base,2019,7,94650.0,37000.0,Gasoline,6-Speed A/T
Mercedes-Benz,G-Class G 63 AMG,2014,12,49899.0,72999.0,Gasoline,A/T
Jeep,Wrangler Sahara,2011,15,55000.0,35000.0,Gasoline,4-Speed A/T
BMW,M4 Base,2015,11,23700.0,42800.0,Gasoline,Transmission w/Dual Shift Mode
Tesla,Model S P100D,2018,8,46000.0,59500.0,,A/T
Maserati,Ghibli S GranLusso,2020,6,12118.0,52900.0,Gasoline,8-Speed A/T
Pontiac,Firebird Trans Am,2001,25,64000.0,21000.0,Gasoline,6-Speed M/T
Ford,Expedition XLT,2022,4,22169.0,57352.0,Gasoline,10-Speed Automatic
Ferrari,812 Superfast Base,2020,6,1575.0,469900.0,Gasoline,Transmission w/Dual Shift Mode
Tesla,Model X Long Range Plus,2021,5,46897.0,69000.0,,A/T
Land,Rover Range Rover P400 SE SWB,2022,4,3369.0,139500.0,Hybrid,A/T
BMW,535 i xDrive,2011,15,135000.0,9999.0,Gasoline,8-Speed A/T
BMW,428 i xDrive,2015,11,125000.0,15000.0,Gasoline,A/T
Cadillac,Escalade ESV Platinum,2017,9,134000.0,32999.0,Gasoline,8-Speed A/T
BMW,X5 xDrive35i,2014,12,143250.0,12999.0,Gasoline,8-Speed A/T
Lexus,GX 460 Premium,2017,9,82975.0,31000.0,Gasoline,A/T
MINI,Countryman Cooper S ALL4,2016,10,91700.0,13999.0,Gasoline,6-Speed M/T
Ford,F-150 XLT,2018,8,72393.0,35000.0,Gasoline,10-Speed A/T
INFINITI,QX60 Base,2016,10,71000.0,21500.0,Gasoline,A/T
Lexus,RX 350 Base,2012,14,160900.0,15000.0,Gasoline,6-Speed A/T
Dodge,Charger Scat Pack,2020,6,40208.0,38000.0,Gasoline,8-Speed A/T
Lexus,IS 350 Base,2017,9,77300.0,30000.0,Gasoline,6-Speed A/T
Nissan,NV200 SV,2017,9,16700.0,26500.0,Gasoline,A/T
Subaru,Impreza 2.0i Premium,2013,13,112000.0,9999.0,Gasoline,CVT Transmission
BMW,M3 Base,2016,10,55250.0,49999.0,Gasoline,6-Speed M/T
INFINITI,QX80 Luxe,2020,6,69000.0,31450.0,Gasoline,A/T
Rolls-Royce,Phantom,2023,3,1560.0,599995.0,–,–
Ford,Mustang GT Premium,2016,10,40570.0,30490.0,Gasoline,6-Speed M/T
Toyota,RAV4 TRD Off Road,2020,6,46500.0,35200.0,Gasoline,8-Speed A/T
Honda,S2000 Base,2000,26,26900.0,35000.0,Gasoline,M/T
Jeep,Gladiator Sport,2021,5,5779.0,41329.0,Gasoline,8-Speed Automatic
Ford,Bronco Big Bend Advanced,2023,3,12000.0,54000.0,Gasoline,10-Speed A/T
Ford,Expedition Timberline,2022,4,30301.0,68420.0,Gasoline,10-Speed Automatic
Toyota,Sequoia TRD Pro,2023,3,600.0,91995.0,Hybrid,10-Speed A/T
Plymouth,Prowler Base,2001,25,22300.0,28500.0,Gasoline,4-Speed A/T
Alfa,Romeo Giulia Ti,2023,3,9275.0,43900.0,Gasoline,8-Speed Automatic
Chevrolet,Suburban 1500 LS,2004,22,171750.0,12998.0,E85 Flex Fuel,4-Speed A/T
Mitsubishi,Lancer Evolution GSR,2013,13,76500.0,28000.0,Gasoline,5-Speed M/T
Mercedes-Benz,AMG GLE 43 Coupe 4MATIC,2018,8,49000.0,42995.0,Gasoline,9-Speed A/T
Audi,R8 5.2 quattro Spyder,2011,15,75000.0,74000.0,Gasoline,Transmission w/Dual Shift Mode
Ford,Escape XLT,2007,19,133300.0,3000.0,Gasoline,4-Speed A/T
BMW,X5 3.0si,2007,19,99700.0,8500.0,Gasoline,6-Speed A/T
Chevrolet,Camaro 2LT,2011,15,126700.0,14000.0,Gasoline,Transmission w/Dual Shift Mode
BMW,340 i,2016,10,28000.0,36995.0,Gasoline,6-Speed M/T
Mercedes-Benz,SL-Class SL 550,2012,14,21300.0,38500.0,Gasoline,7-Speed A/T
Cadillac,Escalade Platinum,2019,7,92000.0,51900.0,Gasoline,A/T
Chevrolet,Silverado 3500 LTZ,2018,8,92149.0,52889.0,Diesel,6-Speed Automatic
Lexus,RC F Base,2015,11,25756.0,49995.0,Gasoline,8-Speed A/T
Kia,Forte GT-Line,2021,5,24534.0,21900.0,Gasoline,CVT Transmission
Land,Rover Range Rover Sport Supercharged Dynamic,2018,8,58100.0,53499.0,Gasoline,8-Speed A/T
Nissan,Titan S,2017,9,20220.0,32324.0,Gasoline,7-Speed A/T
Honda,Accord EX-L 2.0T,2019,7,40069.0,27500.0,Gasoline,A/T
Subaru,WRX Base,2017,9,60930.0,23750.0,Gasoline,6-Speed M/T
Audi,A4 2.0T Titanium Premium,2019,7,7300.0,27900.0,Gasoline,7-Speed A/T
Ford,Mustang EcoBoost Premium,2018,8,34000.0,25000.0,–,A/T
Chevrolet,Avalanche 1500 LS,2012,14,56000.0,18000.0,E85 Flex Fuel,A/T
Mercedes-Benz,CLA-Class CLA 250,2014,12,136000.0,12000.0,Gasoline,Transmission w/Dual Shift Mode
BMW,228 Gran Coupe i xDrive,2020,6,31100.0,26999.0,Gasoline,8-Speed A/T
Maserati,GranTurismo Base,2012,14,12100.0,37900.0,Gasoline,Transmission w/Dual Shift Mode
Ford,Expedition Platinum,2021,5,51902.0,57480.0,Gasoline,10-Speed Automatic
Audi,S4 Base,2007,19,93000.0,10995.0,Gasoline,6-Speed M/T
Land,Rover Range Rover Sport Supercharged HSE,2016,10,99915.0,26500.0,Gasoline,A/T
Ford,Mustang Mach-E GT,2022,4,7661.0,49599.0,,1-Speed Automatic
Chevrolet,Tahoe LTZ,2007,19,177000.0,10750.0,E85 Flex Fuel,4-Speed A/T
Nissan,Xterra S,2008,18,100900.0,6999.0,Gasoline,A/T
INFINITI,Q60 3.0T Premium,2017,9,107380.0,17500.0,Gasoline,7-Speed A/T
Ford,F-150 Raptor,2021,5,32957.0,77900.0,Gasoline,10-Speed Automatic
Acura,TLX Base,2016,10,45000.0,16500.0,Gasoline,A/T
Nissan,Frontier SV,2013,13,67000.0,15500.0,Gasoline,5-Speed A/T
Chevrolet,Camaro 1SS,2021,5,12600.0,47000.0,Gasoline,6-Speed M/T
Porsche,Panamera 4,2018,8,24882.0,59800.0,Gasoline,Transmission w/Dual Shift Mode
Acura,TLX PMC Edition,2020,6,6900.0,43500.0,Gasoline,9-Speed A/T
Kia,Sorento EX V6,2019,7,66075.0,23754.0,Gasoline,8-Speed Automatic
Hyundai,Palisade SEL,2021,5,68050.0,29600.0,Gasoline,8-Speed A/T
Ford,F-250 Lariat,2017,9,128000.0,50000.0,Diesel,6-Speed A/T
BMW,430 i,2021,5,9472.0,51000.0,Gasoline,A/T
Mitsubishi,Lancer GTS,2009,17,185963.0,5100.0,Gasoline,CVT Transmission
Nissan,NV200 S,2019,7,52000.0,19500.0,Gasoline,CVT Transmission
Buick,Enclave Leather,2015,11,68653.0,18950.0,Gasoline,6-Speed A/T
Lexus,RX 330 Base,2004,22,151896.0,7900.0,Gasoline,A/T
Lexus,RX 450h F Sport,2019,7,43671.0,44950.0,Hybrid,Automatic CVT
Ford,F-250 Lariat,2017,9,72128.0,45985.0,E85 Flex Fuel,6-Speed Automatic
Kia,Forte Koup EX,2013,13,134207.0,5500.0,Gasoline,A/T
GMC,Terrain SLE,2020,6,26470.0,29900.0,Gasoline,9-Speed Automatic
Porsche,Macan Base,2018,8,82300.0,35000.0,Gasoline,7-Speed A/T
Lexus,RC 350 Base,2015,11,124000.0,24000.0,Gasoline,Transmission w/Dual Shift Mode
Audi,S4 3.0T Premium Plus,2020,6,23823.0,49995.0,Gasoline,8-Speed Automatic
GMC,Yukon SLT,2002,24,222600.0,4999.0,Gasoline,4-Speed A/T
Lamborghini,Urus Base,2021,5,9500.0,279900.0,Gasoline,A/T
INFINITI,QX60 Base,2014,12,154247.0,12500.0,Gasoline,A/T
Chevrolet,Silverado 2500 LTZ H/D Extended Cab,2008,18,128000.0,23500.0,Gasoline,6-Speed A/T
Maserati,GranTurismo Base,2008,18,70000.0,13000.0,Gasoline,A/T
Acura,Integra GS-R,1995,31,123000.0,10999.0,–,5-Speed M/T
BMW,X6 M Base,2016,10,52375.0,48600.0,Gasoline,8-Speed A/T
Chrysler,300 S,2016,10,100574.0,17500.0,Gasoline,8-Speed A/T
Chrysler,300 Base,2014,12,85000.0,11250.0,Gasoline,8-Speed A/T
Acura,RDX w/A-Spec Package,2023,3,3959.0,48998.0,Gasoline,Automatic
Chevrolet,Corvette Stingray w/1LT,2021,5,10400.0,72900.0,Gasoline,8-Speed A/T
Chevrolet,Camaro 1SS,2019,7,19200.0,41500.0,Gasoline,6-Speed M/T
Mercedes-Benz,E-Class E 350 4MATIC,2013,13,81000.0,13000.0,Gasoline,A/T
Ford,F-150 Raptor,2022,4,17451.0,77900.0,Gasoline,10-Speed Automatic
Nissan,Versa 1.8 S,2011,15,165000.0,4000.0,Gasoline,A/T
BMW,M3 CS,2024,2,124.0,145000.0,Gasoline,Transmission w/Dual Shift Mode
Hyundai,Accent GLS,2013,13,117500.0,6500.0,Gasoline,6-Speed A/T
Mercedes-Benz,S-Class S 450 4MATIC,2018,8,72500.0,60000.0,Gasoline,A/T
Porsche,911 GT3,2023,3,265.0,279950.0,Gasoline,6-Speed Manual
Mercedes-Benz,AMG GT 63 S 4-Door,2020,6,21214.0,117900.0,Gasoline,9-Speed Automatic
Audi,Q5 3.0 TDI Premium Plus,2014,12,55564.0,22500.0,Diesel,8-Speed A/T
Cadillac,LYRIQ Luxury,2023,3,1090.0,68750.0,,A/T
Volvo,XC60 T5 R-Design,2019,7,43500.0,30000.0,Gasoline,Transmission w/Dual Shift Mode
Mercedes-Benz,AMG GT 53 Base,2019,7,35000.0,83000.0,Hybrid,Transmission w/Dual Shift Mode
GMC,Yukon SLT,2017,9,92031.0,30000.0,Gasoline,A/T
Lexus,GS 350 Base,2016,10,128032.0,18000.0,Gasoline,Transmission w/Dual Shift Mode
Jaguar,XF 25t Premium,2018,8,18800.0,26000.0,Gasoline,8-Speed A/T
BMW,M8 Gran Coupe Competition,2023,3,2900.0,117500.0,Gasoline,8-Speed A/T
Honda,Ridgeline Black Edition,2017,9,91600.0,26000.0,Gasoline,6-Speed A/T
Toyota,4Runner SR5,2019,7,91843.0,30500.0,Gasoline,5-Speed A/T
Ford,Bronco Sport Outer Banks,2021,5,28105.0,32455.0,Gasoline,8-Speed Automatic
Dodge,Charger R/T 392,2017,9,73350.0,37000.0,Gasoline,8-Speed A/T
Mercedes-Benz,GLC 300 GLC 300,2022,4,11875.0,41598.0,Gasoline,Automatic
Tesla,Model S P100D,2018,8,47000.0,49900.0,,A/T
INFINITI,Q50 3.0t Signature Edition,2017,9,67000.0,23000.0,Gasoline,Transmission w/Dual Shift Mode
BMW,340 i,2016,10,117660.0,19500.0,Gasoline,8-Speed A/T
Pontiac,Firebird Trans Am,2001,25,71448.0,10500.0,Gasoline,4-Speed A/T
Nissan,NV Passenger NV3500 HD SV V8,2015,11,86000.0,29500.0,Gasoline,A/T
Lexus,ES 350 Base,2020,6,15324.0,33364.0,Gasoline,8-Speed Automatic
BMW,135 is,2013,13,29400.0,29000.0,Gasoline,6-Speed M/T
Lexus,IS 300 Base,2017,9,68871.0,28450.0,Gasoline,6-Speed A/T
Porsche,Cayenne S,2012,14,126000.0,17999.0,Gasoline,Transmission w/Dual Shift Mode
Pontiac,Solstice GXP,2007,19,25718.0,17900.0,Gasoline,M/T
Porsche,Panamera Turbo,2015,11,67210.0,51950.0,Gasoline,Transmission w/Dual Shift Mode
BMW,X6 xDrive35i,2018,8,27214.0,40950.0,Gasoline,Transmission w/Dual Shift Mode
Ford,F-150 Limited,2019,7,42728.0,45950.0,Gasoline,Transmission w/Dual Shift Mode
MINI,Cooper S Base,2010,16,97395.0,6699.0,Gasoline,6-Speed M/T
Mazda,Mazda3 i SV,2015,11,91700.0,12000.0,Gasoline,A/T
Mitsubishi,Lancer Evolution MR,2011,15,94500.0,27000.0,Gasoline,Transmission w/Dual Shift Mode
Chevrolet,Tahoe LTZ,2014,12,196300.0,10995.0,E85 Flex Fuel,6-Speed A/T
Cadillac,CTS 3.6L Luxury,2015,11,54259.0,19425.0,Gasoline,8-Speed Automatic
Acura,RDX w/Advance Package,2021,5,36267.0,39798.0,Gasoline,Automatic
Land,Rover Range Rover Sport Supercharged HSE,2015,11,175000.0,19500.0,Gasoline,A/T
Chevrolet,Suburban 1500 LTZ,2015,11,159000.0,26900.0,Gasoline,6-Speed A/T
Chevrolet,Camaro 2SS,2016,10,74000.0,32000.0,Gasoline,8-Speed A/T
Chevrolet,Silverado 1500 Hybrid 1HY,2011,15,82963.0,20995.0,Hybrid,4-Speed A/T
Cadillac,XT5 Luxury,2019,7,54323.0,27998.0,Gasoline,Automatic
Nissan,Armada SL,2019,7,59980.0,29000.0,Gasoline,7-Speed A/T
Audi,Q5 S line Premium,2022,4,10120.0,39998.0,Hybrid,Automatic
BMW,X6 M Base,2017,9,25000.0,65000.0,Gasoline,Transmission w/Dual Shift Mode
BMW,740 i,2012,14,126000.0,12700.0,Gasoline,A/T
Toyota,Sequoia TRD Pro,2020,6,37428.0,61599.0,Gasoline,6-Speed A/T
Volkswagen,Jetta GLI,2014,12,99499.0,15000.0,Gasoline,Transmission w/Dual Shift Mode
Honda,Crosstour EX-L,2012,14,90742.0,12980.0,Gasoline,A/T
Land,Rover Range Rover Sport Supercharged,2014,12,125000.0,22500.0,E85 Flex Fuel,8-Speed A/T
Hyundai,Santa Fe Sport 2.0L Turbo Ultimate,2018,8,71669.0,20000.0,Gasoline,A/T
Cadillac,XT5 Luxury,2019,7,44692.0,32368.0,Gasoline,8-Speed Automatic
Jaguar,F-TYPE R,2018,8,16002.0,74900.0,Gasoline,8-Speed A/T
Toyota,FJ Cruiser Base,2014,12,86000.0,41500.0,Gasoline,5-Speed A/T
Toyota,Tundra SR5,2019,7,56000.0,42000.0,Gasoline,6-Speed A/T
Nissan,300ZX Base,1993,33,168000.0,7000.0,–,5-Speed M/T
RAM,1500 Sport,2017,9,41789.0,42500.0,Gasoline,A/T
Ford,Focus SE,2014,12,60109.0,9499.0,E85 Flex Fuel,6-Speed A/T
Mercedes-Benz,GLE 350 Base 4MATIC,2020,6,48000.0,49995.0,Gasoline,A/T
Acura,TL Type S,2008,18,122000.0,11500.0,Gasoline,Transmission w/Dual Shift Mode
Land,Rover Range Rover HSE,2012,14,102800.0,16000.0,Gasoline,A/T
MINI,Convertible Cooper,2022,4,15544.0,28000.0,Gasoline,A/T
Mazda,CX-9 Signature,2019,7,69771.0,27500.0,Gasoline,A/T
Acura,TLX Tech,2023,3,2118.0,41998.0,Gasoline,Automatic
Ford,F-150 Raptor,2021,5,28260.0,72950.0,Gasoline,10-Speed A/T
Honda,Civic Si Base,2020,6,6025.0,27500.0,Gasoline,6-Speed M/T
Hyundai,Elantra SE,2018,8,32697.0,15900.0,Gasoline,6-Speed A/T
Ford,Excursion Limited,2001,25,239000.0,8000.0,Gasoline,A/T
Jaguar,F-TYPE S British Design Edition,2017,9,34150.0,45999.0,Gasoline,8-Speed A/T
Honda,Ridgeline RTL-E,2022,4,9642.0,38999.0,Gasoline,9-Speed Automatic
Pontiac,G6 GTP,2006,20,100545.0,5995.0,Gasoline,4-Speed A/T
Mercedes-Benz,C-Class C300 4MATIC,2021,5,11111.0,38998.0,Gasoline,Automatic
Toyota,FJ Cruiser Base,2007,19,162000.0,23977.0,Gasoline,5-Speed A/T
Buick,Enclave Premium,2020,6,87555.0,31650.0,Gasoline,9-Speed Automatic
Chevrolet,Tahoe LTZ,2015,11,102200.0,25000.0,Gasoline,A/T
Bentley,Continental GTC V8,2013,13,18950.0,77999.0,Gasoline,Transmission w/Dual Shift Mode
Mercedes-Benz,SLK-Class SLK 350,2015,11,16000.0,30500.0,Gasoline,7-Speed A/T
Cadillac,Escalade Premium Luxury,2022,4,19250.0,86999.0,Gasoline,10-Speed A/T
BMW,535 i xDrive,2015,11,65000.0,24995.0,Gasoline,Transmission w/Dual Shift Mode
MINI,Cooper S Base,2007,19,110022.0,6250.0,Gasoline,6-Speed M/T
Bentley,Continental GT Base,2012,14,79089.0,46999.0,E85 Flex Fuel,A/T
Lexus,GX 460 Premium,2023,3,2533.0,64900.0,Gasoline,A/T
Audi,Q7 3.0T Premium Plus,2014,12,96273.0,15495.0,Gasoline,8-Speed A/T
Cadillac,CT6 Luxury,2020,6,22187.0,45480.0,Gasoline,10-Speed Automatic
GMC,Sierra 1500 SL Crew Cab,2009,17,137000.0,20000.0,Gasoline,A/T
Nissan,GT-R Premium,2009,17,60747.0,71999.0,Gasoline,6-Speed A/T
Dodge,Ram 1500 ST,2007,19,36500.0,16000.0,Gasoline,A/T
Ford,Bronco Outer Banks,2021,5,19590.0,54999.0,Gasoline,10-Speed A/T
Nissan,GT-R Black Edition,2015,11,16850.0,95000.0,Gasoline,Transmission w/Dual Shift Mode
Cadillac,Escalade ESV Sport,2021,5,4500.0,105000.0,Gasoline,10-Speed A/T
Chevrolet,Cruze LT,2012,14,194000.0,4900.0,Gasoline,6-Speed A/T
Lexus,GX 460 Base,2020,6,48210.0,47449.0,Gasoline,6-Speed Automatic
BMW,750 i,2018,8,81500.0,41250.0,Gasoline,8-Speed A/T
Ford,F-150 XLT,2021,5,77107.0,39995.0,Gasoline,10-Speed Automatic
BMW,535 i xDrive,2015,11,58664.0,20950.0,Gasoline,8-Speed A/T
Mitsubishi,Montero Limited,2004,22,145000.0,8950.0,Gasoline,A/T
Lexus,LS 500 F Sport,2018,8,15055.0,59000.0,Gasoline,A/T
Tesla,Model S 85D,2015,11,67647.0,28000.0,,1-Speed A/T
Lexus,LC 500 Base,2021,5,915.0,159000.0,Gasoline,10-Speed A/T
Mazda,MX-5 Miata Shinsen,2003,23,46873.0,11500.0,Gasoline,5-Speed M/T
Cadillac,Escalade ESV Premium Luxury,2021,5,53169.0,81500.0,Gasoline,A/T
Lexus,GX 460 Premium,2022,4,35700.0,51900.0,Gasoline,A/T
Nissan,Pathfinder Platinum,2014,12,112600.0,13000.0,Gasoline,CVT Transmission
GMC,Yukon SLE,2015,11,112552.0,24440.0,Gasoline,6-Speed Automatic
BMW,M3 Base,2003,23,127273.0,15000.0,Gasoline,6-Speed M/T
Lexus,IS 250 Base,2007,19,189887.0,3995.0,Gasoline,A/T
BMW,640 i,2012,14,76465.0,22500.0,Gasoline,8-Speed A/T
Mitsubishi,Eclipse Spyder GT,2007,19,136400.0,6750.0,Gasoline,5-Speed A/T
Ford,Thunderbird Deluxe,2004,22,79635.0,13500.0,Gasoline,A/T
Tesla,Model Y Long Range,2022,4,4665.0,46598.0,,Automatic
Buick,Enclave 1XL,2011,15,170000.0,4000.0,Gasoline,6-Speed A/T
Ford,F-150 XLT,2018,8,67650.0,30000.0,Gasoline,A/T
Lexus,ES 350 Base,2016,10,119850.0,19000.0,Gasoline,A/T
Acura,TL Type S,2008,18,116500.0,15999.0,Gasoline,6-Speed M/T
Mercury,Capri XR2,1993,33,120644.0,4200.0,–,5-Speed M/T
Ford,Transit Connect XLT,2010,16,169802.0,9985.0,Gasoline,4-Speed Automatic
BMW,X3 M40i,2021,5,36905.0,50000.0,Gasoline,Transmission w/Dual Shift Mode
Jeep,Gladiator Willys,2022,4,8400.0,47000.0,Gasoline,8-Speed A/T
Hummer,H2 Base,2003,23,149961.0,12500.0,Gasoline,A/T
Mercedes-Benz,C-Class C 63 AMG,2014,12,84500.0,41500.0,Gasoline,7-Speed A/T
Lamborghini,Aventador LP700-4,2016,10,3254.0,399900.0,Gasoline,7-Speed Automatic with Auto-Shift
Mercedes-Benz,G-Class G 550 4MATIC,2016,10,96000.0,65000.0,Gasoline,A/T
Nissan,GT-R Premium,2009,17,88000.0,57000.0,Gasoline,Transmission w/Dual Shift Mode
Audi,R8 4.2 quattro Spyder,2011,15,35322.0,94900.0,Gasoline,6-Speed Manual
Acura,TLX A-Spec,2020,6,32500.0,32000.0,Gasoline,A/T
Audi,A6 3.0T Premium Plus,2016,10,71280.0,22000.0,Gasoline,A/T
Porsche,Panamera 2,2011,15,37200.0,27500.0,Gasoline,7-Speed A/T
Saturn,Sky Red Line,2008,18,94291.0,14500.0,Gasoline,A/T
Maserati,Coupe Cambiocorsa,2006,20,54082.0,17000.0,Gasoline,Transmission w/Dual Shift Mode
Volvo,XC90 Recharge Plug-In Hybrid T8 Inscription 7 Passenger,2022,4,7800.0,66000.0,Plug-In Hybrid,8-Speed A/T
Jeep,Wrangler Sport,2016,10,86250.0,22000.0,Gasoline,5-Speed A/T
BMW,X5 xDrive50i,2016,10,75479.0,27899.0,Gasoline,Transmission w/Dual Shift Mode
BMW,750 i,2017,9,24650.0,50000.0,Gasoline,A/T
Volkswagen,Golf R 4-Door,2013,13,102750.0,20000.0,Gasoline,6-Speed M/T
Alfa,Romeo Stelvio Base,2018,8,50000.0,27500.0,Gasoline,A/T
BMW,X5 xDrive35i,2017,9,72700.0,27499.0,Gasoline,A/T
BMW,X6 M Base,2018,8,54293.0,49000.0,Gasoline,8-Speed A/T
Lexus,IS 300 Base,2018,8,16000.0,30500.0,Gasoline,6-Speed A/T
Lamborghini,Gallardo SE,2006,20,19500.0,129000.0,Gasoline,6-Speed A/T
BMW,428 i,2014,12,71000.0,16700.0,Gasoline,Transmission w/Dual Shift Mode
BMW,X5 xDrive40i,2019,7,60000.0,36500.0,Gasoline,8-Speed A/T
Porsche,Boxster Base,1998,28,75539.0,11995.0,Gasoline,5-Speed M/T
Alfa,Romeo Giulia Base,2017,9,36000.0,21000.0,Gasoline,8-Speed A/T
Mercedes-Benz,C-Class C 300,2019,7,76422.0,28998.0,Gasoline,Automatic
Nissan,370Z NISMO Tech,2016,10,42600.0,31950.0,Gasoline,7-Speed A/T
Rivian,R1S Adventure Package,2023,3,211.0,99000.0,,A/T
Chevrolet,Suburban LT,2017,9,98888.0,29000.0,Gasoline,A/T
Ford,Fusion Hybrid SE,2019,7,64532.0,19395.0,Hybrid,A/T
BMW,X3 xDrive35i,2011,15,75500.0,12975.0,Gasoline,A/T
Buick,Envision Preferred,2019,7,32000.0,27000.0,Gasoline,A/T
Buick,Envision Essence,2019,7,47839.0,24991.0,Gasoline,6-Speed Automatic
Porsche,Cayenne GTS,2013,13,98413.0,34900.0,Gasoline,Transmission w/Dual Shift Mode
Audi,RS 5 2.9T,2022,4,9628.0,78500.0,Gasoline,8-Speed A/T
Jaguar,XK8 Base,1999,27,15000.0,16370.0,Gasoline,5-Speed A/T
Audi,R8 5.2 V10,2021,5,6397.0,172900.0,Gasoline,7-Speed Automatic with Auto-Shift
Honda,Pilot Black Edition,2022,4,22564.0,44998.0,Gasoline,Automatic
Lexus,RX 350 Crafted Line F Sport,2015,11,110000.0,28000.0,Gasoline,Transmission w/Dual Shift Mode
Mercedes-Benz,Sprinter 3500 High Roof,2022,4,105.0,200000.0,Diesel,7-Speed A/T
Toyota,4Runner Limited,2004,22,186117.0,13000.0,Gasoline,A/T
Jeep,Wrangler Sport,2002,24,103500.0,12500.0,Gasoline,M/T
Cadillac,CT6-V 4.2L Blackwing Twin Turbo,2019,7,8074.0,76700.0,Gasoline,10-Speed Automatic
BMW,M3 Base,2011,15,43000.0,50900.0,Gasoline,6-Speed M/T
BMW,750 i,2015,11,70700.0,23000.0,Gasoline,8-Speed A/T
Chevrolet,Trailblazer RS,2022,4,42479.0,28495.0,Gasoline,9-Speed Automatic
Ford,Excursion XLT 4WD,2000,26,205000.0,9950.0,Gasoline,A/T
Audi,SQ5 3.0T Premium Plus,2019,7,22300.0,38999.0,Gasoline,8-Speed A/T
Ford,Expedition EL Limited,2017,9,104000.0,19995.0,Gasoline,A/T
Ford,Bronco Sport Base,2022,4,13865.0,29182.0,Gasoline,8-Speed Automatic
BMW,M4 Competition xDrive,2022,4,15882.0,84995.0,Gasoline,8-Speed A/T
Land,Rover Defender,2022,4,12209.0,104900.0,Gasoline,8-Speed Automatic
Mercedes-Benz,AMG GLC 43 AMG GLC 43,2021,5,10483.0,60998.0,Gasoline,Automatic
Nissan,GT-R Premium,2017,9,31150.0,113000.0,Gasoline,Transmission w/Dual Shift Mode
Chrysler,200 C,2015,11,44000.0,12700.0,E85 Flex Fuel,A/T
Hummer,H2 Base,2003,23,109000.0,17500.0,Gasoline,A/T
BMW,M4 Base,2020,6,31350.0,62450.0,Gasoline,Transmission w/Dual Shift Mode
Audi,Q8 55 Premium Plus,2021,5,30000.0,62000.0,Hybrid,8-Speed A/T
Land,Rover Range Rover HSE,2012,14,66500.0,19950.0,Gasoline,A/T
Nissan,Frontier SV,2012,14,96600.0,17000.0,Gasoline,A/T
Toyota,Highlander LE Plus,2015,11,198000.0,14000.0,Gasoline,A/T
Audi,S4 3.0T Premium Plus,2013,13,91877.0,24000.0,Gasoline,A/T
Ford,Expedition Max Limited,2018,8,45578.0,45023.0,Gasoline,10-Speed A/T
BMW,228 i,2015,11,54000.0,19996.0,Gasoline,6-Speed M/T
Land,Rover Range Rover Sport HST MHEV,2020,6,52000.0,55000.0,Hybrid,8-Speed A/T
Mercedes-Benz,E-Class AMG E 53,2020,6,23044.0,72598.0,Hybrid,Automatic
Porsche,911 Carrera,2008,18,132500.0,35000.0,Gasoline,6-Speed M/T
Dodge,Dakota SLT Quad Cab,2006,20,256000.0,4000.0,Gasoline,A/T
Mercedes-Benz,SL-Class SL63 AMG Roadster,2009,17,31370.0,65700.0,Gasoline,Transmission w/Dual Shift Mode
Chrysler,Sebring LX,2008,18,67303.0,4900.0,Gasoline,A/T
Chevrolet,Corvette Stingray w/3LT,2021,5,12000.0,99900.0,Gasoline,A/T
Ford,Bronco Outer Banks,2023,3,16500.0,54000.0,Gasoline,A/T
Toyota,Tacoma TRD Pro,2018,8,28800.0,42900.0,Gasoline,"Manual, 6-Spd"
RAM,ProMaster 2500 High Roof,2019,7,88000.0,39900.0,Gasoline,6-Speed A/T
Ford,Shelby GT350 Base,2018,8,18515.0,60867.0,Gasoline,6-Speed M/T
Tesla,Model 3 Performance,2018,8,92813.0,30499.0,,1-Speed A/T
Land,Rover Range Rover P530 SE LWB 7 Seat,2023,3,2100.0,172000.0,Gasoline,8-Speed A/T
Volvo,XC60 T6 Inscription,2019,7,58600.0,29000.0,Gasoline,A/T
Lexus,LS 460 Crafted Line,2015,11,74500.0,33900.0,Gasoline,Transmission w/Dual Shift Mode
Tesla,Model S 100D,2018,8,33500.0,51900.0,,A/T
Cadillac,XT6 Premium Luxury AWD,2023,3,222.0,69000.0,Gasoline,A/T
Chevrolet,Avalanche 1500 LTZ,2007,19,75124.0,16499.0,E85 Flex Fuel,A/T
Chevrolet,Corvette Grand Sport,2013,13,15500.0,45000.0,Gasoline,Transmission w/Dual Shift Mode
Audi,Q8 55 Premium,2020,6,34300.0,52500.0,Hybrid,8-Speed A/T
Honda,Odyssey Elite,2019,7,82000.0,32471.0,Gasoline,10-Speed A/T
Acura,TLX,2023,3,3389.0,38598.0,Gasoline,Automatic
Porsche,Cayenne GTS Coupe AWD,2023,3,10000.0,145000.0,Gasoline,8-Speed A/T
Cadillac,STS V6,2005,21,96000.0,4999.0,Gasoline,A/T
Dodge,Charger R/T,2021,5,7751.0,41950.0,Gasoline,8-Speed A/T
Audi,RS 7 4.0T Performance Prestige,2017,9,66250.0,59200.0,Gasoline,8-Speed A/T
Lexus,CT 200h Premium,2012,14,109000.0,14945.0,Hybrid,A/T
Hyundai,Genesis Coupe 3.8 Base,2015,11,60000.0,17000.0,Gasoline,Transmission w/Dual Shift Mode
Tesla,Model S Performance,2020,6,14700.0,63000.0,,1-Speed A/T
Mercedes-Benz,E-Class E 350 4MATIC,2022,4,9006.0,56999.0,Gasoline,9-Speed A/T
Toyota,GR86 Base,2022,4,13400.0,33499.0,Gasoline,6-Speed A/T
Porsche,Macan S,2020,6,28570.0,55998.0,Gasoline,Automatic
Dodge,Durango SRT,2018,8,78000.0,44700.0,Gasoline,Transmission w/Dual Shift Mode
Lexus,LX 570 Base,2013,13,134000.0,29995.0,Gasoline,A/T
Kia,Optima Hybrid EX,2013,13,104994.0,9000.0,Hybrid,6-Speed A/T
Bentley,Continental GT V8 S,2016,10,31500.0,103900.0,Gasoline,8-Speed A/T
Alfa,Romeo Giulia Base,2020,6,30000.0,28900.0,Gasoline,8-Speed A/T
Lexus,LX 600 F SPORT,2023,3,490.0,124999.0,Gasoline,A/T
Porsche,Taycan Turbo,2020,6,18000.0,105000.0,,A/T
Toyota,Sequoia Limited,2017,9,67000.0,37999.0,E85 Flex Fuel,6-Speed A/T
Kia,K5 EX,2021,5,8263.0,29000.0,Gasoline,A/T
RAM,1500 Big Horn,2021,5,35003.0,40999.0,Gasoline,8-Speed Automatic
Chevrolet,Corvette Base,2008,18,80000.0,31000.0,Gasoline,6-Speed A/T
Chevrolet,Corvette Stingray w/1LT,2022,4,6200.0,99999.0,Gasoline,Transmission w/Dual Shift Mode
Jaguar,F-TYPE S,2014,12,74595.0,32450.0,Gasoline,8-Speed A/T
Audi,A7 3.0T Prestige,2013,13,87066.0,20999.0,Gasoline,8-Speed A/T
Audi,Q8 3.0T Prestige,2019,7,38360.0,49936.0,Gasoline,8-Speed Automatic
Kia,Telluride SX,2020,6,38000.0,41999.0,Gasoline,8-Speed A/T
Toyota,Camry Hybrid XLE,2018,8,69641.0,23995.0,Hybrid,CVT Transmission
Toyota,GR86 Premium,2022,4,1275.0,47999.0,Gasoline,6-Speed A/T
BMW,M3 Base,2001,25,60000.0,25000.0,Gasoline,6-Speed M/T
Jeep,Wrangler Rubicon,2014,12,99450.0,21000.0,Gasoline,6-Speed M/T
Toyota,Tundra Hybrid Capstone,2023,3,200.0,82500.0,Hybrid,10-Speed A/T
Porsche,Panamera 4 Edition,2016,10,68000.0,32950.0,Gasoline,Transmission w/Dual Shift Mode
Lexus,GS 350 Base,2010,16,212000.0,9450.0,Gasoline,A/T
GMC,Sierra 3500 Denali,2019,7,73091.0,58500.0,Diesel,A/T
Kia,Niro Plug-In Hybrid EX,2023,3,9400.0,31500.0,Plug-In Hybrid,A/T
Porsche,Cayenne Base,2014,12,117697.0,16975.0,Gasoline,8-Speed A/T
Mercedes-Benz,S-Class S 65 AMG,2015,11,95428.0,55000.0,Gasoline,A/T
Lexus,GX 460 Premium,2017,9,116300.0,31950.0,Gasoline,6-Speed A/T
Acura,MDX Sport Hybrid 3.0L w/Technology Package,2019,7,56778.0,41899.0,Hybrid,7-Speed A/T
Audi,Q5 S line Premium Plus,2023,3,5682.0,48698.0,Hybrid,Automatic
BMW,530 i,2017,9,37000.0,31000.0,Gasoline,A/T
Kia,Forte Koup EX,2015,11,103748.0,8500.0,Gasoline,A/T
Toyota,Sequoia Limited,2005,21,86000.0,22500.0,Gasoline,A/T
Land,Rover LR4 HSE,2013,13,125900.0,21000.0,Gasoline,A/T
Nissan,Titan SV,2023,3,6200.0,48000.0,Gasoline,9-Speed A/T
Ford,F-250 Lariat,2019,7,85000.0,52500.0,Diesel,6-Speed A/T
Mercedes-Benz,AMG GT AMG GT,2017,9,19324.0,75000.0,Gasoline,Transmission w/Dual Shift Mode
Cadillac,Escalade Platinum,2018,8,49273.0,54000.0,Gasoline,A/T
Tesla,Model 3 Standard Range Plus,2019,7,42094.0,32000.0,,A/T
BMW,M3 Base,2017,9,44000.0,55000.0,Gasoline,7-Speed A/T
Chevrolet,Cruze LT,2012,14,148377.0,5500.0,Gasoline,6-Speed A/T
Dodge,Challenger SRT8,2010,16,70000.0,22000.0,Gasoline,6-Speed M/T
Mercedes-Benz,Sprinter 2500,2016,10,143290.0,33490.0,Diesel,A/T
Ford,F-350 Platinum,2019,7,69205.0,73500.0,Diesel,Transmission w/Dual Shift Mode
Chevrolet,Tahoe LTZ,2015,11,123500.0,25650.0,Gasoline,6-Speed A/T
Audi,Q7 3.0T Prestige,2018,8,70773.0,30950.0,Gasoline,A/T
Jeep,Patriot Latitude,2015,11,109000.0,7599.0,Gasoline,A/T
INFINITI,QX70 Base,2014,12,71097.0,18995.0,Gasoline,7-Speed A/T
BMW,X5 xDrive35i,2013,13,76309.0,12000.0,Gasoline,A/T
Tesla,Model 3,2018,8,26609.0,36998.0,,Automatic
Land,Rover Range Rover P400 SE LWB 7 Seat,2023,3,4126.0,155000.0,Hybrid,A/T
Nissan,240SX Base,1996,30,160490.0,15500.0,–,5-Speed M/T
Cadillac,ATS 2.5L,2014,12,80400.0,15000.0,Gasoline,A/T
Toyota,RAV4 Base,2010,16,123620.0,9900.0,Gasoline,4-Speed A/T
Acura,TSX Technology,2011,15,187883.0,5500.0,Gasoline,A/T
Mercedes-Benz,G-Class G 550 4MATIC,2020,6,45000.0,133000.0,Gasoline,A/T
Honda,Civic Sport,2022,4,25420.0,24500.0,Gasoline,CVT Transmission
BMW,M3 Base,2011,15,129999.0,29999.0,Gasoline,6-Speed M/T
BMW,M3 Base,2008,18,41048.0,38490.0,Gasoline,Transmission w/Dual Shift Mode
Nissan,Cube 1.8 S,2010,16,72500.0,6750.0,Gasoline,6-Speed M/T
RAM,ProMaster 3500 Tradesman,2014,12,143390.0,13000.0,Gasoline,6-Speed A/T
Acura,RDX Base,2018,8,68425.0,23500.0,Gasoline,6-Speed A/T
Toyota,4Runner Limited,2018,8,95000.0,33000.0,Gasoline,A/T
RAM,1500 Limited,2019,7,29000.0,49500.0,Gasoline,8-Speed A/T
Chevrolet,Corvette Base,2003,23,145000.0,22000.0,Gasoline,A/T
Land,Rover Defender 110 SE,2020,6,29700.0,68000.0,Hybrid,8-Speed A/T
Jeep,Grand Cherokee Laredo,2011,15,98658.0,14995.0,Gasoline,5-Speed A/T
Volvo,S80 T6,2009,17,97615.0,10500.0,Gasoline,6-Speed A/T
Porsche,Cayenne S,2014,12,36000.0,37000.0,Gasoline,8-Speed A/T
Mazda,CX-30 Select,2021,5,61874.0,22389.0,Gasoline,6-Speed Automatic
Chrysler,Town & Country Touring,2012,14,74582.0,8500.0,E85 Flex Fuel,6-Speed A/T
INFINITI,FX37 Base,2013,13,51500.0,23900.0,Gasoline,A/T
Toyota,FJ Cruiser Base,2007,19,193827.0,14950.0,Gasoline,A/T
Chevrolet,Silverado 1500 LT,2019,7,53433.0,36950.0,Gasoline,A/T
Mercedes-Benz,C-Class C 63 AMG,2012,14,103000.0,40000.0,Gasoline,7-Speed A/T
BMW,428 Gran Coupe i xDrive,2016,10,59000.0,20999.0,Gasoline,Transmission w/Dual Shift Mode
Lexus,GX 460 Premium,2017,9,82000.0,32900.0,Gasoline,A/T
Porsche,Panamera Edition,2016,10,60000.0,45000.0,Gasoline,A/T
Cadillac,Escalade ESV Platinum,2017,9,93971.0,47000.0,Gasoline,A/T
Lexus,IS 350 Base,2015,11,62600.0,27500.0,Gasoline,Transmission w/Dual Shift Mode
Mercedes-Benz,E-Class E 350 4MATIC,2014,12,84450.0,19000.0,Gasoline,7-Speed A/T
Audi,Q5 S line Premium,2022,4,18099.0,40798.0,Hybrid,Automatic
Mercedes-Benz,E-Class E 350 4MATIC,2014,12,76500.0,17999.0,Gasoline,7-Speed A/T
Chevrolet,Camaro 1LT,2017,9,74000.0,19800.0,Gasoline,A/T
RAM,1500 Laramie,2022,4,15607.0,45999.0,Gasoline,8-Speed Automatic
Chevrolet,Silverado 1500 1LZ,2014,12,111095.0,26000.0,E85 Flex Fuel,6-Speed A/T
Toyota,Camry Solara SLE,2007,19,37216.0,14995.0,Gasoline,A/T
Jaguar,F-TYPE S,2015,11,25786.0,38500.0,Gasoline,8-Speed A/T
Jeep,Gladiator Sport,2021,5,15520.0,40459.0,Gasoline,8-Speed Automatic
RAM,1500 Big Horn,2021,5,49583.0,42816.0,Gasoline,8-Speed Automatic
Porsche,Cayenne Diesel,2015,11,97300.0,29995.0,Diesel,8-Speed A/T
Chevrolet,Camaro Base,2002,24,89000.0,10400.0,Gasoline,A/T
Porsche,Cayenne S,2015,11,52111.0,37500.0,Gasoline,8-Speed A/T
Dodge,Challenger R/T Scat Pack,2019,7,75800.0,35998.0,Gasoline,Automatic
Lexus,ES 350 Base,2010,16,113500.0,11000.0,Gasoline,A/T
Audi,Q3 2.0T Premium Plus,2015,11,155382.0,13500.0,Gasoline,A/T
Mercedes-Benz,E-Class E 550,2016,10,49643.0,33995.0,Gasoline,7-Speed A/T
BMW,650 i xDrive,2015,11,76474.0,32000.0,Gasoline,Transmission w/Dual Shift Mode
Porsche,Cayman Base,2016,10,10431.0,50999.0,Gasoline,7-Speed A/T
INFINITI,FX50 Base,2009,17,190120.0,12500.0,Gasoline,7-Speed A/T
Ford,F-150 XLT,2020,6,92000.0,29999.0,Gasoline,10-Speed A/T
Chevrolet,Camaro 2LT,2017,9,24000.0,32000.0,Gasoline,6-Speed M/T
RAM,1500 Big Horn,2020,6,25396.0,43250.0,Gasoline,8-Speed Automatic
Chevrolet,Silverado 2500 H/D,2001,25,167000.0,6500.0,Gasoline,4-Speed A/T
RAM,1500 Laramie,2022,4,18645.0,49700.0,Gasoline,Automatic
Porsche,911 Turbo,2018,8,28470.0,147500.0,Gasoline,Transmission w/Dual Shift Mode
Ford,Mustang V6,2016,10,54000.0,23999.0,Gasoline,6-Speed A/T
Hyundai,Accent GL,2003,23,83000.0,2900.0,Gasoline,M/T
Audi,Q5 S line Premium Plus,2022,4,10071.0,40598.0,Hybrid,Automatic
Ford,F-150 XLT,2021,5,43329.0,43642.0,Gasoline,10-Speed Automatic
Lexus,RC F Base,2015,11,51400.0,43000.0,Gasoline,8-Speed A/T
Chevrolet,Suburban 1500 LT,2015,11,153800.0,23000.0,E85 Flex Fuel,6-Speed A/T
Land,Rover Range Rover Sport SVR Carbon Edition,2022,4,9000.0,115000.0,Gasoline,A/T
Dodge,Viper SRT-10,2003,23,10800.0,65499.0,Gasoline,6-Speed M/T
RAM,1500 Laramie,2020,6,10458.0,48815.0,Gasoline,8-Speed Automatic
BMW,328 i,2014,12,84709.0,13800.0,Gasoline,8-Speed A/T
Mercedes-Benz,AMG C 43 AMG C 43 4MATIC,2019,7,33500.0,45770.0,Gasoline,9-Speed A/T
BMW,M4 Base,2015,11,98000.0,32999.0,Gasoline,Transmission w/Dual Shift Mode
BMW,750 i,2008,18,94653.0,7300.0,Gasoline,A/T
Ford,Expedition Limited,2023,3,9281.0,85000.0,Gasoline,A/T
Chevrolet,Traverse Premier,2023,3,11806.0,47000.0,Gasoline,9-Speed A/T
Mercedes-Benz,E-Class D 2.5 Turbo,1993,33,70015.0,22500.0,–,4-Speed A/T
Cadillac,Escalade Platinum,2020,6,48613.0,61500.0,Gasoline,A/T
RAM,3500 Tradesman,2023,3,2990.0,69900.0,Diesel,A/T
Audi,TT 1.8L,2005,21,124747.0,6900.0,Gasoline,Transmission w/Dual Shift Mode
RAM,1500 Big Horn,2021,5,24000.0,42000.0,Hybrid,A/T
Mazda,CX-7 Sport,2009,17,113000.0,5499.0,Gasoline,6-Speed A/T
INFINITI,QX60 Base,2017,9,89106.0,18000.0,Gasoline,Transmission w/Dual Shift Mode
Ford,F-250 Platinum,2017,9,22000.0,53000.0,E85 Flex Fuel,6-Speed A/T
Jeep,Compass Limited,2022,4,20472.0,28298.0,Gasoline,9-Speed Automatic
INFINITI,QX80 SENSORY,2023,3,8600.0,78990.0,Gasoline,7-Speed A/T
Chevrolet,Silverado 1500 Limited LT Trail Boss,2022,4,4753.0,57000.0,Gasoline,10-Speed A/T
Hyundai,Genesis Coupe 2.0T,2010,16,65000.0,8900.0,Gasoline,A/T
Chevrolet,Camaro 1SS,2021,5,15000.0,43500.0,Gasoline,6-Speed M/T
Chevrolet,Tahoe Base,1997,29,229000.0,19500.0,Diesel,A/T
Audi,A6 3.0 TDI Premium Plus,2014,12,42400.0,26500.0,Diesel,8-Speed A/T
Land,Rover Defender S,2023,3,15840.0,69900.0,Gasoline,8-Speed A/T
Porsche,Cayenne S,2016,10,76200.0,42000.0,Gasoline,Transmission w/Dual Shift Mode
Chevrolet,Suburban Premier,2019,7,105667.0,39000.0,Gasoline,6-Speed A/T
Chevrolet,Suburban Premier,2019,7,51338.0,49900.0,Gasoline,6-Speed A/T
Dodge,Dart SE,2016,10,76857.0,8100.0,Gasoline,M/T
Ford,F-250 Lariat,2019,7,80200.0,42500.0,E85 Flex Fuel,A/T
Toyota,Sequoia SR5,2002,24,244200.0,3950.0,Gasoline,A/T
Ford,Mustang GT,2014,12,38560.0,28500.0,Gasoline,6-Speed M/T
Chevrolet,Corvette Stingray w/2LT,2020,6,12500.0,84999.0,Gasoline,Transmission w/Dual Shift Mode
Hyundai,Genesis Coupe 3.8 Base,2016,10,45303.0,20999.0,Gasoline,8-Speed A/T
Ford,Focus ST Base,2014,12,110000.0,9495.0,Gasoline,6-Speed M/T
Cadillac,CTS Luxury,2011,15,66200.0,16499.0,Gasoline,6-Speed A/T
Subaru,Baja Base,2003,23,71000.0,14900.0,Gasoline,5-Speed M/T
Toyota,Highlander XLE,2019,7,81301.0,30275.0,Gasoline,8-Speed Automatic
Chevrolet,Corvette Stingray Z51,2019,7,7033.0,63900.0,Gasoline,8-Speed A/T
Dodge,Durango SRT,2020,6,36000.0,62000.0,Gasoline,8-Speed A/T
Acura,TSX 2.4,2010,16,116000.0,9000.0,Gasoline,6-Speed M/T
Chevrolet,Camaro 2SS,2018,8,42780.0,41100.0,Gasoline,Transmission w/Dual Shift Mode
BMW,640 Gran Coupe i,2014,12,39886.0,26000.0,Gasoline,Transmission w/Dual Shift Mode
Audi,S5 3.0T Premium Plus,2014,12,151400.0,15400.0,Gasoline,Transmission w/Dual Shift Mode
Alfa,Romeo Giulia Base,2017,9,48000.0,20500.0,Gasoline,A/T
Toyota,Highlander XLE,2023,3,8727.0,44596.0,Gasoline,8-Speed Automatic
Rolls-Royce,Ghost Base,2011,15,79000.0,80300.0,Gasoline,8-Speed A/T
Dodge,Challenger R/T,2020,6,54000.0,34000.0,Gasoline,8-Speed A/T
Porsche,Cayenne Base,2016,10,110000.0,25900.0,Gasoline,A/T
Chevrolet,Bolt EV LT,2020,6,49688.0,24900.0,,A/T
Mercedes-Benz,Metris Base,2020,6,14000.0,48000.0,Gasoline,7-Speed A/T
Dodge,Charger SRT Hellcat Widebody,2023,3,5000.0,110000.0,Gasoline,Transmission w/Dual Shift Mode
Chevrolet,Silverado 1500 ZR2,2022,4,11597.0,68590.0,Gasoline,Automatic
Mercedes-Benz,AMG S 63 Base 4MATIC,2017,9,86101.0,72777.0,Gasoline,A/T
Chevrolet,Silverado 1500 LT,2017,9,58816.0,36590.0,Gasoline,6-Speed Electronically Controlled Automatic with O
Lexus,RC 350 Base,2016,10,77856.0,30919.0,Gasoline,6-Speed Automatic
Lamborghini,Urus Base,2021,5,20069.0,229900.0,Gasoline,8-Speed Automatic
GMC,Acadia SLE-1,2015,11,115282.0,12433.0,Gasoline,6-Speed Automatic
Porsche,911 GT3,2016,10,30700.0,138999.0,Gasoline,7-Speed A/T
MINI,Cooper Base,2003,23,103726.0,5995.0,Gasoline,5-Speed M/T
Mazda,MX-5 Miata Sport,2008,18,39800.0,13250.0,Gasoline,Transmission w/Dual Shift Mode
Toyota,4Runner TRD Off Road,2019,7,79500.0,33333.0,Gasoline,A/T
Toyota,Highlander Limited,2008,18,165520.0,9000.0,Gasoline,A/T
BMW,650 Gran Coupe i,2014,12,92000.0,24000.0,Gasoline,Transmission w/Dual Shift Mode
Hyundai,Palisade Calligraphy,2023,3,1500.0,55000.0,Gasoline,Transmission w/Dual Shift Mode
Pontiac,Solstice GXP,2008,18,38100.0,19950.0,Gasoline,5-Speed M/T
Land,Rover Range Rover Evoque SE Premium,2018,8,42125.0,38999.0,Gasoline,Transmission w/Dual Shift Mode
Porsche,Cayenne Diesel,2014,12,86818.0,33500.0,Diesel,Transmission w/Dual Shift Mode
BMW,M3 Competition xDrive,2023,3,3490.0,95580.0,Gasoline,8-Speed A/T
Toyota,Avalon Limited,2008,18,111300.0,7900.0,Gasoline,Transmission w/Dual Shift Mode
BMW,M3 Base,2011,15,98200.0,27000.0,Gasoline,7-Speed A/T
Porsche,Panamera Base,2018,8,42500.0,53999.0,Gasoline,8-Speed A/T
Jeep,Wrangler Sport,2001,25,171000.0,15000.0,Gasoline,5-Speed M/T
Honda,Passport TrailSport,2023,3,11649.0,39999.0,Gasoline,9-Speed A/T
Mercedes-Benz,SL-Class SL 550,2013,13,24933.0,40250.0,Gasoline,Transmission w/Dual Shift Mode
Audi,RS 4 Base,2007,19,99769.0,29995.0,Gasoline,6-Speed M/T
Toyota,Avalon Limited,2022,4,16156.0,39390.0,Gasoline,8-Speed Automatic
Mercedes-Benz,E-Class E 350 4MATIC,2008,18,67250.0,11900.0,Gasoline,A/T
GMC,Yukon Denali,2021,5,30022.0,74500.0,Gasoline,A/T
Porsche,Panamera 4S,2017,9,42596.0,78000.0,Gasoline,Transmission w/Dual Shift Mode
Ford,Explorer XLT,2021,5,33705.0,36995.0,Gasoline,10-Speed Automatic
Land,Rover LR4 HSE LUX Landmark Edition,2016,10,63300.0,31000.0,Gasoline,8-Speed A/T
Acura,TLX Type S w/Performance Tire,2023,3,4700.0,52000.0,Gasoline,10-Speed A/T
Toyota,Tacoma Base,2020,6,27256.0,42998.0,Gasoline,6 Speed At/Mt
Hummer,H3 Base,2010,16,107481.0,13500.0,Gasoline,A/T
Tesla,Model 3 Long Range,2018,8,61700.0,25900.0,,A/T
Volvo,850 Turbo,1995,31,94000.0,4500.0,–,A/T
Jeep,Wrangler Unlimited Sahara,2017,9,128000.0,26800.0,Gasoline,5-Speed A/T
Chevrolet,Camaro 2SS,2018,8,26000.0,39000.0,Gasoline,8-Speed A/T
Audi,S6 4.0T,2015,11,74000.0,29950.0,Gasoline,7-Speed A/T
Audi,TT RS Base,2012,14,54900.0,28900.0,Gasoline,6-Speed M/T
INFINITI,QX56 Base,2012,14,141775.0,11500.0,Gasoline,Transmission w/Dual Shift Mode
Volkswagen,New Beetle GLS,2001,25,63250.0,12000.0,Gasoline,4-Speed A/T
Audi,Q5 S line Premium Plus,2022,4,13895.0,44998.0,Hybrid,Automatic
Lamborghini,Aventador LP750-4 Superveloce,2017,9,10654.0,449991.0,Gasoline,Automatic
Ford,F-250 XL,2014,12,35900.0,27900.0,E85 Flex Fuel,Transmission w/Dual Shift Mode
GMC,Yukon XL Denali,2022,4,48306.0,71999.0,Gasoline,10-Speed Automatic
Audi,A4 2.0T Premium,2012,14,125000.0,10500.0,Gasoline,8-Speed A/T
Dodge,Challenger SRT 392,2016,10,37700.0,38000.0,–,8-Speed A/T
Tesla,Model S P100D,2017,9,103000.0,36000.0,,1-Speed A/T
Mazda,CX-30 Premium Package,2021,5,45303.0,25382.0,Gasoline,6-Speed Automatic
Lexus,ES 350 Base,2016,10,53900.0,27500.0,Gasoline,A/T
Jeep,Wrangler Sahara,2008,18,54000.0,20000.0,Gasoline,A/T
Chevrolet,Avalanche 1500 LTZ,2007,19,129000.0,17950.0,Gasoline,A/T
Jeep,Grand Cherokee L Laredo,2022,4,10232.0,44646.0,Gasoline,Automatic
Acura,MDX w/Advance Package,2023,3,3708.0,58998.0,Gasoline,Automatic
Nissan,Pathfinder SL,2018,8,167000.0,14500.0,Gasoline,A/T
Tesla,Model X Long Range,2019,7,37000.0,58000.0,,1-Speed A/T
Subaru,Impreza Premium,2022,4,10419.0,24998.0,Gasoline,Variable
Audi,A8 4.0T,2014,12,96238.0,22500.0,Gasoline,Transmission w/Dual Shift Mode
Subaru,Ascent Limited 7-Passenger,2022,4,12700.0,38500.0,Gasoline,CVT Transmission
Chevrolet,Avalanche 1500 LT,2007,19,244000.0,16900.0,E85 Flex Fuel,A/T
Porsche,Cayenne S,2015,11,124000.0,25000.0,Gasoline,8-Speed A/T
BMW,335 i,2009,17,123000.0,15000.0,Gasoline,A/T
GMC,Sierra 1500 Limited Elevation,2022,4,24900.0,49900.0,Gasoline,8-Speed A/T
Ford,Explorer Sport,2016,10,95500.0,20000.0,Gasoline,Transmission w/Dual Shift Mode
Cadillac,Escalade ESV Sport,2021,5,4283.0,479995.0,Gasoline,10-Speed Automatic
Lexus,LX 570 Three-Row,2021,5,48300.0,82000.0,Gasoline,A/T
BMW,M3 Base,2008,18,94000.0,25999.0,Gasoline,6-Speed M/T
Nissan,Xterra Pro-4X,2011,15,183000.0,12000.0,Gasoline,A/T
Ford,Fusion Hybrid SE Hybrid,2013,13,126225.0,11500.0,Hybrid,CVT Transmission
Volkswagen,Golf GTI 2.0T SE 4-Door,2016,10,87892.0,16000.0,Gasoline,6-Speed M/T
Cadillac,CTS-V Base,2012,14,45000.0,41500.0,Gasoline,6-Speed A/T
Aston,Martin Vantage Base,2022,4,1023.0,156900.0,Gasoline,8-Speed A/T
Lexus,GX 460 Base,2015,11,106000.0,37500.0,Gasoline,A/T
GMC,Acadia SLT-1,2019,7,51300.0,25500.0,Gasoline,6-Speed A/T
Ford,Bronco Sport Big Bend,2021,5,30176.0,28979.0,Gasoline,8-Speed Automatic
Nissan,Titan SV,2021,5,27598.0,39884.0,Gasoline,9-Speed Automatic
Volkswagen,Jetta SportWagen SE,2012,14,107000.0,9499.0,Gasoline,A/T
Land,Rover Range Rover 5.0L V8 Supercharged,2019,7,17500.0,65000.0,Gasoline,8-Speed A/T
RAM,2500 Laramie,2017,9,117878.0,42000.0,Diesel,Transmission w/Dual Shift Mode
Nissan,Murano SL,2010,16,138700.0,7000.0,Gasoline,CVT Transmission
Cadillac,Escalade ESV Base,2009,17,152068.0,12350.0,E85 Flex Fuel,6-Speed A/T
BMW,428 i xDrive SULEV,2016,10,77000.0,26999.0,Gasoline,Transmission w/Dual Shift Mode
Ford,Focus RS Base,2017,9,26000.0,37000.0,Gasoline,6-Speed M/T
Lexus,CT 200h Premium,2014,12,131200.0,14000.0,Hybrid,A/T
Buick,Enclave Leather,2017,9,83280.0,20599.0,Gasoline,6-Speed Automatic
BMW,M3 Base,2015,11,59000.0,53500.0,Gasoline,6-Speed M/T
Volkswagen,Arteon 2.0T SEL R-Line,2020,6,15500.0,30000.0,Gasoline,8-Speed A/T
BMW,X6 xDrive35i,2013,13,90000.0,19950.0,Gasoline,8-Speed A/T
INFINITI,G35 Base,2006,20,94000.0,10995.0,Gasoline,Transmission w/Dual Shift Mode
Hummer,H2 Base,2008,18,63750.0,55000.0,Gasoline,6-Speed A/T
Mercedes-Benz,C-Class C 300 4MATIC Luxury,2011,15,95500.0,15990.0,Gasoline,A/T
Acura,ILX Premium Package,2019,7,37900.0,26000.0,Gasoline,A/T
Porsche,911 GT3,2015,11,13250.0,154900.0,Gasoline,7-Speed A/T
RAM,1500 Longhorn,2019,7,76249.0,40995.0,Gasoline,8-Speed Automatic
BMW,M3 Base,2001,25,81000.0,39000.0,Gasoline,6-Speed M/T
Chevrolet,Suburban LT,2022,4,37806.0,60894.0,Gasoline,10-Speed A/T
Dodge,Ram 2500 ST,2010,16,151544.0,17700.0,Gasoline,5-Speed A/T
Chevrolet,Camaro 2SS,2012,14,60345.0,26950.0,Gasoline,6-Speed A/T
Dodge,Challenger SE,2010,16,90305.0,12000.0,Gasoline,A/T
Jeep,Grand Cherokee L Limited,2022,4,13275.0,42599.0,Gasoline,8-Speed Automatic
Chevrolet,Camaro 2SS,2018,8,8660.0,45000.0,Gasoline,8-Speed A/T
Ford,F-350 Lariat,2021,5,28220.0,73600.0,Diesel,10-Speed A/T
Ford,F-250 King Ranch,2015,11,97700.0,39950.0,Diesel,6-Speed A/T
Chevrolet,Corvette Stingray w/3LT,2023,3,4200.0,98000.0,Gasoline,A/T
Bentley,Continental GT V8 First Edition,2020,6,27404.0,199991.0,Gasoline,Automatic
Lincoln,MKC Reserve,2016,10,100000.0,24000.0,Gasoline,Transmission w/Dual Shift Mode
Ford,Excursion Limited,2001,25,333361.0,17000.0,Diesel,A/T
Land,Rover Discovery SE,2018,8,63295.0,29993.0,Gasoline,8-Speed A/T
Land,Rover Defender V8,2022,4,3000.0,96500.0,Gasoline,8-Speed A/T
Chevrolet,Silverado 1500 2LT,2014,12,102604.0,25500.0,E85 Flex Fuel,6-Speed A/T
Mercedes-Benz,AMG G 63 Base,2017,9,39800.0,99000.0,Gasoline,7-Speed A/T
Ford,F-250 XLT,2019,7,124000.0,40100.0,E85 Flex Fuel,6-Speed A/T
Tesla,Model 3 Base,2022,4,12080.0,36750.0,,A/T
Lexus,LX 570 Three-Row,2018,8,39300.0,69500.0,Gasoline,Transmission w/Dual Shift Mode
INFINITI,QX60 Luxe,2019,7,51000.0,29000.0,Gasoline,CVT Transmission
Rivian,R1S Adventure Package,2023,3,250.0,97500.0,,1-Speed A/T
Land,Rover Range Rover Sport 3.0L Supercharged HSE,2017,9,67000.0,35999.0,Gasoline,8-Speed A/T
INFINITI,QX60 Base,2014,12,95400.0,14195.0,Gasoline,A/T
Hyundai,Sonata GLS,2013,13,136991.0,11000.0,Gasoline,6-Speed A/T
Toyota,Tundra Limited,2022,4,3959.0,55000.0,Gasoline,10-Speed A/T
Jeep,Grand Cherokee Limited,2020,6,47500.0,31000.0,Gasoline,A/T
Ford,F-350 Lariat Crew Cab Super Duty DRW,2005,21,176691.0,13000.0,Diesel,A/T
Tesla,Model 3 Performance,2021,5,33000.0,55000.0,,1-Speed A/T
Mercedes-Benz,CLS-Class CLS 550,2014,12,34600.0,27500.0,Gasoline,Transmission w/Dual Shift Mode
RAM,2500 SLT,2014,12,84500.0,34000.0,Gasoline,A/T
Kia,Sorento Hybrid EX,2022,4,36100.0,37500.0,Hybrid,6-Speed A/T
Hyundai,Genesis 3.8,2015,11,92225.0,17000.0,Gasoline,A/T
Jeep,Compass Latitude,2020,6,17500.0,25695.0,Gasoline,9-Speed A/T
Ford,Fusion SE,2011,15,114323.0,6000.0,Gasoline,6-Speed A/T
Toyota,FJ Cruiser Base,2014,12,92000.0,27500.0,Gasoline,A/T
BMW,430 Gran Coupe i xDrive,2018,8,29025.0,29998.0,Gasoline,Automatic
Dodge,Durango SRT 392,2021,5,17000.0,65000.0,Gasoline,Transmission w/Dual Shift Mode
Hyundai,Santa Fe GLS,2015,11,96476.0,13000.0,Gasoline,6-Speed A/T
Volkswagen,Atlas 3.6L SEL Premium,2021,5,36311.0,39127.0,Gasoline,8-Speed Automatic
Land,Rover Range Rover Sport 5.0L Supercharged Dynamic,2016,10,56842.0,35000.0,Gasoline,Transmission w/Dual Shift Mode
Nissan,Murano SV,2021,5,23677.0,29510.0,Gasoline,Automatic CVT
Buick,Envision Essence,2020,6,27340.0,31700.0,Gasoline,6-Speed Automatic
Chevrolet,Silverado 1500 RST,2020,6,26177.0,41986.0,Gasoline,Automatic
Pontiac,Solstice GXP,2009,17,122348.0,10000.0,Gasoline,A/T
BMW,640 Gran Coupe i xDrive,2015,11,98000.0,22500.0,Gasoline,Transmission w/Dual Shift Mode
Tesla,Model 3 Standard Range Plus,2019,7,32300.0,29000.0,,A/T
MINI,Countryman Cooper S,2019,7,18997.0,26750.0,Gasoline,Transmission w/Dual Shift Mode
Porsche,Boxster GTS,2016,10,40350.0,67995.0,Gasoline,7-Speed A/T
Ford,Expedition EL King Ranch,2011,15,156856.0,14300.0,E85 Flex Fuel,6-Speed A/T
Bentley,Continental GT GT Speed,2022,4,1919.0,289991.0,Gasoline,8-SPEED A/T
BMW,X5 M Base,2017,9,61773.0,46000.0,Gasoline,Transmission w/Dual Shift Mode
Ford,Mustang GT Premium,2011,15,74500.0,22000.0,Gasoline,6-Speed M/T
Jeep,Compass Sport,2016,10,99000.0,5000.0,Gasoline,6-Speed A/T
INFINITI,G37 Sport,2008,18,63496.0,15000.0,Gasoline,6-Speed M/T
Ford,F-150 XLT,2022,4,18465.0,47500.0,Gasoline,10-Speed A/T
Porsche,911 Carrera 4S,2007,19,42635.0,72995.0,Gasoline,Transmission w/Dual Shift Mode
INFINITI,G35 Base,2005,21,99000.0,18900.0,Gasoline,6-Speed M/T
Chrysler,300C Base,2013,13,87500.0,13750.0,Gasoline,8-Speed A/T
Toyota,Camry Solara SLE,2007,19,138000.0,6800.0,Gasoline,5-Speed A/T
Lexus,IS 300 Base,2018,8,70891.0,28995.0,Gasoline,Transmission w/Dual Shift Mode
Buick,Enclave Essence,2020,6,55403.0,29444.0,Gasoline,9-Speed A/T
BMW,M4 Competition xDrive,2022,4,3213.0,89995.0,Gasoline,8-Speed A/T
Pontiac,GTO Base,2005,21,142314.0,21999.0,Gasoline,6-Speed M/T
Toyota,FJ Cruiser Base,2013,13,53000.0,36740.0,Gasoline,A/T
Hyundai,Elantra SE,2014,12,120250.0,7500.0,Gasoline,A/T
Porsche,Macan S,2015,11,72329.0,29500.0,Gasoline,7-Speed A/T
Hummer,H3 Base,2007,19,153692.0,9995.0,Gasoline,4-Speed A/T
Tesla,Model 3 Long Range,2021,5,32670.0,37000.0,,A/T
Ford,Transit-350 Base,2018,8,235000.0,18000.0,Gasoline,A/T
Rivian,R1T Launch Edition,2022,4,8681.0,82000.0,,A/T
Audi,S4 3.0 Prestige,2012,14,98400.0,18000.0,Gasoline,7-Speed A/T
Toyota,4Runner SR5 Premium,2023,3,1400.0,46500.0,Gasoline,A/T
Tesla,Model 3 Mid Range,2018,8,32000.0,29999.0,,A/T
Ford,F-250 Base,1997,29,92800.0,9000.0,Gasoline,4-Speed A/T
Mercedes-Benz,G-Class G 550 4MATIC,2021,5,75151.0,130000.0,Gasoline,A/T
Subaru,Legacy 2.5 GT spec.B,2008,18,94000.0,12500.0,Gasoline,6-Speed M/T
Mercedes-Benz,E-Class E 350,2014,12,67350.0,18700.0,Gasoline,7-Speed A/T
BMW,M3 Base,2001,25,66500.0,21000.0,Gasoline,6-Speed M/T
Mercedes-Benz,C-Class C 250 Sport,2014,12,70612.0,14500.0,Gasoline,7-Speed A/T
Toyota,Sienna XLE Limited,2007,19,112630.0,11500.0,Gasoline,5-Speed A/T
Dodge,Avenger SE,2014,12,124705.0,6499.0,E85 Flex Fuel,A/T
BMW,M240 i,2018,8,61000.0,34000.0,Gasoline,6-Speed M/T
RAM,3500 SLT,2017,9,157272.0,32999.0,Diesel,6-Speed A/T
Mercedes-Benz,GL-Class GL 450 4MATIC,2015,11,84000.0,20399.0,Gasoline,7-Speed A/T
Jeep,Gladiator Rubicon,2020,6,27981.0,47500.0,Gasoline,A/T
Bentley,Continental GT Base,2009,17,18000.0,63000.0,Gasoline,A/T
Tesla,Model 3 Long Range,2019,7,27123.0,38200.0,,A/T
Chevrolet,Corvette Stingray w/2LT,2021,5,3053.0,83900.0,Gasoline,Transmission w/Dual Shift Mode
Audi,Q5 3.0T Premium Plus,2015,11,60251.0,19000.0,Gasoline,A/T
Mazda,MX-5 Miata Club,2021,5,5093.0,28000.0,Gasoline,6-Speed M/T
Bentley,Bentayga W12 Signature,2018,8,31875.0,115785.0,Gasoline,8-Speed A/T
Mercedes-Benz,S-Class S500,2005,21,175722.0,7000.0,Gasoline,A/T
BMW,M6 Base,2015,11,17900.0,59900.0,Gasoline,Transmission w/Dual Shift Mode
GMC,Yukon SLT,2015,11,142792.0,22999.0,Gasoline,6-Speed A/T
BMW,750 iL,2001,25,53814.0,11800.0,Gasoline,5-Speed A/T
Toyota,Tundra Limited,2010,16,89400.0,26900.0,Gasoline,A/T
Chrysler,300C Base,2007,19,86000.0,15000.0,Gasoline,5-Speed A/T
smart,ForTwo Pure,2008,18,61595.0,5000.0,Gasoline,5-Speed A/T
Toyota,Tundra SR,2018,8,74000.0,38000.0,E85 Flex Fuel,6-Speed A/T
Hummer,H2 Base,2004,22,130000.0,16500.0,Gasoline,4-Speed A/T
BMW,ALPINA B7 Base,2015,11,86000.0,29000.0,Gasoline,8-Speed A/T
Land,Rover Range Rover Sport Supercharged,2008,18,140600.0,7500.0,Gasoline,6-Speed A/T
Audi,A4 2.0T Tech Premium,2018,8,27532.0,27900.0,Gasoline,7-Speed A/T
Ford,Focus SE,2017,9,91000.0,12500.0,E85 Flex Fuel,6-Speed A/T
Mercedes-Benz,E-Class E 550 4MATIC,2014,12,63000.0,28500.0,Gasoline,7-Speed A/T
Jeep,Wrangler Unlimited 4xe Sahara,2022,4,10500.0,49999.0,Plug-In Hybrid,8-Speed A/T
Mercedes-Benz,M-Class ML 350 4MATIC,2014,12,75073.0,21500.0,E85 Flex Fuel,7-Speed A/T
Jeep,Wrangler Sahara,2008,18,140000.0,9000.0,Gasoline,A/T
Mercedes-Benz,A-Class A 220 4MATIC,2019,7,30300.0,30500.0,Gasoline,7-Speed A/T
Chevrolet,Malibu 1LT,2009,17,139000.0,4200.0,Gasoline,A/T
Hummer,H3 Base,2006,20,118000.0,17900.0,Gasoline,A/T
BMW,i8 Base,2015,11,51000.0,53000.0,Plug-In Hybrid,Transmission w/Dual Shift Mode
Cadillac,XLR Base,2009,17,69423.0,36500.0,Gasoline,A/T
Lincoln,MKZ Select,2017,9,52284.0,12500.0,Gasoline,6-Speed A/T
Chevrolet,Silverado 1500 W/T,2006,20,111228.0,4000.0,Gasoline,A/T
Land,Rover Range Rover Sport HSE,2019,7,52300.0,49900.0,Gasoline,Transmission w/Dual Shift Mode
Nissan,Titan SL,2021,5,95993.0,32612.0,Gasoline,9-Speed Automatic
Kia,Telluride SX,2022,4,26716.0,47541.0,Gasoline,Automatic
Chevrolet,Tahoe RST,2023,3,39517.0,67190.0,Gasoline,10-Speed Automatic
Ford,Mustang GT Premium,2019,7,31600.0,41000.0,Gasoline,6-Speed M/T
BMW,330 i,2017,9,83298.0,18300.0,Gasoline,A/T
Land,Rover Range Rover Sport 3.0L Supercharged HSE,2017,9,95212.0,31599.0,Gasoline,8-Speed A/T
Porsche,911 Carrera,2010,16,61600.0,51750.0,Gasoline,7-Speed A/T
INFINITI,QX56 Base,2011,15,130921.0,12000.0,Gasoline,Transmission Overdrive Switch
RAM,2500 Tradesman,2020,6,41000.0,45515.0,Gasoline,8-Speed A/T
BMW,840 i xDrive,2024,2,1500.0,90000.0,Gasoline,A/T
MINI,Clubman Cooper S ALL4,2017,9,79950.0,17390.0,Gasoline,A/T
Cadillac,Escalade ESV Premium Luxury Platinum,2021,5,31500.0,95000.0,Gasoline,A/T
Audi,R8 5.2 V10 plus,2017,9,61000.0,140000.0,Gasoline,Transmission w/Dual Shift Mode
RAM,2500 Big Horn,2021,5,45867.0,43449.0,Gasoline,Automatic
Porsche,911 Carrera 4,2014,12,22700.0,85500.0,Gasoline,7-Speed M/T
Bentley,Continental GT Base,2009,17,43000.0,48500.0,Gasoline,A/T
Toyota,Tundra SR5,2015,11,99000.0,27000.0,Gasoline,6-Speed A/T
Toyota,4Runner SR5,2006,20,135000.0,16900.0,Gasoline,A/T
Cadillac,CTS 2.0L Turbo Luxury,2019,7,46000.0,29000.0,Gasoline,8-Speed A/T
Ford,Focus SE,2014,12,79615.0,10995.0,Gasoline,6-Speed Automatic with Auto-Shift
BMW,M5 Base,2021,5,13250.0,86900.0,Gasoline,8-Speed Automatic
Land,Rover Range Rover 3.0L V6 Supercharged HSE,2019,7,41200.0,60500.0,Gasoline,Transmission w/Dual Shift Mode
Cadillac,Escalade ESV Luxury,2016,10,116500.0,30500.0,Gasoline,8-Speed A/T
Acura,NSX Base,1993,33,75980.0,90200.0,–,A/T
Chevrolet,Corvette Z06,2018,8,24059.0,87150.0,Gasoline,8-Speed A/T
Audi,Q5 2.0T Premium Plus,2015,11,118500.0,15400.0,E85 Flex Fuel,A/T
BMW,ALPINA B7 ALPINA B7 xDrive,2020,6,15097.0,99998.0,Gasoline,Automatic
Maserati,Ghibli S Q4,2018,8,20000.0,43000.0,Gasoline,A/T
BMW,228 Gran Coupe i xDrive,2020,6,10426.0,30798.0,Gasoline,Automatic
Ford,Expedition Limited,2023,3,9500.0,63500.0,Gasoline,10-Speed A/T
Nissan,Frontier SE Crew Cab,2006,20,134000.0,8500.0,Gasoline,A/T
Subaru,BRZ Limited,2022,4,10500.0,32500.0,Gasoline,Transmission w/Dual Shift Mode
Chevrolet,Malibu LT,2018,8,53100.0,17500.0,Gasoline,6-Speed A/T
Ford,Focus SEL,2017,9,80134.0,13895.0,E85 Flex Fuel,6-Speed Automatic with Auto-Shift
Nissan,Rogue Sport S,2021,5,24000.0,25500.0,Gasoline,A/T
Volvo,C70 T5,2006,20,61000.0,10299.0,Gasoline,6-Speed M/T
Lincoln,Nautilus Reserve,2021,5,19700.0,48000.0,Gasoline,A/T
Mercedes-Benz,AMG GT Base,2018,8,28182.0,84500.0,Gasoline,7-Speed A/T
Ford,Mustang EcoBoost Premium,2017,9,59500.0,21000.0,Gasoline,A/T
Ford,Ranger XLT,1999,27,115402.0,8000.0,E85 Flex Fuel,A/T
GMC,Yukon SLT,2018,8,85500.0,35899.0,Gasoline,A/T
RAM,2500 Big Horn,2020,6,51000.0,44900.0,Gasoline,6-Speed A/T
Tesla,Model Y Performance,2021,5,17500.0,45000.0,,A/T
Lexus,ES 350 Base,2011,15,132000.0,9999.0,Gasoline,A/T
Jeep,Wrangler Rubicon Hard Rock,2016,10,67882.0,32798.0,Gasoline,Automatic
Volvo,XC90 T6 Momentum,2018,8,62000.0,30500.0,Gasoline,8-Speed A/T
Porsche,911 R,2016,10,12454.0,210000.0,Gasoline,6-Speed M/T
BMW,M6 Gran Coupe Base,2017,9,27965.0,58000.0,Gasoline,7-Speed A/T
Cadillac,Escalade ESV Platinum Edition,2013,13,119000.0,20500.0,E85 Flex Fuel,A/T
BMW,X5 xDrive35i,2018,8,48000.0,32000.0,Gasoline,8-Speed A/T
BMW,X5 xDrive40i,2020,6,5541.0,56598.0,Gasoline,Automatic
Mitsubishi,Outlander SEL,2018,8,29000.0,19500.0,Gasoline,A/T
Dodge,Ram 1500 ST,2010,16,131100.0,12995.0,E85 Flex Fuel,A/T
Subaru,Impreza 2.0i,2015,11,102242.0,11498.0,Gasoline,Manual
Mercedes-Benz,Maybach S S 600,2016,10,18069.0,79999.0,Gasoline,7-Speed A/T
Kia,Sportage LX,2023,3,13000.0,31900.0,Gasoline,A/T
Porsche,911 Turbo Cabriolet,2008,18,51000.0,69500.0,Gasoline,Transmission w/Dual Shift Mode
Hummer,H3 Base,2007,19,137333.0,10000.0,Gasoline,4-Speed A/T
Buick,LaCrosse Leather,2014,12,125559.0,11200.0,Gasoline,A/T
Chevrolet,Silverado 1500 High Country,2020,6,88161.0,48889.0,Gasoline,Automatic
Toyota,4Runner SR5,2016,10,101900.0,29000.0,Gasoline,5-Speed A/T
Cadillac,Escalade ESV Luxury,2015,11,159500.0,18800.0,Gasoline,6-Speed A/T
Subaru,Legacy 2.5i Premium,2015,11,68860.0,15000.0,Gasoline,CVT Transmission
Tesla,Model 3 Long Range,2018,8,43000.0,30499.0,,1-Speed A/T
Ford,Expedition EL XLT,2017,9,182000.0,16500.0,Gasoline,A/T
Tesla,Model Y Long Range,2022,4,21404.0,49500.0,,A/T
Ford,Expedition EL Limited,2017,9,81000.0,27000.0,Gasoline,Transmission w/Dual Shift Mode
Chevrolet,Silverado 1500 LTZ,2021,5,62257.0,42590.0,Gasoline,8-Speed Automatic
BMW,X5 xDrive40e,2016,10,91798.0,22998.0,Hybrid,Automatic
BMW,335 is,2011,15,82000.0,20000.0,Gasoline,7-Speed A/T
Ford,F-150 XLT,2012,14,207100.0,15000.0,Gasoline,6-Speed A/T
Land,Rover Range Rover Sport P400 SE Dynamic,2023,3,450.0,124000.0,Hybrid,8-Speed A/T
Porsche,Panamera Edition,2016,10,77945.0,30000.0,Gasoline,A/T
Kia,Sorento Plug-In Hybrid SX,2022,4,15583.0,40599.0,Hybrid,6-Speed Automatic
BMW,M240 i,2017,9,37100.0,26125.0,Gasoline,8-Speed A/T
Maserati,Quattroporte Base,2006,20,51000.0,18000.0,Gasoline,Transmission w/Dual Shift Mode
Ford,F-150 XLT,2017,9,94000.0,26000.0,Gasoline,6-Speed A/T
Land,Rover Discovery S,2003,23,121886.0,6000.0,Gasoline,A/T
Ford,F-250 XLT Crew Cab Super Duty,2008,18,157500.0,15000.0,Gasoline,5-Speed A/T
Ford,Taurus SHO,2014,12,138415.0,15500.0,Gasoline,A/T
Land,Rover Range Rover Sport HSE,2012,14,110000.0,10200.0,Gasoline,A/T
Cadillac,Escalade Sport,2023,3,8532.0,109900.0,Diesel,10-Speed Automatic with Overdrive
GMC,Sierra 1500 SLT,2021,5,12941.0,51500.0,Gasoline,A/T
BMW,335 i xDrive,2009,17,69764.0,19500.0,Gasoline,6-Speed M/T
Porsche,911 Carrera 4S,2003,23,90000.0,24000.0,Gasoline,6-Speed M/T
Audi,Q5 S line Premium,2022,4,8193.0,42598.0,Hybrid,Automatic
Lexus,RX 350 F Sport Performance,2020,6,43277.0,43599.0,Gasoline,8-Speed Automatic
Audi,S4 3.0T Premium Plus,2018,8,26500.0,38000.0,Gasoline,8-Speed A/T
Chevrolet,Silverado 1500 LT,2019,7,36021.0,35670.0,Gasoline,Automatic
Chevrolet,Colorado Z71,2019,7,25462.0,36139.0,Gasoline,Automatic
Audi,A5 2.0T Prestige,2018,8,35850.0,33000.0,Gasoline,7-Speed A/T
Mazda,Mazda3 s Sport,2008,18,77700.0,6300.0,Gasoline,5-Speed M/T
Jaguar,E-PACE 300 Sport,2021,5,23600.0,42999.0,Hybrid,9-Speed A/T
Ferrari,GTC4Lusso T,2019,7,8870.0,215000.0,Gasoline,7-Speed DCT Automatic
Toyota,Celica GT,2001,25,122000.0,7800.0,Gasoline,5-Speed M/T
Ford,Excursion Limited 4WD,2003,23,245000.0,17999.0,Diesel,A/T
Porsche,718 Spyder Base,2022,4,4700.0,134000.0,Gasoline,6-Speed M/T
Subaru,WRX STI Base,2016,10,84100.0,34000.0,Gasoline,M/T
Audi,A6 45 Premium Plus,2021,5,33000.0,40000.0,Hybrid,A/T
Tesla,Model S P100D,2018,8,10065.0,59999.0,,1-Speed Automatic
Mercedes-Benz,AMG GT R,2018,8,3811.0,148500.0,Gasoline,7-Speed A/T
Acura,RDX PMC Edition,2021,5,44457.0,40598.0,Gasoline,2
Audi,S4 3.0T Premium Plus,2013,13,139355.0,20900.0,Gasoline,7-Speed A/T
Lotus,Evora Base,2010,16,9100.0,55000.0,Gasoline,6-Speed M/T
Mercedes-Benz,S-Class S 560 4MATIC,2019,7,10500.0,77900.0,Gasoline,9-Speed A/T
Chevrolet,Silverado 1500 RST,2023,3,5006.0,59590.0,Gasoline,10-Speed Automatic
Hyundai,Genesis Coupe 2.0T R-Spec,2013,13,55000.0,18000.0,Gasoline,6-Speed M/T
BMW,M3 Competition,2021,5,33500.0,71000.0,Gasoline,8-Speed A/T
BMW,435 i,2014,12,126500.0,15000.0,Gasoline,A/T
Land,Rover Range Rover Evoque HSE Dynamic,2016,10,79000.0,24000.0,Gasoline,9-Speed A/T
Porsche,911 Targa 4 GTS,2018,8,19000.0,145000.0,Gasoline,7-Speed A/T
RAM,3500 Tradesman,2021,5,57000.0,52000.0,Diesel,6-Speed A/T
BMW,X5 xDrive40i,2020,6,4880.0,57998.0,Gasoline,Automatic
Acura,NSX Base,2018,8,6523.0,143900.0,Hybrid,9-Speed Automatic with Auto-Shift
Mercedes-Benz,SL-Class SL500 Roadster,2005,21,127000.0,14000.0,Gasoline,7-Speed A/T
Lexus,SC 430 Base,2002,24,89500.0,15999.0,Gasoline,A/T
Chevrolet,Silverado 1500 Base,2000,26,97000.0,27500.0,Gasoline,A/T
Buick,Enclave Avenir,2021,5,31181.0,42442.0,Gasoline,9-Speed Automatic
Lexus,NX 300h Base,2020,6,16425.0,33200.0,Hybrid,Automatic CVT
Lexus,RX 350 RX 350 F SPORT Handling,2022,4,11238.0,54798.0,Gasoline,Automatic
Chevrolet,Avalanche 1500 LS,2005,21,97146.0,7999.0,E85 Flex Fuel,Transmission Overdrive Switch
Mercedes-Benz,SL-Class SL400,2015,11,36670.0,39998.0,Gasoline,Automatic
Chevrolet,Suburban Premier,2019,7,44800.0,52500.0,Gasoline,6-Speed A/T
Ford,Transit-350 Base,2015,11,150000.0,17100.0,Gasoline,A/T
INFINITI,QX60 Luxe,2020,6,38400.0,32100.0,Gasoline,A/T
Bentley,Continental GTC Base,2008,18,7960.0,81500.0,Gasoline,6-Speed A/T
Nissan,350Z Enthusiast,2007,19,117000.0,9975.0,Gasoline,A/T
Rivian,R1S Adventure Package,2023,3,159.0,95500.0,,A/T
McLaren,570S Base,2017,9,30200.0,139000.0,Gasoline,Transmission w/Dual Shift Mode
Nissan,Altima 2.5 SL,2012,14,91545.0,8999.0,Gasoline,CVT Transmission
Land,Rover Range Rover 5.0L Supercharged,2015,11,110000.0,26499.0,E85 Flex Fuel,A/T
BMW,X5 xDrive35i,2017,9,105100.0,23300.0,Gasoline,8-Speed A/T
INFINITI,QX56 Base,2012,14,110000.0,15600.0,Gasoline,Transmission w/Dual Shift Mode
Ford,F-150 XLT,2019,7,81778.0,32769.0,Gasoline,Automatic
Lexus,RX 450h Base,2010,16,168422.0,10900.0,Hybrid,A/T
Maserati,Ghibli S Q4 GranSport,2018,8,80500.0,34900.0,Gasoline,8-Speed A/T
Volvo,XC90 T6 Momentum,2018,8,81200.0,28825.0,Gasoline,8-Speed A/T
Lamborghini,Huracan EVO Base,2020,6,6246.0,267950.0,Gasoline,7-Speed Automatic with Auto-Shift
Jeep,Wrangler Unlimited Rubicon,2017,9,20172.0,47500.0,Gasoline,Transmission w/Dual Shift Mode
Hummer,H2 Base,2005,21,145000.0,22500.0,Gasoline,4-Speed A/T
Ford,Flex Limited,2009,17,162000.0,7500.0,Gasoline,6-Speed A/T
Porsche,718 Cayman GT4,2020,6,13554.0,124995.0,Gasoline,6-Speed M/T
Toyota,Camry XLE,2007,19,59700.0,9500.0,Gasoline,6-Speed A/T
Mercedes-Benz,A-Class A 220 4MATIC,2020,6,30930.0,28900.0,Gasoline,7-Speed Automatic with Auto-Shift
BMW,335 i,2009,17,51983.0,19999.0,Gasoline,6-Speed M/T
Chevrolet,Camaro 2SS,2022,4,22000.0,50000.0,Gasoline,6-Speed M/T
Volkswagen,ID.4 Pro S,2023,3,16800.0,45000.0,,1-Speed A/T
Chevrolet,Silverado 2500 High Country,2022,4,16000.0,73995.0,Diesel,A/T
Nissan,Altima 2.5 SV,2020,6,22295.0,23599.0,Gasoline,Automatic CVT
Bentley,Continental GT V8,2020,6,33000.0,188500.0,Gasoline,A/T
Toyota,Sequoia Platinum,2023,3,1025.0,85000.0,Hybrid,10-Speed A/T
Acura,TL Technology,2013,13,89190.0,15499.0,Gasoline,6-Speed A/T
Toyota,Highlander Limited,2020,6,53550.0,39687.0,Gasoline,8-Speed Automatic
Ford,Edge SEL,2021,5,56946.0,26299.0,Gasoline,8-Speed Automatic
Jaguar,F-TYPE R,2016,10,11684.0,54900.0,Gasoline,8-Speed A/T
GMC,Yukon XL Denali,2018,8,45617.0,51000.0,Gasoline,A/T
Chevrolet,Suburban LT,2018,8,75466.0,34500.0,Gasoline,6-Speed A/T
Maserati,Levante GTS,2021,5,19513.0,84645.0,Gasoline,8-Speed Automatic
Subaru,Outback Limited,2021,5,15636.0,33531.0,Gasoline,Automatic CVT
Mercedes-Benz,S-Class S 450,2018,8,69600.0,40888.0,Gasoline,9-Speed A/T
Mercedes-Benz,GL-Class GL 450,2011,15,138050.0,16500.0,Gasoline,A/T
Ford,F-250 Lariat,2017,9,132269.0,35900.0,E85 Flex Fuel,A/T
Hyundai,Palisade Limited,2020,6,45815.0,37700.0,Gasoline,Transmission w/Dual Shift Mode
Ford,F-150 XLT,2021,5,25352.0,48459.0,Gasoline,10-Speed Automatic
Mercedes-Benz,R-Class R 350 4MATIC,2008,18,120000.0,8995.0,Gasoline,7-Speed A/T
Chevrolet,Camaro 2SS,2018,8,75151.0,45000.0,Gasoline,6-Speed M/T
Jeep,Wrangler Sport,2016,10,74139.0,23000.0,Gasoline,6-Speed M/T
Chevrolet,1500 Cheyenne,1994,32,170443.0,6000.0,–,A/T
Jaguar,XJ6 Vanden Plas,1995,31,70000.0,19000.0,–,A/T
BMW,550 i xDrive,2012,14,68500.0,17800.0,Gasoline,Transmission w/Dual Shift Mode
Lexus,GX 460 Luxury,2020,6,37366.0,51890.0,Gasoline,6-Speed Automatic
Tesla,Model S Long Range,2021,5,35315.0,66900.0,,1-Speed A/T
Volkswagen,Jetta 1.4T SE,2017,9,61000.0,15995.0,Gasoline,A/T
Jeep,Grand Cherokee Limited,2022,4,12050.0,41599.0,Gasoline,8-Speed Automatic
Jaguar,XK8 Base,2001,25,150000.0,9875.0,Gasoline,5-Speed A/T
Porsche,Macan S,2016,10,46200.0,41500.0,Gasoline,Transmission w/Dual Shift Mode
Mercedes-Benz,E-Class E 350,2014,12,88000.0,15500.0,Gasoline,A/T
Mercedes-Benz,GL-Class GL 450 4MATIC,2015,11,47000.0,30089.0,Gasoline,7-Speed A/T
Land,Rover Range Rover 3.0L Supercharged HSE,2017,9,50340.0,47000.0,Gasoline,8-Speed A/T
Mercedes-Benz,E-Class E 350 4MATIC,2010,16,67800.0,13999.0,Gasoline,7-Speed A/T
Dodge,Dakota Sport,2002,24,150000.0,5500.0,Gasoline,5-Speed M/T
Chevrolet,Camaro ZL1,2018,8,13500.0,54000.0,Gasoline,6-Speed M/T
Hummer,H3 Base,2007,19,101750.0,12900.0,Gasoline,A/T
Honda,Odyssey EX-L,2022,4,18385.0,37950.0,Gasoline,10-Speed A/T
Nissan,350Z Touring,2008,18,123500.0,13500.0,Gasoline,5-Speed A/T
GMC,Savana 2500 Work Van,2017,9,117000.0,38000.0,E85 Flex Fuel,6-Speed A/T
Mercedes-Benz,E-Class E 350 4MATIC,2010,16,86121.0,13600.0,Gasoline,7-Speed A/T
Lexus,GX 460 Premium,2020,6,22466.0,45900.0,Gasoline,6-Speed A/T
Nissan,Titan XD SV,2017,9,80000.0,23800.0,Gasoline,7-Speed A/T
Chrysler,300 Touring,2020,6,23152.0,28250.0,Gasoline,8-Speed A/T
Dodge,Charger R/T,2006,20,91300.0,9200.0,Gasoline,5-Speed A/T
Nissan,Pathfinder SL,2020,6,45000.0,28999.0,Gasoline,CVT Transmission
Rivian,R1S Launch Edition,2023,3,1885.0,93500.0,,1-Speed A/T
Ford,Explorer Platinum,2018,8,73049.0,30510.0,Gasoline,6-Speed Automatic
Nissan,Titan SV,2021,5,7250.0,38000.0,Gasoline,9-Speed A/T
Jaguar,E-PACE S,2019,7,44000.0,29000.0,Gasoline,A/T
Ford,F-150 FX4,2014,12,85500.0,26900.0,Gasoline,Transmission w/Dual Shift Mode
GMC,Acadia Denali,2021,5,18083.0,43999.0,Gasoline,9-Speed Automatic
Lamborghini,Murcielago Base,2005,21,22703.0,220000.0,Gasoline,M/T
Chevrolet,Camaro 1LT,2011,15,111000.0,10900.0,Gasoline,A/T
GMC,Acadia SLT-2,2013,13,115000.0,14000.0,Gasoline,6-Speed A/T
Chevrolet,Malibu Premier,2021,5,33400.0,28000.0,Gasoline,A/T
Toyota,Sequoia SR5,2007,19,136000.0,12500.0,Gasoline,A/T
Lexus,IS 350 F Sport,2021,5,26800.0,44000.0,Gasoline,8-Speed A/T
Tesla,Model Y Performance,2022,4,30000.0,51999.0,,A/T
Dodge,Challenger SRT8,2008,18,251634.0,10500.0,Gasoline,A/T
Chrysler,300 Touring,2005,21,119000.0,3500.0,Gasoline,A/T
Cadillac,Escalade Sport Platinum,2021,5,28121.0,89000.0,Gasoline,10-Speed Automatic
Chrysler,Town & Country Touring,2009,17,111000.0,7900.0,Gasoline,A/T
Mazda,CX-5 Touring,2016,10,116500.0,14311.0,Gasoline,6-Speed Automatic
Acura,TL 3.2,2005,21,199296.0,4900.0,Gasoline,A/T
Chevrolet,Corvette Z06 w/2LZ,2023,3,202.0,179000.0,Gasoline,Transmission w/Dual Shift Mode
Tesla,Model Y Performance,2021,5,11200.0,47500.0,,1-Speed A/T
Volvo,XC40 T5 Momentum,2020,6,56536.0,26599.0,Gasoline,8-Speed Automatic
Chevrolet,Camaro 2SS,2016,10,49600.0,32500.0,Gasoline,8-Speed A/T
Acura,TLX Type S PMC Edition,2023,3,13600.0,65000.0,Gasoline,10-Speed A/T
Volkswagen,Eos 2.0T,2007,19,59700.0,10000.0,Gasoline,6-Speed A/T
Dodge,Charger R/T Scat Pack,2018,8,19000.0,44888.0,Gasoline,Transmission w/Dual Shift Mode
Chevrolet,Corvette Z06,2002,24,17300.0,33999.0,Gasoline,6-Speed M/T
Mercedes-Benz,CLA-Class CLA 250,2014,12,91140.0,13500.0,Gasoline,7-Speed A/T
BMW,M5 Base,2015,11,33000.0,65000.0,Gasoline,7-Speed A/T
Jeep,Wrangler Unlimited Sport,2019,7,52775.0,39799.0,Gasoline,8-Speed A/T
Mitsubishi,Lancer Sportback ES,2011,15,113000.0,5800.0,Gasoline,5-Speed M/T
Porsche,Macan Base,2022,4,13000.0,60000.0,Gasoline,A/T
Mercedes-Benz,CLK-Class CLK 350,2009,17,77925.0,16500.0,Gasoline,Transmission w/Dual Shift Mode
Dodge,Challenger SRT8,2011,15,106500.0,22500.0,–,5-Speed A/T
Mazda,Mazda3 Grand Touring,2018,8,15175.0,19212.0,Gasoline,6-Speed Automatic
Audi,A3 2.0T Premium,2017,9,137000.0,10995.0,Gasoline,7-Speed A/T
BMW,528 i,2015,11,111000.0,15000.0,Gasoline,8-Speed A/T
Land,Rover Range Rover 3.0L V6 Supercharged HSE,2019,7,49208.0,62425.0,Gasoline,Transmission w/Dual Shift Mode
Audi,S5 3.0T Prestige,2018,8,44000.0,39000.0,Gasoline,8-Speed A/T
Porsche,718 Boxster Base,2017,9,26000.0,45500.0,Gasoline,A/T
Chevrolet,Corvette Stingray w/2LT,2020,6,1800.0,76000.0,Gasoline,8-Speed A/T
Lamborghini,Urus Pearl Capsule,2021,5,3771.0,259991.0,Gasoline,Automatic
Maserati,Quattroporte S,2012,14,50000.0,26497.0,Gasoline,6-Speed A/T
Subaru,Impreza 2.0i,2018,8,93000.0,16000.0,Gasoline,CVT Transmission
Mercedes-Benz,AMG GT C,2020,6,15000.0,129000.0,Gasoline,7-Speed A/T
Mazda,Mazda6 i Touring,2016,10,119500.0,15000.0,Gasoline,Transmission w/Dual Shift Mode
Porsche,Macan S,2016,10,50000.0,36000.0,Gasoline,7-Speed A/T
Porsche,Panamera 4,2011,15,85000.0,21500.0,Gasoline,A/T
Genesis,G70 3.3T Advanced,2019,7,48000.0,29999.0,Gasoline,8-Speed A/T
Jeep,Wrangler Sport,2021,5,11756.0,33400.0,Gasoline,Automatic
Audi,Q5 2.0T Premium Plus,2018,8,50400.0,28500.0,Gasoline,Transmission w/Dual Shift Mode
BMW,335 i xDrive,2012,14,153600.0,17500.0,Gasoline,6-Speed M/T
Land,Rover Range Rover P530 SE,2023,3,1869.0,164725.0,Gasoline,Automatic
Dodge,Durango SRT 392,2022,4,31917.0,64683.0,Gasoline,8-Speed A/T
BMW,M3 Base,2016,10,56235.0,50500.0,Gasoline,6-Speed M/T
Ford,Fiesta ST,2019,7,28724.0,18300.0,Gasoline,6-Speed M/T
Lincoln,MKS Base,2015,11,124400.0,9500.0,Gasoline,6-Speed A/T
Chevrolet,Tahoe Premier,2020,6,137000.0,46000.0,Gasoline,6-Speed A/T
Ferrari,F430 Berlinetta,2005,21,38686.0,99999.0,Gasoline,Transmission w/Dual Shift Mode
Ford,F-250 Platinum,2022,4,6600.0,72900.0,Gasoline,10-Speed A/T
Mercedes-Benz,SLK-Class SLK280 Roadster,2007,19,67200.0,11500.0,Gasoline,A/T
Porsche,Macan,2021,5,16554.0,51698.0,Gasoline,Automatic
BMW,X5 PHEV xDrive45e,2023,3,15736.0,67900.0,Plug-In Hybrid,8-Speed A/T
Mercedes-Benz,E-Class E500,2005,21,153460.0,5800.0,Gasoline,A/T
Acura,TL 3.7,2012,14,70000.0,15051.0,Gasoline,A/T
Hyundai,Equus Signature,2011,15,143898.0,9950.0,Gasoline,6-Speed A/T
Mercedes-Benz,SL-Class SL500 Roadster,2003,23,26190.0,22000.0,Gasoline,A/T
Toyota,Land Cruiser Base,2000,26,209193.0,15900.0,Gasoline,A/T
RAM,2500 Big Horn,2018,8,27839.0,41688.0,Gasoline,6-Speed Automatic
Chevrolet,Silverado 2500 WT,2018,8,141195.0,28499.0,E85 Flex Fuel,6-Speed Automatic
Porsche,Macan S,2022,4,20250.0,68500.0,Gasoline,7-Speed A/T
Jeep,Grand Cherokee L Limited,2022,4,18333.0,41599.0,Gasoline,8-Speed Automatic
Mercedes-Benz,E-Class E 350,2014,12,35000.0,29998.0,Gasoline,7-Speed A/T
Dodge,Magnum Base,2006,20,133255.0,4000.0,Gasoline,A/T
Porsche,Macan Turbo,2021,5,14526.0,79998.0,Gasoline,Automatic
Mercedes-Benz,E-Class E 550,2014,12,43690.0,23500.0,Gasoline,A/T
Porsche,Macan S,2020,6,29136.0,58598.0,Gasoline,Automatic
Cadillac,XT5 Luxury,2017,9,72060.0,24590.0,Gasoline,8-Speed Automatic
Toyota,Tundra Platinum,2023,3,8800.0,68500.0,Gasoline,A/T
Nissan,Versa 1.6 SL,2015,11,85768.0,8250.0,Gasoline,CVT Transmission
Mercedes-Benz,AMG GT 53 Base,2022,4,2235.0,110000.0,Hybrid,Transmission w/Dual Shift Mode
Buick,Enclave Avenir,2019,7,121521.0,26772.0,Gasoline,9-Speed Automatic
Porsche,911 GT3,2015,11,23700.0,144940.0,Gasoline,Transmission w/Dual Shift Mode
BMW,328 i,2013,13,124000.0,11900.0,Gasoline,A/T
Acura,ILX Premium Package,2018,8,32260.0,20999.0,Gasoline,A/T
Lexus,GX 460 Base,2015,11,92000.0,28000.0,Gasoline,6-Speed A/T
Toyota,Land Cruiser Base,2010,16,269885.0,22500.0,Gasoline,6-Speed A/T
Chevrolet,Corvette Base,2008,18,51855.0,35900.0,Gasoline,6-Speed A/T
Mazda,Mazda6 i Touring,2015,11,124000.0,12900.0,Gasoline,6-Speed M/T
Jaguar,F-TYPE R,2015,11,26000.0,52500.0,Gasoline,8-Speed A/T
Audi,A3 2.0T Premium,2018,8,36500.0,25500.0,Gasoline,6-Speed A/T
Chevrolet,Camaro 2SS,2022,4,1400.0,54900.0,Gasoline,10-Speed A/T
Jeep,Wrangler Unlimited Sport S,2018,8,17000.0,38500.0,Gasoline,A/T
Honda,Civic Sport,2021,5,42750.0,25698.0,Gasoline,Automatic CVT
Porsche,Cayman Base,2011,15,67998.0,30000.0,Gasoline,6-Speed M/T
Ford,Mustang GT,2008,18,64500.0,16000.0,Gasoline,5-Speed M/T
Toyota,FJ Cruiser Base,2007,19,102000.0,24900.0,Gasoline,6-Speed M/T
Land,Rover Discovery SE,2004,22,145000.0,15500.0,Gasoline,A/T
Porsche,718 Boxster S,2018,8,50000.0,55000.0,Gasoline,A/T
Chevrolet,Corvette Base,2004,22,37622.0,25500.0,Gasoline,A/T
Toyota,Avalon Limited,2006,20,89987.0,9499.0,Gasoline,5-Speed A/T
INFINITI,QX80 Base,2015,11,136390.0,20470.0,Gasoline,7-Speed Automatic
Cadillac,DeVille Base,1994,32,90000.0,2990.0,–,A/T
Chevrolet,Camaro 2SS,2015,11,27000.0,33000.0,Gasoline,Transmission w/Dual Shift Mode
Jeep,Liberty Renegade,2004,22,144770.0,6500.0,Gasoline,4-Speed A/T
Toyota,4Runner Trail,2011,15,157000.0,23500.0,Gasoline,Transmission w/Dual Shift Mode
BMW,328 i xDrive,2010,16,132000.0,8500.0,Gasoline,Transmission w/Dual Shift Mode
Ford,Excursion Limited Ultimate,2002,24,137000.0,15000.0,Diesel,4-Speed A/T
Lexus,IS 300 Base,2018,8,50992.0,28000.0,Gasoline,A/T
Cadillac,CTS Performance,2010,16,105760.0,12900.0,Gasoline,6-Speed A/T
Lexus,LC 500 Base,2018,8,29800.0,68495.0,Gasoline,10-Speed A/T
BMW,540 i xDrive,2019,7,21000.0,42000.0,Gasoline,Transmission w/Dual Shift Mode
Chevrolet,Corvette Base,1998,28,152195.0,9900.0,Gasoline,A/T
Hummer,H2 Base,2006,20,169900.0,16900.0,Gasoline,A/T
Volvo,XC90 3.2,2008,18,196000.0,6499.0,Gasoline,A/T
Jeep,Wrangler Unlimited Sahara,2009,17,180036.0,9100.0,Gasoline,A/T
Land,Rover Discovery HSE LUXURY,2017,9,57918.0,33500.0,Gasoline,Transmission w/Dual Shift Mode
BMW,340 i,2017,9,98600.0,26500.0,Gasoline,8-Speed A/T
Ford,F-250 Lariat,2018,8,120000.0,55000.0,Diesel,6-Speed A/T
BMW,M3 Competition,2022,4,14269.0,80000.0,Gasoline,8-Speed A/T
Lexus,LC 500 Base,2022,4,6875.0,89000.0,Gasoline,A/T
Honda,CR-V Touring,2019,7,55100.0,28324.0,Gasoline,Automatic CVT
Porsche,Panamera S,2012,14,49000.0,41500.0,Gasoline,7-Speed A/T
BMW,750 i,2009,17,74600.0,15000.0,Gasoline,A/T
Audi,A7 3.0T Premium,2019,7,45900.0,41500.0,Hybrid,Transmission w/Dual Shift Mode
Chrysler,200 Limited,2015,11,95271.0,12468.0,E85 Flex Fuel,A/T
Ford,F-150 XL,2021,5,88883.0,33172.0,Gasoline,10-Speed Automatic
Dodge,Grand Caravan R/T,2013,13,43000.0,35000.0,E85 Flex Fuel,6-Speed A/T
Ford,Focus SE,2018,8,33700.0,12000.0,E85 Flex Fuel,A/T
RAM,2500 Big Horn,2016,10,95115.0,43640.0,Diesel,6-Speed Automatic
Lotus,Elise Base,2005,21,25250.0,44000.0,Gasoline,M/T
Chevrolet,Corvette Base,2007,19,20200.0,27500.0,Gasoline,6-Speed A/T
Audi,allroad 2.0T Prestige,2013,13,104457.0,17900.0,Gasoline,8-Speed A/T
McLaren,570S Spider,2018,8,8984.0,171900.0,Gasoline,7-Speed Automatic with Auto-Shift
Chevrolet,Express 2500 Work Van,2017,9,76000.0,41400.0,Gasoline,A/T
Chevrolet,Traverse High Country,2020,6,56247.0,39244.0,Gasoline,9-Speed Automatic
Jeep,Wrangler S,1994,32,50750.0,15000.0,–,5-Speed M/T
Acura,ILX Technology Plus Package,2016,10,61000.0,21000.0,Gasoline,A/T
Chevrolet,Camaro 1LT,2019,7,9111.0,27599.0,Gasoline,8-Speed Automatic
Lexus,ES 350 Base,2015,11,100900.0,21998.0,Gasoline,Automatic
Ford,F-150 XLT,2021,5,24207.0,43430.0,Gasoline,10-Speed Automatic
Tesla,Model Y Long Range,2022,4,9411.0,47998.0,,Automatic
Chevrolet,Corvette Z06,2006,20,21000.0,47500.0,Gasoline,6-Speed M/T
Cadillac,CTS 3.6L Premium Luxury,2019,7,136150.0,22500.0,Gasoline,Transmission w/Dual Shift Mode
BMW,M3 Base,2009,17,78414.0,28750.0,Gasoline,7-Speed A/T
Mazda,Mazda3 FWD w/Preferred Package,2019,7,60800.0,19900.0,Gasoline,6-Speed A/T
Ford,Maverick XLT,2022,4,16400.0,34000.0,Hybrid,CVT Transmission
Toyota,Highlander Hybrid Limited,2018,8,62200.0,35707.0,Hybrid,CVT Transmission
BMW,X6 xDrive40i,2021,5,72903.0,53998.0,Hybrid,SCHEDULED FOR OR IN PRODUCTION
Lincoln,Town Car Signature,2003,23,142215.0,5000.0,Gasoline,4-Speed A/T
Mercedes-Benz,SL-Class SL550 Roadster,2007,19,150000.0,8000.0,Gasoline,A/T
Ford,Mustang GT,1998,28,49170.0,12500.0,Gasoline,A/T
Chevrolet,Suburban 1500 LT,2015,11,167500.0,18000.0,Gasoline,6-Speed A/T
Ford,Fusion SE,2016,10,110450.0,11000.0,Gasoline,6-Speed A/T
Audi,S4 3.0T Premium Plus,2014,12,106000.0,23000.0,Gasoline,6-Speed M/T
Chevrolet,Suburban Premier,2017,9,92728.0,34900.0,Gasoline,6-Speed A/T
Ford,Bronco Big Bend,2022,4,17000.0,44000.0,Gasoline,A/T
Ford,F-250 XL,2016,10,75200.0,22000.0,E85 Flex Fuel,6-Speed A/T
Dodge,Challenger SRT Hellcat,2015,11,1800.0,64990.0,Gasoline,A/T
Toyota,Tacoma TRD Sport,2019,7,36283.0,39598.0,Gasoline,Automatic
Audi,Q5 S line Premium Plus,2023,3,6682.0,47798.0,Hybrid,Automatic
Jeep,Wrangler Sport,2018,8,23399.0,28999.0,Gasoline,8-Speed Automatic
Genesis,G80 3.8,2017,9,29720.0,29500.0,Gasoline,8-Speed A/T
Mercedes-Benz,SL-Class SL63 AMG Roadster,2009,17,56000.0,44850.0,Gasoline,A/T
Lexus,LX 570 Three-Row,2020,6,59419.0,73000.0,Gasoline,A/T
Kia,Stinger GT2,2018,8,69100.0,32500.0,Gasoline,8-Speed A/T
Nissan,GT-R Premium,2021,5,22185.0,131999.0,Gasoline,6-Speed Automatic with Auto-Shift
Chevrolet,Trailblazer SS,2008,18,29586.0,47900.0,Gasoline,A/T
Chevrolet,Silverado 2500 WT,2021,5,63866.0,41885.0,Gasoline,Automatic
Chevrolet,Suburban LTZ,2016,10,135484.0,29748.0,Gasoline,6-Speed Automatic
Mercedes-Benz,E-Class E 350,2014,12,78500.0,17900.0,Gasoline,7-Speed A/T
BMW,M3 Base,2012,14,7982.0,51900.0,Gasoline,7-Speed A/T
Bentley,Continental GT V8,2022,4,1795.0,269991.0,Gasoline,Automatic
Volkswagen,Golf R Base,2022,4,1067.0,48000.0,Gasoline,7-Speed A/T
Ford,Explorer Limited,2017,9,152000.0,15499.0,Gasoline,6-Speed A/T
Honda,Odyssey LX,2011,15,185000.0,8900.0,Gasoline,A/T
Dodge,Ram 2500 SLT Mega Cab,2007,19,97724.0,19998.0,Diesel,A/T
Honda,Civic Sport,2020,6,22227.0,25980.0,Gasoline,Automatic CVT
Honda,Civic LX,2016,10,111000.0,13000.0,Gasoline,A/T
Ford,F-250 XLT,2019,7,32268.0,46500.0,E85 Flex Fuel,6-Speed A/T
Nissan,Pathfinder SV,2019,7,122009.0,18998.0,Gasoline,Automatic
Land,Rover Range Rover HSE SWB,2020,6,57785.0,63995.0,Hybrid,A/T
BMW,M3 Base,2002,24,204884.0,21500.0,Gasoline,6-Speed M/T
Hummer,H2 Base,2003,23,179400.0,15000.0,Gasoline,A/T
Mazda,RX-8 R3,2009,17,57000.0,14000.0,Gasoline,6-Speed M/T
Lexus,LX 570 Three-Row,2021,5,25997.0,87000.0,Gasoline,A/T
Chevrolet,Suburban Z71,2022,4,36555.0,64288.0,Gasoline,Automatic
Mercedes-Benz,S-Class S 580 4MATIC,2023,3,989.0,122950.0,Gasoline,9-Speed Automatic
Chevrolet,Corvette Base,2007,19,28514.0,32000.0,Gasoline,Transmission w/Dual Shift Mode
Ford,Mustang GT Premium,2019,7,10400.0,40000.0,Gasoline,10-Speed A/T
Chevrolet,Equinox Premier w/2LZ,2020,6,51133.0,25800.0,Gasoline,9-Speed Automatic
Chevrolet,Camaro Z28,1999,27,58800.0,15000.0,Gasoline,A/T
Land,Rover Discovery HSE,2018,8,85000.0,33000.0,Gasoline,8-Speed A/T
Jeep,Wrangler SE,2000,26,95200.0,11999.0,Gasoline,5-Speed M/T
Toyota,Highlander XLE,2015,11,68575.0,26000.0,Gasoline,A/T
Chevrolet,Corvette Grand Sport,2011,15,12300.0,45000.0,Gasoline,6-Speed A/T
Chevrolet,Corvette Stingray,2018,8,13900.0,54490.0,Gasoline,8-Speed A/T
Mercedes-Benz,SLK-Class SLK230 Kompressor,2001,25,58800.0,9000.0,Gasoline,A/T
Nissan,Juke NISMO RS,2016,10,30700.0,21500.0,Gasoline,6-Speed M/T
Porsche,911 Carrera C2S,2005,21,104000.0,44800.0,Gasoline,6-Speed M/T
Chevrolet,Colorado LT,2019,7,139116.0,24899.0,Gasoline,Automatic
Porsche,Macan S,2019,7,36700.0,48990.0,Gasoline,7-Speed A/T
Mercedes-Benz,GLE 350 Base 4MATIC,2022,4,24500.0,82150.0,Gasoline,9-Speed A/T
Toyota,Land Cruiser Base,2017,9,65000.0,65000.0,Gasoline,A/T
BMW,X6 xDrive40i,2021,5,27654.0,61998.0,Hybrid,Automatic
Rivian,R1S Adventure Package,2023,3,542.0,92500.0,,A/T
Toyota,Highlander Platinum,2020,6,41000.0,38700.0,Gasoline,8-Speed A/T
Mercedes-Benz,SL-Class SL 63 AMG,2011,15,47400.0,41000.0,Gasoline,7-Speed A/T
Ford,Thunderbird Deluxe,2002,24,40110.0,18500.0,Gasoline,A/T
RAM,2500 Big Horn,2014,12,124700.0,30000.0,Gasoline,6-Speed A/T
Ford,F-350 XLT,2013,13,31000.0,35000.0,E85 Flex Fuel,A/T
Toyota,RAV4 Prime XSE,2022,4,7100.0,49000.0,Plug-In Hybrid,A/T
Jeep,Grand Cherokee Limited,2018,8,91677.0,26816.0,Gasoline,8-Speed Automatic
Ford,Focus SE,2009,17,107500.0,9500.0,Gasoline,A/T
Porsche,911 Carrera 4 GTS,2023,3,1518.0,194965.0,Gasoline,8-Speed A/T
Chevrolet,Corvette Stingray w/2LT,2023,3,5200.0,88900.0,Gasoline,8-Speed A/T
Ford,F-150 XLT SuperCab,1999,27,48054.0,9500.0,Gasoline,A/T
Porsche,Macan Base,2018,8,87500.0,28000.0,Gasoline,Transmission w/Dual Shift Mode
Acura,ZDX Base,2012,14,106335.0,19000.0,Gasoline,6-Speed A/T
Chevrolet,Suburban Premier,2017,9,133598.0,29999.0,Gasoline,6-Speed Automatic
Chevrolet,Traverse Premier,2018,8,68455.0,30989.0,Gasoline,9-Speed Automatic
Mercedes-Benz,E-Class E 400,2018,8,28690.0,38880.0,Gasoline,A/T
BMW,M3 Base,2012,14,83000.0,31000.0,Gasoline,7-Speed A/T
Ford,F-250 XLT,2019,7,38600.0,54500.0,Diesel,6-Speed A/T
Toyota,Highlander SE,2019,7,92000.0,30000.0,Gasoline,A/T
Saturn,Sky Red Line,2009,17,134000.0,9500.0,Gasoline,5-Speed M/T
Lexus,LS 460 Base,2012,14,103000.0,20500.0,Gasoline,A/T
Honda,CR-V LX,2004,22,176261.0,3750.0,Gasoline,M/T
Ford,Mustang GT Premium,2010,16,58500.0,20000.0,Gasoline,5-Speed M/T
Ford,F-250 Limited,2018,8,64000.0,64000.0,Diesel,A/T
Porsche,Boxster Black Edition,2016,10,24881.0,49999.0,Gasoline,Transmission w/Dual Shift Mode
Chevrolet,Corvette Base,1998,28,134000.0,11500.0,Gasoline,A/T
Ford,Explorer XLT,2013,13,82900.0,16000.0,Gasoline,6-Speed A/T
BMW,Z4 3.0si,2008,18,59257.0,18200.0,Gasoline,6-Speed M/T
Lexus,RX 350 F Sport,2016,10,81400.0,26000.0,Gasoline,8-Speed A/T
Hyundai,Accent SEL,2022,4,5100.0,19500.0,Gasoline,A/T
Ford,Expedition Max XLT,2020,6,67072.0,38500.0,Gasoline,A/T
BMW,328 i xDrive,2016,10,65000.0,19500.0,Gasoline,Transmission w/Dual Shift Mode
Ford,Fusion SE,2014,12,80800.0,10000.0,Gasoline,A/T
Ford,F-150 XLT,2020,6,53401.0,39500.0,Gasoline,10-Speed A/T
Ford,F-150 Platinum,2021,5,15555.0,62890.0,Gasoline,10-Speed Automatic
Dodge,Ram 1500 SLT Mega Cab,2006,20,201509.0,11000.0,Gasoline,5-Speed A/T
Honda,Civic EX,2013,13,107000.0,14000.0,Gasoline,A/T
Land,Rover Range Rover Velar P250 S R-Dynamic,2020,6,30500.0,44000.0,Gasoline,A/T
Toyota,Tacoma Base,2011,15,36000.0,20000.0,Gasoline,5-Speed M/T
Ford,F-250 XLT,2019,7,38514.0,45998.0,E85 Flex Fuel,A/T
Mercedes-Benz,Sprinter 2500 Standard Roof,2022,4,4590.0,64000.0,Gasoline,A/T
RAM,2500 Big Horn,2019,7,97000.0,45000.0,Diesel,A/T
BMW,328 i xDrive,2011,15,110000.0,6000.0,Gasoline,6-Speed A/T
Ford,Explorer XLT,2017,9,53000.0,25000.0,E85 Flex Fuel,6-Speed A/T
Chevrolet,Suburban LTZ,2016,10,110000.0,30999.0,E85 Flex Fuel,A/T
Mazda,MX-5 Miata Sport,2006,20,218000.0,4999.0,Gasoline,6-Speed M/T
INFINITI,G35 Base,2003,23,106500.0,9500.0,Gasoline,6-Speed M/T
Chevrolet,Express 2500 Work Van,2012,14,140500.0,11800.0,E85 Flex Fuel,A/T
Ford,Explorer Eddie Bauer,2010,16,144200.0,9999.0,Gasoline,5-Speed A/T
Chevrolet,Suburban RST,2022,4,21400.0,69000.0,Diesel,10-Speed A/T
Mercedes-Benz,GL-Class GL 550 4MATIC,2015,11,130000.0,24500.0,Gasoline,7-Speed A/T
Ford,Focus SE,2012,14,108045.0,6500.0,Gasoline,6-Speed A/T
Subaru,Crosstrek Premium,2022,4,10000.0,28000.0,Gasoline,CVT Transmission
Hyundai,Genesis Coupe 3.8 Track,2011,15,75000.0,12000.0,Gasoline,Transmission w/Dual Shift Mode
Chrysler,Town & Country LX,2009,17,73500.0,7858.0,Gasoline,A/T
Porsche,Panamera Turbo,2018,8,29850.0,89750.0,Gasoline,8-Speed A/T
Honda,Pilot EX-L,2016,10,135350.0,19900.0,Gasoline,6-Speed A/T
Mercedes-Benz,GLC 300 GLC 300,2022,4,16983.0,40998.0,Gasoline,Automatic
Audi,A8 L 55,2019,7,35580.0,49500.0,Hybrid,8-Speed A/T
Ford,Edge SE,2020,6,71200.0,18900.0,Gasoline,8-Speed A/T
Dodge,Durango GT,2022,4,24778.0,36599.0,Gasoline,8-Speed Automatic
BMW,328 i,2015,11,109330.0,13349.0,Gasoline,A/T
Alfa,Romeo Stelvio Ti,2023,3,6645.0,43900.0,Gasoline,8-Speed Automatic
Mercedes-Benz,GL-Class GL 450 4MATIC,2007,19,90400.0,10199.0,Gasoline,7-Speed A/T
Ford,Ranger XLT SuperCab,2002,24,192100.0,6450.0,Gasoline,5-Speed A/T
BMW,M3 CS,2018,8,32000.0,70000.0,Gasoline,Transmission w/Dual Shift Mode
Volkswagen,Golf GTI 2.0T Autobahn,2022,4,6400.0,41500.0,Gasoline,A/T
Toyota,4Runner SR5 Premium,2021,5,36180.0,36990.0,Gasoline,A/T
GMC,Yukon SLT,2014,12,142400.0,13500.0,E85 Flex Fuel,A/T
Cadillac,ATS 2.0L Turbo Luxury,2016,10,83000.0,16500.0,Gasoline,8-Speed A/T
Nissan,Xterra S,2012,14,80000.0,14800.0,Gasoline,A/T
Ford,Bronco Badlands,2021,5,32437.0,51000.0,Gasoline,10-Speed A/T
BMW,328 i,2011,15,67500.0,18000.0,Gasoline,6-Speed A/T
Toyota,4Runner Limited,2021,5,25882.0,43837.0,Gasoline,Automatic
Porsche,911 Turbo,2018,8,12088.0,169000.0,Gasoline,A/T
Toyota,Tundra SR5 Double Cab,2005,21,170000.0,11200.0,Gasoline,A/T
Ford,F-250 Lariat,2023,3,3763.0,92000.0,Diesel,10-Speed A/T
Land,Rover Range Rover Velar P380 S,2018,8,46000.0,40000.0,Gasoline,A/T
Ford,F-250 XLT Crew Cab Super Duty,2008,18,190321.0,15900.0,Diesel,A/T
Porsche,Macan S,2018,8,40950.0,39750.0,Gasoline,7-Speed A/T
Mercedes-Benz,C-Class C 63 AMG,2014,12,42000.0,45000.0,Gasoline,7-Speed A/T
Nissan,Pathfinder S,2014,12,135000.0,8500.0,Gasoline,A/T
Jeep,Gladiator Overland,2020,6,20655.0,42850.0,Gasoline,8-Speed Automatic
Porsche,911 Carrera S,2023,3,1877.0,185950.0,Gasoline,8-Speed A/T
Ford,F-250 XLT,2019,7,33000.0,59000.0,Diesel,6-Speed A/T
Ford,Fusion SE,2016,10,68000.0,12500.0,Gasoline,A/T
Honda,Accord Sport,2013,13,405000.0,6000.0,Gasoline,CVT Transmission
BMW,330 i xDrive,2018,8,117000.0,17000.0,Gasoline,8-Speed A/T
Acura,MDX Sport,2007,19,183455.0,7700.0,Gasoline,5-Speed A/T
Chevrolet,Suburban Premier,2021,5,51890.0,59980.0,Gasoline,10-Speed Automatic
Chevrolet,Suburban High Country,2021,5,59528.0,68995.0,Gasoline,10-Speed Automatic
Cadillac,CTS-V Base,2006,20,123000.0,15000.0,Gasoline,6-Speed M/T
Kia,Niro EV EX,2022,4,20000.0,29998.0,,1-Speed A/T
BMW,X3 xDrive30i,2021,5,38352.0,37400.0,Gasoline,8-Speed Automatic
Porsche,Taycan Base,2021,5,13344.0,83499.0,,2-Speed A/T
Honda,S2000 CR,2008,18,44300.0,62000.0,Gasoline,M/T
Lexus,HS 250h Premium,2010,16,123500.0,9500.0,Hybrid,A/T
Lincoln,Navigator Base,2013,13,134000.0,21500.0,E85 Flex Fuel,6-Speed A/T
Ford,F-150 XLT,2020,6,57000.0,37500.0,Gasoline,10-Speed A/T
Kia,K5 GT-Line,2021,5,100312.0,19980.0,Gasoline,8-Speed Automatic
Bentley,Continental GT W12,2021,5,16146.0,239991.0,Gasoline,Automatic
Tesla,Model S Performance,2012,14,61000.0,29000.0,,A/T
BMW,Z4 sDrive28i,2014,12,15889.0,34500.0,Gasoline,8-Speed A/T
BMW,528 i xDrive,2015,11,125500.0,12950.0,Gasoline,A/T
Ford,Expedition Limited,2013,13,163500.0,16490.0,E85 Flex Fuel,A/T
Buick,Enclave Leather,2015,11,89726.0,16000.0,Gasoline,A/T
Mercedes-Benz,SL-Class SL600 Roadster,2005,21,93000.0,22500.0,Gasoline,A/T
MINI,Cooper S Base,2012,14,128000.0,8500.0,Gasoline,6-Speed A/T
Porsche,Cayenne Turbo,2017,9,70800.0,52999.0,Gasoline,Transmission w/Dual Shift Mode
Saturn,Vue Hybrid Base,2009,17,115000.0,4400.0,Hybrid,A/T
RAM,2500 Laramie,2018,8,98650.0,56750.0,Diesel,6-Speed A/T
RAM,1500 Limited,2019,7,87768.0,44000.0,Hybrid,A/T
Chevrolet,Traverse RS,2023,3,6000.0,48500.0,Gasoline,9-Speed A/T
Lexus,RX 350 F SPORT Appearance,2021,5,28262.0,49998.0,Gasoline,Automatic
Mazda,CX-50 2.5 Turbo Premium Package,2023,3,16200.0,36900.0,Gasoline,6-Speed A/T
Cadillac,SRX Luxury Collection,2012,14,87500.0,11499.0,E85 Flex Fuel,A/T
FIAT,500 Lounge,2013,13,85458.0,9000.0,Gasoline,A/T
Mercedes-Benz,EQS 450+ Base,2022,4,16500.0,69500.0,,A/T
MINI,Cooper S Clubman Base,2009,17,83853.0,6950.0,Gasoline,6-Speed M/T
BMW,X6 M50i,2022,4,22500.0,74999.0,Gasoline,Transmission w/Dual Shift Mode
Lexus,LS 460 Base,2013,13,99524.0,24900.0,Gasoline,8-Speed A/T
Genesis,GV80 2.5T,2023,3,8100.0,57300.0,Gasoline,Transmission w/Dual Shift Mode
MINI,Hardtop Cooper S,2016,10,43073.0,17999.0,Gasoline,6-Speed Automatic
Land,Rover Range Rover Velar R-Dynamic S,2023,3,12425.0,57619.0,Gasoline,Automatic
BMW,530 i xDrive,2020,6,23195.0,38900.0,Gasoline,8-Speed Automatic
Jeep,Grand Cherokee Laredo,2011,15,118000.0,12500.0,Gasoline,A/T
Toyota,Tacoma SR5,2018,8,65290.0,26450.0,Gasoline,6-Speed A/T
Porsche,911 Carrera Cabriolet,2001,25,47885.0,31995.0,Gasoline,6-Speed M/T
Jeep,Gladiator Sport S,2020,6,13000.0,39500.0,Gasoline,8-Speed A/T
Dodge,Challenger SRT Hellcat,2018,8,29475.0,62999.0,Gasoline,8-Speed A/T
Jeep,Renegade Trailhawk,2017,9,78717.0,17500.0,Gasoline,A/T
Ford,F-150 Lariat,2021,5,9142.0,61500.0,Hybrid,10-Speed A/T
Jaguar,XF Premium,2011,15,106000.0,9400.0,Gasoline,6-Speed A/T
RAM,1500 Laramie,2022,4,3521.0,51074.0,Gasoline,Automatic
Volkswagen,Golf GTI 2.0T SE 4-Door,2016,10,90000.0,16750.0,Gasoline,6-Speed A/T
Porsche,Macan Turbo,2016,10,46000.0,38000.0,Gasoline,Transmission w/Dual Shift Mode
BMW,X4 M Competition,2020,6,18362.0,60000.0,Gasoline,A/T
Lexus,RX 350 Base,2013,13,164500.0,16500.0,Gasoline,6-Speed A/T
GMC,Terrain SLT,2020,6,55018.0,25500.0,Gasoline,9-Speed A/T
Nissan,Maxima SV,2022,4,36466.0,24980.0,Gasoline,Automatic CVT
Volvo,S60 B5 Inscription,2022,4,14280.0,36500.0,Hybrid,A/T
Subaru,Outback 2.5i Premium,2013,13,116000.0,12500.0,Gasoline,A/T
RAM,1500 Laramie,2022,4,16184.0,46999.0,Gasoline,8-Speed Automatic
Porsche,Boxster Base,1997,29,132800.0,8500.0,Gasoline,5-Speed M/T
Ford,Explorer XLT,2020,6,45000.0,33500.0,Gasoline,10-Speed A/T
Ford,F-150 Lariat,2013,13,102000.0,23000.0,Gasoline,6-Speed A/T
Ford,Excursion XLS,2004,22,163000.0,18000.0,Diesel,5-Speed A/T
BMW,M8 Competition,2023,3,3500.0,129000.0,Gasoline,8-Speed A/T
Porsche,Panamera GTS,2016,10,42526.0,66200.0,Gasoline,7-Speed A/T
Mazda,Mazda3 i Touring,2012,14,144900.0,6000.0,Gasoline,Transmission w/Dual Shift Mode
GMC,Sierra 1500 SLT,2016,10,85000.0,32750.0,Gasoline,A/T
Mercedes-Benz,Sprinter 2500 Standard Roof,2022,4,16113.0,111000.0,Diesel,A/T
Mercedes-Benz,GL-Class GL 450,2011,15,93000.0,11900.0,Gasoline,A/T
RAM,1500 Big Horn,2022,4,11468.0,50204.0,Gasoline,Automatic
Lexus,NX 300 Base,2019,7,25470.0,32500.0,Gasoline,Transmission w/Dual Shift Mode
BMW,435 i xDrive,2014,12,90347.0,21800.0,Gasoline,8-Speed A/T
GMC,Yukon SLE,2017,9,96000.0,34000.0,Gasoline,A/T
Honda,Pilot EX-L,2016,10,80500.0,23000.0,Gasoline,6-Speed A/T
Audi,A5 Sportback S line Premium Plus,2021,5,35000.0,37499.0,Hybrid,7-Speed A/T
Porsche,911 Carrera,1995,31,49900.0,97993.0,–,6-Speed M/T
Honda,Civic Sport,2020,6,121212.0,18387.0,Gasoline,Automatic CVT
Mercedes-Benz,G 550 4x4 Squared Base,2018,8,14381.0,204900.0,Gasoline,7-Speed Automatic
Porsche,Panamera Platinum Edition,2022,4,13500.0,86999.0,Gasoline,8-Speed A/T
BMW,740e xDrive iPerformance,2019,7,33214.0,43500.0,Plug-In Hybrid,A/T
Ford,F-250 XLT,2017,9,29719.0,31000.0,E85 Flex Fuel,A/T
Lincoln,Corsair Standard,2022,4,4520.0,38500.0,Gasoline,8-Speed A/T
Hyundai,Sonata Sport,2017,9,84129.0,14599.0,Gasoline,6-Speed Automatic
Nissan,Maxima 3.5 SR,2019,7,72150.0,26999.0,Gasoline,CVT Transmission
GMC,Yukon SLT,2015,11,94500.0,30000.0,Gasoline,A/T
Mercedes-Benz,GLS 550 Base 4MATIC,2017,9,88454.0,39999.0,Gasoline,9-Speed A/T
Cadillac,CTS Base,2010,16,81696.0,9499.0,Gasoline,6-Speed A/T
Cadillac,CTS Base,2005,21,94100.0,6099.0,Gasoline,6-Speed M/T
Ford,Explorer Limited,2022,4,17500.0,46000.0,Hybrid,10-Speed A/T
Acura,RDX,2016,10,132252.0,18998.0,Gasoline,Automatic
Toyota,Highlander XLE,2022,4,4437.0,42000.0,Gasoline,Transmission w/Dual Shift Mode
Volkswagen,Golf GTI 2.0T SE 4-Door,2018,8,70500.0,23000.0,Gasoline,Transmission w/Dual Shift Mode
Nissan,Pickup Truck XE,1994,32,89144.0,5899.0,–,A/T
Toyota,Corolla CE,2008,18,170000.0,5199.0,Gasoline,A/T
Honda,Element EX,2008,18,122000.0,10500.0,Gasoline,A/T
Toyota,Camry Solara SE,2008,18,57852.0,13900.0,Gasoline,A/T
Hyundai,Genesis 4.6,2010,16,120321.0,10500.0,Gasoline,Transmission w/Dual Shift Mode
BMW,325 Ci,2004,22,178000.0,5750.0,Gasoline,5-Speed A/T
BMW,M3 Base,2002,24,60255.0,28750.0,Gasoline,6-Speed M/T
Land,Rover Range Rover Sport HSE Dynamic,2019,7,77690.0,43500.0,Gasoline,8-Speed A/T
Chevrolet,Corvette ZR-1,2009,17,18000.0,78000.0,Gasoline,6-Speed M/T
Honda,Prelude Type SH,2001,25,125000.0,18000.0,Gasoline,5-Speed M/T
Lexus,NX 300 Base,2021,5,6449.0,35999.0,Gasoline,6-Speed Automatic
Volkswagen,Golf GTI 2.0T SE 4-Door,2019,7,33000.0,27500.0,Gasoline,6-Speed M/T
Nissan,Armada LE,2009,17,87130.0,20000.0,Gasoline,A/T
Lexus,SC 300 Base,1998,28,165000.0,8700.0,Gasoline,A/T
Toyota,Camry Solara SLE,2008,18,73000.0,11500.0,Gasoline,5-Speed A/T
Porsche,Macan S,2020,6,22354.0,54900.0,Gasoline,7-Speed Automatic with Auto-Shift
Tesla,Model Y Performance,2023,3,6188.0,53900.0,,A/T
GMC,Terrain SLT,2019,7,60807.0,25925.0,Gasoline,9-Speed Automatic
Jeep,Compass Latitude,2014,12,105000.0,10950.0,Gasoline,A/T
Audi,Q7 3.0T Prestige,2018,8,63400.0,29900.0,Gasoline,A/T
Ford,F-250 Platinum,2022,4,4500.0,86500.0,Gasoline,10-Speed A/T
Jeep,Gladiator Overland,2020,6,8025.0,42433.0,Gasoline,8-Speed Automatic
Lincoln,Navigator L Reserve,2019,7,49131.0,55460.0,Gasoline,10-Speed Automatic
Tesla,Model X P100D,2017,9,100346.0,45999.0,,1-Speed A/T
Mercedes-Benz,CLS-Class CLS 400 4MATIC,2016,10,62285.0,29950.0,Gasoline,7-Speed A/T
Lexus,RX 350 Base,2021,5,5040.0,48900.0,Gasoline,8-Speed A/T
RAM,1500 Laramie,2022,4,12940.0,46999.0,Gasoline,8-Speed Automatic
Mitsubishi,Outlander Sport ES,2015,11,98385.0,10500.0,Gasoline,CVT Transmission
Hyundai,Sonata SE,2013,13,43903.0,12500.0,Gasoline,A/T
Ford,Mustang EcoBoost Premium,2017,9,41650.0,23600.0,Gasoline,A/T
BMW,X5 PHEV xDrive45e,2022,4,31850.0,60500.0,Plug-In Hybrid,Transmission w/Dual Shift Mode
Hyundai,Sonata Hybrid Limited,2013,13,96419.0,14999.0,Hybrid,6-Speed A/T
Honda,Odyssey EX-L,2007,19,170000.0,7700.0,Gasoline,A/T
Chevrolet,Colorado LT Crew Cab,2009,17,139000.0,14500.0,Gasoline,A/T
Buick,Enclave Premium,2016,10,134655.0,18051.0,Gasoline,6-Speed Automatic
BMW,M235 i,2015,11,81000.0,27890.0,Gasoline,6-Speed M/T
McLaren,720S Performance,2020,6,9989.0,324995.0,Gasoline,7-Speed A/T
Kia,Telluride SX,2022,4,46347.0,46120.0,Gasoline,8-Speed Automatic
Chevrolet,Corvette Base,2007,19,4048.0,38000.0,Gasoline,6-Speed M/T
Mercedes-Benz,S-Class S 63 AMG,2015,11,79876.0,45750.0,Gasoline,7-Speed A/T
Toyota,Mirai Limited,2021,5,44000.0,18500.0,not supported,A/T
Alfa,Romeo Giulia Ti,2017,9,56910.0,23000.0,Gasoline,Transmission w/Dual Shift Mode
Land,Rover Range Rover Sport HSE,2019,7,65019.0,40500.0,Gasoline,A/T
Nissan,370Z Touring,2009,17,133409.0,14999.0,Gasoline,6-Speed M/T
BMW,330 i xDrive,2018,8,74381.0,22995.0,Gasoline,8-Speed A/T
Porsche,Macan,2023,3,2925.0,73300.0,Gasoline,7-Speed Automatic with Auto-Shift
BMW,128 i,2013,13,67874.0,18000.0,Gasoline,6-Speed A/T
Mercedes-Benz,AMG GLE 63 S Coupe 4MATIC,2018,8,71500.0,61000.0,Gasoline,7-Speed A/T
Jeep,Wrangler Sport,2014,12,71000.0,22000.0,Gasoline,5-Speed A/T
Ford,F-150 Raptor,2018,8,64517.0,47995.0,Gasoline,10-Speed A/T
Dodge,Sprinter 2500 High Roof,2004,22,55000.0,24000.0,Diesel,A/T
BMW,M550 i xDrive,2019,7,7580.0,51500.0,Gasoline,Transmission w/Dual Shift Mode
Hyundai,Sonata GLS,2010,16,135000.0,3999.0,Gasoline,Transmission w/Dual Shift Mode
Honda,Accord EX-L,2019,7,62200.0,21500.0,Gasoline,A/T
Cadillac,CTS 3.6L Premium,2014,12,69001.0,19500.0,Gasoline,6-Speed A/T
Toyota,4Runner Venture Special Edition,2021,5,28567.0,44775.0,Gasoline,Automatic
Jaguar,XJ8 L,2006,20,78049.0,13980.0,Gasoline,6-Speed A/T
Ford,F-150 Lariat,2021,5,36821.0,49273.0,Gasoline,Automatic
Chevrolet,Suburban High Country,2021,5,23292.0,73500.0,Gasoline,10-Speed A/T
Chevrolet,Suburban 1500 LTZ,2010,16,162671.0,12000.0,E85 Flex Fuel,A/T
Land,Rover LR2 HSE,2010,16,100472.0,9975.0,Gasoline,6-Speed A/T
Subaru,WRX Limited,2017,9,73120.0,19950.0,Gasoline,CVT Transmission
Ford,Expedition Timberline,2022,4,23300.0,67500.0,Gasoline,10-Speed A/T
Honda,Clarity Plug-In Hybrid Base,2018,8,71000.0,17500.0,Plug-In Hybrid,A/T
RAM,3500 Laramie,2022,4,16648.0,70999.0,Diesel,6-Speed Automatic
Chevrolet,Silverado 2500 LT,2011,15,240000.0,18500.0,Diesel,6-Speed A/T
Lexus,RX 450h Base,2013,13,119755.0,19500.0,Hybrid,Transmission w/Dual Shift Mode
Mercedes-Benz,M-Class ML 350 4MATIC,2015,11,88000.0,19500.0,E85 Flex Fuel,A/T
BMW,X5 xDrive40i,2021,5,41000.0,50000.0,Hybrid,8-Speed A/T
Chevrolet,Camaro 2SS,2022,4,7458.0,47500.0,Gasoline,6-Speed M/T
Jeep,Gladiator Sport S,2022,4,23000.0,43000.0,Gasoline,A/T
Land,Rover Discovery LSE,1998,28,149437.0,9995.0,Gasoline,A/T
Ford,F-250 XLT,2017,9,244000.0,35500.0,Diesel,6-Speed A/T
RAM,1500 Rebel,2019,7,46000.0,37900.0,Hybrid,8-Speed A/T
Audi,Q5 S line Premium Plus,2022,4,13133.0,42998.0,Hybrid,Automatic
RAM,1500 SLT,2017,9,45000.0,29999.0,Gasoline,A/T
Mazda,CX-30 Premium Package,2021,5,18385.0,29255.0,Gasoline,6-Speed Automatic
BMW,840 Gran Coupe i xDrive,2020,6,25793.0,52999.0,Gasoline,8-Speed Automatic
Porsche,Boxster S,2005,21,44400.0,29800.0,Gasoline,6-Speed M/T
Chevrolet,Malibu Limited LT,2016,10,104000.0,10500.0,Gasoline,6-Speed A/T
Cadillac,Escalade Premium Luxury,2023,3,600.0,103000.0,Gasoline,A/T
MINI,Cooper S Base,2007,19,45000.0,7900.0,Gasoline,6-Speed M/T
Jeep,Gladiator Mojave,2022,4,24500.0,64000.0,Gasoline,8-Speed A/T
Buick,Encore GX Essence,2020,6,35569.0,21999.0,Gasoline,Automatic CVT
Toyota,Highlander XLE,2020,6,35000.0,36999.0,Gasoline,A/T
Acura,MDX Touring,2003,23,165000.0,4000.0,Gasoline,A/T
Land,Rover Range Rover Sport SE MHEV,2021,5,15000.0,69000.0,Hybrid,A/T
BMW,535 i xDrive,2014,12,119750.0,15499.0,Gasoline,8-Speed A/T
Nissan,350Z Touring,2007,19,90000.0,12000.0,Gasoline,M/T
Ford,Transit Connect XLT,2015,11,112000.0,14500.0,Gasoline,A/T
Mercedes-Benz,SL-Class SL550 Roadster,2008,18,150000.0,16800.0,Gasoline,7-Speed A/T
Porsche,911 Turbo S,2021,5,1912.0,240000.0,Gasoline,8-Speed A/T
Hyundai,Sonata Sport 2.0T,2015,11,82900.0,13995.0,Gasoline,A/T
Audi,TT 1.8T,2004,22,79500.0,12000.0,Gasoline,A/T
Volvo,XC90 T6 Inscription,2019,7,60000.0,37000.0,Gasoline,8-Speed A/T
RAM,1500 Big Horn,2021,5,41800.0,44900.0,Diesel,8-Speed A/T
Chevrolet,Tahoe LT,2021,5,71536.0,49685.0,Gasoline,10-Speed Automatic
Ford,Explorer XLT,2014,12,127558.0,13715.0,Gasoline,6-Speed Automatic
Ford,Mustang Mach-E Premium,2023,3,13232.0,45000.0,,1-Speed A/T
Chevrolet,Camaro 1SS,2017,9,39000.0,31500.0,Gasoline,8-Speed A/T
Ford,Bronco Big Bend Advanced,2023,3,11500.0,54490.0,Gasoline,10-Speed A/T
Chrysler,Pacifica Launch Edition,2020,6,22200.0,36800.0,Gasoline,9-Speed A/T
Tesla,Model Y Long Range,2023,3,7414.0,56515.0,,A/T
Lamborghini,Huracan LP580-2,2017,9,14586.0,209991.0,Gasoline,Automatic
RAM,1500 Rebel,2021,5,32000.0,50927.0,Hybrid,8-Speed A/T
Toyota,86 Base,2020,6,14700.0,27350.0,Gasoline,A/T
BMW,X5 xDrive50i,2016,10,79995.0,23995.0,Gasoline,Transmission w/Dual Shift Mode
GMC,Yukon Denali,2018,8,76000.0,44500.0,Gasoline,A/T
Honda,Accord EX-L,2014,12,62000.0,18987.0,Gasoline,CVT Transmission
Maserati,Ghibli S Q4,2017,9,53500.0,28700.0,Gasoline,8-Speed A/T
Hyundai,Kona EV SEL,2022,4,9400.0,31999.0,,1-Speed A/T
BMW,435 i,2014,12,86500.0,20900.0,Gasoline,A/T
Mercedes-Benz,GL-Class GL 450,2011,15,148000.0,9900.0,Gasoline,A/T
GMC,Sierra 1500 SLE,2014,12,100080.0,22989.0,E85 Flex Fuel,6-Speed A/T
Dodge,Challenger SRT Demon,2018,8,2620.0,155700.0,Gasoline,8-Speed A/T
BMW,X5 PHEV xDrive45e,2023,3,3099.0,74995.0,Plug-In Hybrid,8-Speed A/T
Dodge,Durango R/T,2020,6,78000.0,29500.0,Gasoline,8-Speed A/T
Ferrari,488 Spider Base,2019,7,9005.0,319900.0,Gasoline,7-Speed Automatic with Auto-Shift
Ford,Bronco Sport Big Bend,2022,4,16700.0,31000.0,Gasoline,8-Speed A/T
Honda,Civic LX,2015,11,51300.0,17500.0,Gasoline,5-Speed M/T
Ford,Shelby GT350 Base,2018,8,8237.0,62900.0,Gasoline,6-Speed M/T
Volkswagen,Jetta S,2010,16,99000.0,6000.0,Gasoline,A/T
Mazda,CX-5 Grand Touring,2021,5,62377.0,26288.0,Gasoline,6-Speed Automatic
Jeep,Wrangler Rubicon,2009,17,130000.0,15500.0,Gasoline,6-Speed M/T
Ford,F-250 XLT,2016,10,94300.0,28999.0,E85 Flex Fuel,6-Speed A/T
Tesla,Model Y Performance,2022,4,24115.0,46500.0,,A/T
BMW,528 i,2016,10,82000.0,16995.0,Gasoline,8-Speed A/T
Kia,Rio S,2021,5,67686.0,15700.0,Gasoline,A/T
Tesla,Model S 85,2014,12,96800.0,28450.0,,A/T
Jeep,Wrangler Sport,1997,29,131000.0,5500.0,Gasoline,5-Speed M/T
Tesla,Model 3 Standard Range,2020,6,23097.0,29900.0,,A/T
Ferrari,GTC4Lusso T,2018,8,31000.0,197499.0,Gasoline,A/T
BMW,X5 M50i,2021,5,28898.0,71000.0,Gasoline,A/T
Mazda,MX-5 Miata RF Club,2022,4,7250.0,35619.0,Gasoline,6-Speed M/T
Ford,F-250 XLT,2014,12,59459.0,40999.0,Diesel,6-Speed A/T
Jeep,Wrangler Sahara,2012,14,78000.0,22000.0,Gasoline,5-Speed A/T
RAM,1500 Laramie,2021,5,24213.0,46500.0,Gasoline,8-Speed A/T
RAM,1500 Laramie,2020,6,21165.0,46105.0,Gasoline,8-Speed Automatic
GMC,Yukon Denali,2016,10,107750.0,35500.0,Gasoline,8-Speed A/T
Ford,F-150 Lariat,2016,10,117000.0,26500.0,Gasoline,A/T
Chevrolet,Corvette Base,2006,20,39132.0,35000.0,Gasoline,Transmission w/Dual Shift Mode
BMW,Z4 2.5i,2004,22,94500.0,9000.0,Gasoline,5-Speed M/T
Subaru,Crosstrek 2.0i Premium,2017,9,50011.0,21495.0,Gasoline,A/T
Lexus,GX 470 Base,2004,22,215000.0,7350.0,Gasoline,5-Speed A/T
RAM,1500 Laramie,2022,4,16616.0,45999.0,Gasoline,8-Speed Automatic
Ford,F-150 XLT,2022,4,33818.0,46552.0,Gasoline,Automatic
Jeep,Wagoneer Series III,2022,4,9099.0,68362.0,Gasoline,8-Speed Automatic
Volkswagen,GTI Base,2008,18,95798.0,9850.0,Gasoline,6-Speed M/T
Mercedes-Benz,AMG GLE AMG GLE 63 S-Model 4MATIC,2016,10,35943.0,51700.0,Gasoline,7-Speed A/T
Mazda,Mazda6 iSport VE,2008,18,106000.0,4300.0,Gasoline,5-Speed A/T
Kia,Telluride EX X-Line,2023,3,10400.0,48000.0,Gasoline,8-Speed A/T
Chevrolet,Tahoe LT,2022,4,2894.0,63900.0,Gasoline,10-Speed A/T
Dodge,Durango GT,2022,4,15592.0,39985.0,Gasoline,8-Speed Automatic
Mercedes-Benz,AMG C 63 Base,2020,6,33548.0,57999.0,Gasoline,9-Speed A/T
BMW,320 i xDrive,2016,10,185000.0,7500.0,Gasoline,8-Speed A/T
Porsche,Macan GTS,2023,3,6483.0,96900.0,Gasoline,7-Speed Automatic with Auto-Shift
Honda,Pilot EX-L,2020,6,28886.0,35645.0,Gasoline,6-Speed Automatic
Mercedes-Benz,GLE 350 Base,2020,6,26293.0,49998.0,Gasoline,Automatic
Chevrolet,Camaro 2SS,2017,9,62000.0,34500.0,Gasoline,Transmission w/Dual Shift Mode
Jaguar,XF 35t Prestige,2017,9,101453.0,18500.0,Gasoline,A/T
RAM,3500 Laramie,2013,13,106385.0,42900.0,Diesel,6-Speed A/T
BMW,335 is,2012,14,86629.0,20995.0,Gasoline,7-Speed A/T
Audi,S6 4.0T Premium Plus,2018,8,61258.0,49999.0,Gasoline,7-Speed A/T
Chrysler,300 S,2014,12,121500.0,15999.0,Gasoline,5-Speed A/T
GMC,Sierra 1500 AT4,2022,4,100.0,62499.0,Diesel,10-Speed A/T
Chrysler,200 C,2015,11,170000.0,5995.0,E85 Flex Fuel,9-Speed A/T
Ford,F-150 XLT SuperCab,2010,16,232000.0,3000.0,Gasoline,A/T
MINI,Cooper S Base,2006,20,95000.0,12500.0,Gasoline,6-Speed M/T
Toyota,Venza XLE,2013,13,103466.0,14200.0,Gasoline,A/T
Toyota,Camry Hybrid Base,2011,15,133121.0,7900.0,Hybrid,A/T
Chevrolet,Tahoe LT,2012,14,162731.0,14500.0,E85 Flex Fuel,A/T
Mercedes-Benz,CLS-Class CLS 63 AMG S-Model 4MATIC,2014,12,64500.0,37500.0,Gasoline,7-Speed A/T
Ford,Shelby GT500 Base,2021,5,568.0,90788.0,Gasoline,7-Speed A/T
Lexus,RX 300 4WD,1999,27,249083.0,3500.0,Gasoline,A/T
Porsche,Macan S,2015,11,80300.0,23999.0,Gasoline,7-Speed A/T
Ford,F-150 XLT SuperCab,2004,22,187000.0,6299.0,Gasoline,A/T
Subaru,Outback 2.5 i Special Edition,2009,17,181870.0,6500.0,Gasoline,A/T
GMC,Sierra 2500 AT4,2022,4,22600.0,76740.0,Diesel,Automatic
BMW,X5 xDrive40i,2020,6,37000.0,50000.0,Gasoline,8-Speed A/T
Porsche,Taycan Base,2022,4,9728.0,89000.0,,A/T
Lexus,GX 470 Base,2006,20,152000.0,13995.0,Gasoline,A/T
Ford,F-150 Heritage XL SuperCab Flareside,2004,22,60260.0,30500.0,Gasoline,4-Speed A/T
Mazda,MazdaSpeed Miata MX-5 Base,2004,22,33362.0,17599.0,Gasoline,6-Speed M/T
GMC,Acadia Denali,2021,5,47907.0,38436.0,Gasoline,9-Speed Automatic
Mercedes-Benz,Metris Base,2016,10,17340.0,29000.0,Gasoline,A/T
Cadillac,DeVille Base,1994,32,85000.0,7900.0,–,A/T
Ford,Expedition EL XLT,2011,15,195500.0,8999.0,E85 Flex Fuel,6-Speed A/T
Chevrolet,Monte Carlo SS,2000,26,74000.0,4700.0,Gasoline,4-Speed A/T
RAM,1500 Big Horn,2015,11,140500.0,14000.0,Gasoline,8-Speed A/T
Jeep,Commander Base,2006,20,212500.0,6500.0,Gasoline,A/T
Lexus,IS-F Base,2010,16,77400.0,34500.0,Gasoline,8-Speed A/T
Ford,Utility Police Interceptor Base,2017,9,118000.0,15000.0,Gasoline,6-Speed A/T
Porsche,Carrera GT Base,2005,21,4400.0,1599000.0,Gasoline,6-Speed M/T
Cadillac,Escalade ESV Luxury,2016,10,146200.0,24500.0,Gasoline,8-Speed A/T
Tesla,Model Y Performance,2020,6,39000.0,43000.0,,1-Speed A/T
Chevrolet,Avalanche 1500 LS,2005,21,130000.0,7200.0,E85 Flex Fuel,A/T
Ford,F-150 Lariat,2021,5,33080.0,47850.0,Gasoline,10-Speed A/T
Mercedes-Benz,GLB 250 Base 4MATIC,2023,3,1219.0,46479.0,Gasoline,Automatic
Jeep,Wrangler Sport,2016,10,41000.0,25000.0,Gasoline,5-Speed A/T
Nissan,350Z Touring,2004,22,110897.0,11500.0,Gasoline,6-Speed M/T
Chevrolet,Corvette Z06,2016,10,49000.0,75000.0,Gasoline,7-Speed M/T
Pontiac,Solstice GXP,2007,19,47000.0,13300.0,Gasoline,5-Speed M/T
Hyundai,Sonata SE,2018,8,57690.0,15900.0,Gasoline,A/T
Mercedes-Benz,SLS AMG Base,2012,14,17941.0,226000.0,Gasoline,7-Speed Automatic with Auto-Shift
Lincoln,Navigator Reserve,2018,8,54000.0,46500.0,Gasoline,10-Speed A/T
Nissan,Maxima SL,2007,19,101600.0,6700.0,Gasoline,A/T
Ford,Ranger XLT,2021,5,89000.0,34000.0,Gasoline,10-Speed A/T
Tesla,Model 3 Long Range,2021,5,18000.0,42500.0,,A/T
Jaguar,XE 35t Premium,2017,9,55000.0,25000.0,Gasoline,A/T
Lincoln,MKZ Reserve,2017,9,71964.0,18750.0,Gasoline,6-Speed A/T
Cadillac,Escalade ESV Platinum,2020,6,92000.0,50000.0,Gasoline,A/T
Ford,Fusion SE,2012,14,160000.0,4500.0,E85 Flex Fuel,A/T
Mercedes-Benz,E-Class E 350,2012,14,95816.0,12000.0,Gasoline,7-Speed A/T
Jeep,Wrangler Unlimited Sport,2014,12,132600.0,17000.0,Gasoline,5-Speed A/T
Cadillac,DeVille Base,1994,32,47000.0,5990.0,–,A/T
Jeep,Wrangler Sport,2010,16,149460.0,10700.0,Gasoline,4-Speed A/T
Jeep,Wrangler Sport,2011,15,109646.0,16998.0,Gasoline,4-Speed Automatic
Acura,MDX 3.5L w/Technology Package,2019,7,90605.0,27698.0,Gasoline,Automatic
Volkswagen,Jetta 1.4T S,2019,7,59000.0,17000.0,Gasoline,A/T
Chevrolet,Camaro Z28,2002,24,48000.0,21999.0,Gasoline,A/T
Chevrolet,Corvette Z06,2016,10,41500.0,66000.0,Gasoline,7-Speed M/T
Porsche,Cayman R,2012,14,54000.0,75000.0,Gasoline,7-Speed A/T
Porsche,Cayenne Base,2018,8,70455.0,45855.0,Gasoline,8-Speed A/T
Subaru,Crosstrek 2.0i Limited,2018,8,84054.0,21499.0,Gasoline,CVT Transmission
BMW,750 Li,2007,19,114528.0,9000.0,Gasoline,A/T
Jeep,Wrangler Sahara,2013,13,111850.0,26500.0,Gasoline,A/T
GMC,Sierra 2500 AT4,2020,6,52673.0,69500.0,Diesel,6-Speed A/T
BMW,X3 M AWD,2021,5,31500.0,54500.0,Gasoline,8-Speed A/T
BMW,335 i,2011,15,73000.0,16000.0,Gasoline,Transmission w/Dual Shift Mode
Jeep,Wrangler Unlimited Sahara,2019,7,59692.0,35900.0,Gasoline,8-Speed A/T
Toyota,Corolla S Plus,2016,10,68364.0,16000.0,Gasoline,Transmission w/Dual Shift Mode
Land,Rover Discovery HSE LUXURY,2017,9,47200.0,29000.0,Gasoline,8-Speed A/T
Mercedes-Benz,E-Class E 450 4MATIC,2021,5,18000.0,62000.0,Hybrid,9-Speed A/T
Ford,Fusion Hybrid Base,2012,14,158366.0,8250.0,Hybrid,A/T
BMW,X1 xDrive 28i,2017,9,49700.0,26000.0,Gasoline,8-Speed A/T
GMC,Terrain SLE,2010,16,81500.0,12250.0,Gasoline,A/T
BMW,i3 120Ah w/Range Extender,2019,7,16975.0,26990.0,,A/T
Porsche,911 GT3,2018,8,5989.0,209000.0,Gasoline,"Manual, 6-Spd"
Ford,Mustang SVT Cobra,2003,23,16100.0,35500.0,Gasoline,M/T
Land,Rover Range Rover Supercharged LWB,2020,6,54225.0,67500.0,Gasoline,A/T
RAM,2500 Big Horn,2016,10,89500.0,35000.0,Gasoline,A/T
Ford,E250 Cargo,2013,13,87501.0,17777.0,E85 Flex Fuel,4-Speed A/T
MINI,Countryman Cooper S ALL4,2018,8,12370.0,28900.0,Gasoline,8-Speed A/T
RAM,1500 Classic Tradesman,2019,7,12466.0,28995.0,Gasoline,8-Speed A/T
Volvo,C70 T5,2011,15,199000.0,5500.0,Gasoline,Transmission w/Dual Shift Mode
Mercedes-Benz,SL-Class SL600 Roadster,2007,19,78200.0,22999.0,Gasoline,5-Speed A/T
Toyota,Camry Hybrid XLE,2018,8,22000.0,29500.0,Hybrid,A/T
GMC,Acadia SLE-2,2016,10,100795.0,12995.0,Gasoline,6-Speed Automatic
Chevrolet,Impala 1LT,2019,7,99941.0,17816.0,Gasoline,6-Speed Automatic
Jeep,Grand Cherokee L Laredo,2021,5,23588.0,38633.0,Gasoline,8-Speed Automatic
Jeep,Liberty Sport,2003,23,103000.0,5200.0,Gasoline,A/T
Jaguar,XF Luxury,2009,17,91491.0,7000.0,Gasoline,6-Speed A/T
Honda,Civic Sport,2020,6,23131.0,23739.0,Gasoline,Automatic CVT
Subaru,Outback 2.5i Premium,2019,7,77000.0,18749.0,Gasoline,CVT Transmission
Land,Rover Range Rover Sport HSE Dynamic,2019,7,20500.0,76000.0,Gasoline,A/T
Tesla,Model Y Long Range,2022,4,500.0,45900.0,,A/T
Lexus,ES 350 Base,2019,7,49810.0,33900.0,Gasoline,8-Speed A/T
Honda,CR-V Touring,2022,4,20229.0,36727.0,Gasoline,Automatic CVT
Alfa,Romeo Giulia Quadrifoglio,2021,5,10558.0,75000.0,Gasoline,8-Speed A/T
BMW,330 i,2005,21,59300.0,30900.0,Gasoline,M/T
Maybach,Type 57 Base,2004,22,34254.0,64250.0,Gasoline,5-Speed A/T
Lexus,ES 250 Base,2021,5,24364.0,37998.0,Gasoline,Automatic
Mercedes-Benz,Sprinter 2500,2016,10,139200.0,22000.0,Diesel,A/T
Mercedes-Benz,E-Class E 350,2012,14,82046.0,13999.0,Gasoline,7-Speed A/T
Dodge,Dakota Sport,1997,29,285000.0,6399.0,Gasoline,4-Speed A/T
RAM,1500 Tradesman/Express,2017,9,26269.0,25307.0,E85 Flex Fuel,8-Speed Automatic
Mazda,CX-9 Touring,2016,10,127131.0,16770.0,Gasoline,A/T
Porsche,911 Turbo S,2019,7,31000.0,179900.0,Gasoline,Transmission w/Dual Shift Mode
BMW,X3 xDrive30i,2021,5,27000.0,38400.0,Gasoline,8-Speed A/T
Jeep,Grand Cherokee Limited,2015,11,93400.0,18900.0,E85 Flex Fuel,A/T
BMW,X7 xDrive40i,2021,5,9200.0,71200.0,Hybrid,8-Speed A/T
Mercedes-Benz,SL-Class SL 550,2014,12,76850.0,32999.0,Gasoline,7-Speed A/T
Bentley,Continental GT W12,2016,10,61160.0,98000.0,Gasoline,A/T
Jeep,Wrangler Unlimited,2005,21,146000.0,15900.0,Gasoline,A/T
Tesla,Model S 100D,2017,9,38957.0,46750.0,,1-Speed A/T
Volkswagen,Golf SportWagen TSI SE,2017,9,33850.0,16500.0,Gasoline,6-Speed A/T
Jeep,Wrangler Unlimited Sahara,2020,6,61830.0,39860.0,Gasoline,8-Speed Automatic
Kia,Sorento SXL,2017,9,108559.0,15998.0,Gasoline,6-Speed Automatic
Lexus,LS 430 Base,2006,20,192000.0,7390.0,Gasoline,6-Speed A/T
Mercedes-Benz,E-Class E 350 4MATIC,2014,12,83112.0,15500.0,Gasoline,7-Speed A/T
Tesla,Model X 75D,2016,10,52000.0,52000.0,,A/T
RAM,1500 Rebel,2020,6,57300.0,43500.0,Gasoline,8-Speed A/T
MINI,Cooper Base,2008,18,104500.0,4100.0,Gasoline,6-Speed A/T
Jeep,Cherokee Sport,1996,30,170552.0,6500.0,Gasoline,4-Speed A/T
Ford,Mustang GT Premium,2013,13,18000.0,29000.0,Gasoline,6-Speed A/T
Lincoln,Navigator Reserve,2019,7,39000.0,51999.0,Gasoline,10-Speed A/T
Jeep,Gladiator Rubicon,2020,6,38000.0,45000.0,Gasoline,8-Speed A/T
Porsche,Cayman GT4,2016,10,15168.0,115000.0,Gasoline,6-Speed M/T
Honda,Civic EX,2012,14,167506.0,6500.0,Gasoline,A/T
Jeep,Grand Cherokee Laredo,2012,14,166000.0,13000.0,E85 Flex Fuel,A/T
Ford,Shelby GT500 Base,2021,5,19200.0,82950.0,Gasoline,Transmission w/Dual Shift Mode
Land,Rover Defender SE,2022,4,46000.0,75000.0,Hybrid,8-Speed A/T
Hummer,H3 Base,2007,19,201000.0,7200.0,Gasoline,A/T
Kia,Sportage LX,2014,12,87000.0,8900.0,Gasoline,A/T
GMC,Yukon XL 1500 SLT,2015,11,145000.0,24950.0,Gasoline,6-Speed A/T
Jeep,Wrangler Unlimited Sport,2020,6,33060.0,36500.0,Gasoline,8-Speed A/T
Ford,Bronco XLT,1995,31,195000.0,15000.0,–,A/T
Tesla,Model S Long Range Plus,2021,5,10550.0,67800.0,,A/T
Audi,A6 3.0T Prestige,2014,12,89500.0,18000.0,Gasoline,Transmission w/Dual Shift Mode
Jeep,Wrangler 80th Anniversary,2021,5,27000.0,37500.0,Hybrid,8-Speed A/T
Jeep,Wrangler Sport,2010,16,87250.0,18500.0,Gasoline,6-Speed M/T
Volkswagen,CC 2.0T Sport,2016,10,76495.0,13000.0,Gasoline,A/T
Cadillac,SRX Luxury Collection,2016,10,70503.0,15500.0,Gasoline,6-Speed A/T
Porsche,Cayenne Turbo,2009,17,41965.0,35000.0,Gasoline,Transmission w/Dual Shift Mode
Toyota,4Runner 4WD,1999,27,267000.0,8000.0,Gasoline,5-Speed M/T
Mitsubishi,Eclipse GT,2003,23,146000.0,4200.0,Gasoline,4-Speed A/T
Chevrolet,Corvette Stingray w/1LT,2023,3,9000.0,82500.0,Gasoline,8-Speed A/T
Toyota,GR86 Premium,2022,4,1050.0,40000.0,Gasoline,6-Speed A/T
Land,Rover Range Rover P525 Westminster,2021,5,22270.0,89900.0,Gasoline,8-Speed Automatic
Ford,Mustang GT Premium,2012,14,19900.0,26500.0,Gasoline,6-Speed A/T
Tesla,Model Y Long Range,2020,6,19800.0,44990.0,,1-Speed A/T
RAM,1500 Sport,2012,14,113500.0,17900.0,Gasoline,A/T
Lamborghini,Gallardo LP550-2,2013,13,22000.0,150000.0,Gasoline,6-Speed A/T
INFINITI,Q60 3.0t Red Sport 400,2022,4,3300.0,54000.0,Gasoline,Transmission w/Dual Shift Mode
Volkswagen,e-Golf SE,2016,10,41615.0,12000.0,,1-Speed A/T
Tesla,Model X Long Range,2022,4,11860.0,92500.0,,A/T
BMW,M5 Base,2015,11,27000.0,52500.0,Gasoline,7-Speed A/T
Kia,K5 GT-Line,2022,4,22101.0,29430.0,Gasoline,8-Speed Automatic
Chevrolet,Caprice Classic Base,1996,30,60000.0,18500.0,Gasoline,A/T
Subaru,BRZ Limited,2013,13,46452.0,22888.0,Gasoline,6-Speed M/T
Lincoln,MKZ Reserve I,2019,7,36000.0,26500.0,Gasoline,6-Speed A/T
Chevrolet,Corvette Grand Sport,2019,7,13100.0,61950.0,Gasoline,7-Speed M/T
Audi,Q5 2.0T Premium Plus,2019,7,50000.0,27000.0,Gasoline,7-Speed A/T
Mazda,CX-9 Signature,2018,8,19500.0,32250.0,Gasoline,Transmission w/Dual Shift Mode
Ford,Mustang GT,2016,10,36000.0,31000.0,Gasoline,6-Speed M/T
Rolls-Royce,Wraith Base,2016,10,21000.0,217000.0,Gasoline,A/T
Chevrolet,Camaro 1SS,2022,4,6640.0,51999.0,Gasoline,A/T
BMW,X5 xDrive35i,2016,10,74850.0,21900.0,Gasoline,A/T
Nissan,Maxima SV,2014,12,117000.0,10900.0,Gasoline,Transmission w/Dual Shift Mode
Toyota,Tundra TRD Pro,2016,10,51400.0,39900.0,E85 Flex Fuel,6-Speed A/T
INFINITI,QX60 AUTOGRAPH,2022,4,6000.0,57999.0,Gasoline,9-Speed A/T
Mitsubishi,Lancer Evolution MR,2006,20,128000.0,37999.0,Gasoline,6-Speed M/T
BMW,X3 xDrive30i,2021,5,15000.0,39995.0,Gasoline,Transmission w/Dual Shift Mode
Toyota,Tundra SR5,2016,10,119000.0,29950.0,Gasoline,6-Speed A/T
Lincoln,Mark LT Base,2006,20,87500.0,12999.0,Gasoline,A/T
Ford,Flex SEL,2011,15,149000.0,7999.0,Gasoline,6-Speed A/T
Audi,Q5 2.0T Premium Plus,2015,11,54700.0,20995.0,E85 Flex Fuel,8-Speed A/T
Ford,F-150 XL,2021,5,45979.0,38532.0,Gasoline,10-Speed Automatic
Lincoln,Continental Reserve,2017,9,56846.0,29000.0,Gasoline,Transmission w/Dual Shift Mode
Tesla,Model X 75D,2017,9,94100.0,49900.0,,A/T
Jeep,Grand Cherokee Limited,2017,9,80150.0,22500.0,Gasoline,8-Speed A/T
GMC,Terrain SLT-1,2013,13,11563.0,12300.0,Gasoline,A/T
Tesla,Model X Long Range,2022,4,7500.0,84000.0,,A/T
Mercedes-Benz,AMG E 53 Base 4MATIC,2021,5,15615.0,78000.0,Hybrid,9-Speed A/T
Subaru,Impreza WRX Base,2013,13,113000.0,16000.0,Gasoline,5-Speed M/T
Kia,Optima S,2018,8,74000.0,15000.0,Gasoline,6-Speed A/T
Mercedes-Benz,M-Class ML 350,2011,15,99200.0,11900.0,Gasoline,A/T
Volkswagen,Beetle 2.0T S,2018,8,36824.0,23999.0,Gasoline,6-Speed A/T
Acura,RSX Base,2005,21,186040.0,6700.0,Gasoline,A/T
GMC,Acadia SLE,2020,6,58000.0,27700.0,Gasoline,9-Speed A/T
Ford,F-150 Lariat,2020,6,31250.0,42500.0,Gasoline,A/T
Jeep,Gladiator Overland,2020,6,43000.0,46500.0,Gasoline,A/T
Toyota,Tacoma TRD Sport,2020,6,41199.0,41598.0,Gasoline,6 Speed Mt
Kia,EV6 GT-Line,2022,4,22000.0,45000.0,,1-Speed A/T
Genesis,GV70 3.5T Sport,2022,4,12900.0,53000.0,Gasoline,8-Speed A/T
Ford,Explorer ST,2022,4,10500.0,50000.0,Gasoline,Transmission w/Dual Shift Mode
MINI,Countryman Cooper,2020,6,74725.0,21612.0,Gasoline,7-Speed Automatic with Auto-Shift
Mazda,CX-5 Grand Touring,2021,5,61117.0,26485.0,Gasoline,6-Speed Automatic
BMW,325 i,2003,23,142000.0,4800.0,Gasoline,5-Speed M/T
Ford,Mustang EcoBoost Premium,2019,7,31000.0,34700.0,–,6-Speed M/T
Toyota,Yaris L,2012,14,129355.0,7950.0,Gasoline,4-Speed A/T
Chevrolet,Express 1500 Base,2010,16,204000.0,4900.0,E85 Flex Fuel,4-Speed A/T
Lincoln,Navigator L Select,2016,10,115600.0,22500.0,Gasoline,6-Speed A/T
Jeep,Wrangler Sahara Altitude,2023,3,1563.0,62500.0,Hybrid,A/T
Bentley,Continental GT Base,2007,19,72166.0,35995.0,Gasoline,A/T
Lexus,RX 350 F Sport,2018,8,26100.0,37899.0,Gasoline,8-Speed A/T
BMW,430 i,2017,9,58880.0,21000.0,Gasoline,8-Speed A/T
Cadillac,Escalade Sport Platinum,2021,5,26000.0,104000.0,Gasoline,10-Speed A/T
Honda,Civic EX,2008,18,190640.0,5500.0,Gasoline,5-Speed M/T
Porsche,Cayenne AWD,2020,6,37500.0,59900.0,Gasoline,8-Speed A/T
Ford,Mustang Mach-E GT,2022,4,13856.0,54000.0,,1-Speed A/T
Cadillac,ATS 2.5L Luxury,2013,13,225000.0,13600.0,Gasoline,6-Speed A/T
Lexus,LS 460 Base,2014,12,123256.0,24995.0,Gasoline,8-Speed A/T
Cadillac,Escalade Premium Luxury,2021,5,11459.0,88900.0,Gasoline,10-Speed A/T
Mercedes-Benz,C-Class C 300 4MATIC Sport,2016,10,67289.0,20490.0,Gasoline,7-Speed A/T
Hyundai,Veloster Base,2013,13,56837.0,10500.0,Gasoline,Transmission w/Dual Shift Mode
Chevrolet,Corvette Base,2002,24,44168.0,30000.0,Gasoline,4-Speed A/T
Mercedes-Benz,C-Class C 300 4MATIC,2019,7,59766.0,26900.0,Gasoline,9-Speed Automatic
Kia,Stinger GT,2018,8,56300.0,29950.0,Gasoline,A/T
Volvo,S60 R,2004,22,167000.0,8000.0,Gasoline,6-Speed M/T
Chevrolet,Silverado 2500 LT,2015,11,122770.0,27499.0,E85 Flex Fuel,A/T
Land,Rover Range Rover 3.0L V6 Supercharged HSE,2019,7,59271.0,54995.0,Gasoline,A/T
GMC,Sierra 1500 SLE,2015,11,102000.0,24500.0,Gasoline,6-Speed A/T
Chevrolet,Silverado 1500 RST,2020,6,40929.0,44800.0,Gasoline,Automatic
Porsche,911 Turbo S,2019,7,22000.0,174900.0,Gasoline,7-Speed A/T
Chevrolet,Suburban Z71,2022,4,19200.0,69790.0,Gasoline,10-Speed A/T
Mercedes-Benz,G-Class G 550 4MATIC,2019,7,32376.0,128000.0,Gasoline,A/T
Porsche,911 Carrera,2023,3,19800.0,134900.0,Gasoline,8-Speed A/T
Land,Rover Range Rover Sport HSE,2011,15,105000.0,10000.0,Gasoline,A/T
Ford,F-250 Lariat,2016,10,122650.0,38900.0,Diesel,6-Speed A/T
Subaru,BRZ Limited,2022,4,14000.0,34999.0,Gasoline,6-Speed M/T
Lexus,LS 460 Base,2008,18,100868.0,15397.0,Gasoline,8-Speed A/T
Land,Rover Range Rover Sport HSE,2013,13,111000.0,15000.0,Gasoline,6-Speed A/T
Cadillac,Escalade Sport Platinum,2021,5,38500.0,94995.0,Gasoline,A/T
Nissan,Pathfinder S,2020,6,41250.0,21865.0,Gasoline,CVT Transmission
MINI,Cooper S Base,2006,20,99600.0,5500.0,Gasoline,6-Speed A/T
Acura,ILX 2.0L w/Premium Package,2013,13,198000.0,11000.0,Gasoline,Transmission w/Dual Shift Mode
Lexus,RX 350 Base,2021,5,20598.0,42599.0,Gasoline,8-Speed Automatic
Porsche,911 Carrera S,2013,13,52044.0,76500.0,Gasoline,7-Speed M/T
MINI,Hardtop Cooper S,2022,4,23777.0,30000.0,Gasoline,6-Speed M/T
Ford,F-150 Platinum,2018,8,60660.0,46900.0,Gasoline,A/T
BMW,i3 Base,2015,11,26000.0,14999.0,,1-Speed A/T
Mazda,CX-5 Touring,2018,8,61000.0,21800.0,Gasoline,Transmission w/Dual Shift Mode
Lexus,RX 350 F Sport Performance,2020,6,53750.0,32600.0,Gasoline,A/T
BMW,X5 M50i,2023,3,13735.0,77897.0,Gasoline,8-Speed Automatic
Mercedes-Benz,E-Class E 300,2019,7,32580.0,33998.0,Gasoline,Automatic
Porsche,911 Carrera Cabriolet,2006,20,96275.0,52500.0,Gasoline,6-Speed M/T
Ford,F-350 Lariat,2015,11,162000.0,32000.0,Diesel,Transmission w/Dual Shift Mode
BMW,X3 xDrive30i,2019,7,92040.0,24999.0,Gasoline,8-Speed Automatic
RAM,1500 SLT,2017,9,73690.0,27000.0,Gasoline,8-Speed A/T
Toyota,Tacoma Base,2009,17,48750.0,17900.0,Gasoline,M/T
Cadillac,SRX Performance Collection,2011,15,124542.0,8450.0,Gasoline,6-Speed A/T
Ford,Mustang GT Premium,2010,16,69000.0,20000.0,Gasoline,5-Speed A/T
Dodge,Ram 2500 Laramie Quad Cab,2004,22,148000.0,19000.0,Diesel,4-Speed A/T
BMW,650 i,2006,20,122141.0,10500.0,Gasoline,6-Speed M/T
Subaru,Impreza WRX,2012,14,106000.0,15000.0,Gasoline,M/T
Ford,Edge Titanium,2017,9,113294.0,16500.0,Gasoline,6-Speed A/T
Kia,Telluride SX,2021,5,24423.0,44315.0,Gasoline,8-Speed Automatic
Tesla,Model S Long Range,2022,4,28000.0,68750.0,,1-Speed A/T
RAM,1500 Rebel,2018,8,54800.0,37050.0,Gasoline,A/T
Ford,Explorer XLT,2017,9,161000.0,17500.0,Gasoline,6-Speed A/T
Mercedes-Benz,AMG GLE 43 4MATIC Coupe,2019,7,28755.0,61350.0,Gasoline,9-Speed A/T
Audi,Q5 2.0T Premium Plus,2016,10,52105.0,20499.0,E85 Flex Fuel,A/T
Nissan,Armada Platinum,2018,8,119950.0,20999.0,Gasoline,Transmission w/Dual Shift Mode
Mercedes-Benz,SL-Class SL500 Roadster,2003,23,80081.0,12500.0,Gasoline,5-Speed A/T
Bentley,Bentayga V8,2021,5,24500.0,165000.0,Gasoline,8-Speed A/T
Jeep,Gladiator Overland,2021,5,4100.0,55000.0,Gasoline,A/T
BMW,M2 CS,2020,6,9670.0,103500.0,Gasoline,Transmission w/Dual Shift Mode
Dodge,Charger SE,2017,9,63250.0,18650.0,Gasoline,A/T
Lincoln,MKX Black Label,2017,9,69431.0,26500.0,Gasoline,6-Speed A/T
Toyota,Tundra SR5,2015,11,108044.0,31380.0,Gasoline,6-Speed Automatic
BMW,335 i,2008,18,98000.0,13998.0,Gasoline,Transmission w/Dual Shift Mode
BMW,X1 xDrive28i,2019,7,52253.0,34500.0,Gasoline,Transmission w/Dual Shift Mode
Ford,F-350 Platinum,2022,4,23850.0,99750.0,Diesel,10-Speed A/T
Mercedes-Benz,Sprinter High Roof,2015,11,1500.0,39500.0,Diesel,A/T
Dodge,Challenger GT,2021,5,40000.0,32500.0,Gasoline,A/T
Audi,S4 3.0 Prestige,2012,14,38718.0,31000.0,Gasoline,7-Speed A/T
Toyota,Tacoma TRD Sport,2018,8,84184.0,35998.0,Gasoline,Automatic
Mercedes-Benz,Sprinter 2500 Standard Roof,2021,5,13344.0,56500.0,Diesel,7-Speed A/T
INFINITI,Q50 3.0t Red Sport 400,2018,8,51850.0,28900.0,Gasoline,Transmission w/Dual Shift Mode
Porsche,911 Carrera 4S,2002,24,119500.0,36995.0,Gasoline,6-Speed M/T
Ford,Expedition Max Limited,2021,5,30918.0,51999.0,Gasoline,10-Speed A/T
Chevrolet,Corvette Stingray w/3LT,2023,3,1100.0,92000.0,Gasoline,8-Speed A/T
Mercedes-Benz,C-Class C 300,2019,7,40000.0,27900.0,Gasoline,A/T
Jeep,Grand Cherokee Limited,2005,21,100500.0,9998.0,Gasoline,A/T
Dodge,Charger SRT Hellcat,2020,6,54320.0,67000.0,Gasoline,8-Speed A/T
Mercedes-Benz,C-Class C 300 4MATIC,2018,8,49000.0,23450.0,Gasoline,A/T
Porsche,911 Carrera S,2020,6,28000.0,134999.0,Gasoline,8-Speed A/T
Porsche,911 GT3,2022,4,1750.0,275000.0,Gasoline,7-Speed A/T
Cadillac,DTS Luxury,2007,19,130000.0,3499.0,Gasoline,A/T
Maserati,Grecale Modena,2023,3,3721.0,69645.0,Gasoline,8-Speed Automatic
Mercedes-Benz,S-Class S 550,2016,10,78101.0,34500.0,Gasoline,7-Speed A/T
Chevrolet,Malibu 1LT,2017,9,54000.0,16000.0,Gasoline,A/T
Nissan,Quest SL,2011,15,185000.0,7500.0,Gasoline,A/T
Mercedes-Benz,SLK-Class SLK 250,2015,11,49000.0,23500.0,Gasoline,7-Speed A/T
GMC,Sierra 2500 Denali,2024,2,2043.0,81500.0,Gasoline,10-Speed A/T
Lexus,RX 350 Base,2016,10,71750.0,28000.0,Gasoline,8-Speed A/T
Chevrolet,Corvette Stingray w/3LT,2020,6,5194.0,87500.0,Gasoline,8-Speed Automatic with Auto-Shift
BMW,330 i,2019,7,42200.0,27500.0,Gasoline,8-Speed A/T
Mercedes-Benz,GLC 300 Base,2020,6,42717.0,33500.0,Gasoline,A/T
Tesla,Model S 75D,2016,10,102260.0,31300.0,,1-Speed A/T
Chevrolet,Corvette Stingray w/2LT,2022,4,11089.0,80900.0,Gasoline,8-Speed Manual
Jaguar,XF 25t Prestige,2018,8,37777.0,32500.0,Gasoline,Transmission w/Dual Shift Mode
Ford,F-150 XLT,2021,5,35921.0,42995.0,Gasoline,10-Speed Automatic
Ford,Bronco Outer Banks,2023,3,1800.0,54900.0,Gasoline,10-Speed A/T
Scion,FR-S Monogram,2014,12,163019.0,8900.0,Gasoline,6-Speed M/T
Mercedes-Benz,C-Class C 300 4MATIC,2020,6,14220.0,35500.0,Gasoline,9-Speed A/T
Chevrolet,Tahoe Premier,2019,7,48879.0,49573.0,Gasoline,Automatic
BMW,M3 Base,2002,24,117200.0,15000.0,Gasoline,6-Speed A/T
Ford,F-150 Lariat,2016,10,25000.0,65000.0,E85 Flex Fuel,6-Speed A/T
BMW,i3 Base w/Range Extender,2014,12,74500.0,11499.0,,A/T
INFINITI,G37 Journey,2013,13,33300.0,21990.0,Gasoline,A/T
Ford,Expedition XLT,2007,19,123921.0,6900.0,Gasoline,6-Speed A/T
BMW,X3 sDrive30i,2021,5,12800.0,39990.0,Gasoline,A/T
Aston,Martin Vantage GT Base,2015,11,21100.0,80000.0,Gasoline,6-Speed M/T
Chevrolet,Tahoe LT,2009,17,104733.0,15000.0,E85 Flex Fuel,6-Speed A/T
Ford,Transit-250 Base,2020,6,53000.0,38500.0,Gasoline,A/T
Lexus,ES 250 Base,2021,5,17570.0,39998.0,Gasoline,Automatic
RAM,1500 Rebel,2020,6,63875.0,41900.0,Hybrid,8-Speed A/T
Ford,Maverick XL,2023,3,12500.0,29999.0,Hybrid,A/T
BMW,Z3 3.0i Roadster,2001,25,103990.0,10500.0,Gasoline,5-Speed M/T
Chevrolet,Camaro 1SS,2022,4,7000.0,50000.0,Gasoline,6-Speed M/T
Chevrolet,Corvette Stingray w/3LT,2023,3,9000.0,92000.0,Gasoline,8-Speed A/T
Pontiac,Solstice GXP,2007,19,7800.0,19000.0,Gasoline,5-Speed A/T
Cadillac,XTS Luxury,2017,9,69289.0,20997.0,Gasoline,6-Speed A/T
Toyota,Highlander Limited,2011,15,106000.0,16600.0,Gasoline,5-Speed A/T
Lincoln,Navigator Reserve,2020,6,68000.0,55999.0,Gasoline,10-Speed A/T
Toyota,Highlander Hybrid Limited Platinum,2019,7,13828.0,43000.0,Hybrid,CVT Transmission
Audi,A3 2.0T Tech Premium,2018,8,39600.0,26999.0,Gasoline,Transmission w/Dual Shift Mode
Jeep,Wrangler SE,2003,23,92000.0,12500.0,Gasoline,M/T
Toyota,Tacoma SR,2022,4,5020.0,36500.0,Gasoline,A/T
Chevrolet,Trailblazer SS,2007,19,107800.0,15000.0,Gasoline,A/T
Audi,A5 2.0T Premium Plus,2019,7,23827.0,34995.0,Gasoline,7-Speed A/T
Audi,A6 55 Premium,2020,6,25300.0,39900.0,Hybrid,7-Speed A/T
Mercedes-Benz,Sprinter 2500,2016,10,399000.0,24500.0,Diesel,5-Speed A/T
Porsche,911 Carrera,2005,21,46200.0,49999.0,Gasoline,6-Speed M/T
Chevrolet,Corvette Stingray w/2LT,2022,4,3158.0,85989.0,Gasoline,8-Speed A/T
GMC,Acadia SLE,2021,5,26000.0,30900.0,Gasoline,A/T
Porsche,911 Carrera,2020,6,12758.0,107900.0,Gasoline,8-Speed A/T
Chevrolet,Corvette Base,2007,19,123500.0,27000.0,Gasoline,Transmission w/Dual Shift Mode
Ford,Mustang GT Premium,2018,8,26840.0,42500.0,Gasoline,6-Speed M/T
Ford,Edge SEL,2021,5,17836.0,31933.0,Gasoline,8-Speed Automatic
Cadillac,Escalade Luxury,2012,14,114500.0,16100.0,E85 Flex Fuel,A/T
Chevrolet,Corvette Stingray w/3LT,2022,4,5400.0,89900.0,Gasoline,8-Speed A/T
Toyota,Corolla LE,2016,10,17500.0,15100.0,Gasoline,A/T
Chevrolet,Express 2500 Work Van,2017,9,56000.0,44600.0,Gasoline,A/T
Chevrolet,Trax LS,2020,6,20800.0,19000.0,Gasoline,6-Speed A/T
Volkswagen,Golf Auto TSI S,2015,11,107543.0,13200.0,Gasoline,Transmission w/Dual Shift Mode
Nissan,Pathfinder Silver,2012,14,206000.0,5000.0,Gasoline,Transmission w/Dual Shift Mode
Ford,F-150 Platinum,2018,8,37100.0,46000.0,E85 Flex Fuel,10-Speed A/T
Land,Rover Range Rover Velar P380 SE R-Dynamic,2019,7,19813.0,51900.0,Gasoline,8-Speed A/T
Kia,Sportage LX,2010,16,208321.0,3500.0,Gasoline,A/T
Lexus,LS 460 Base,2012,14,200000.0,9995.0,Gasoline,Transmission w/Dual Shift Mode
MINI,Cooper S Base,2012,14,66000.0,10999.0,Gasoline,6-Speed A/T
Bentley,Bentayga Activity Edition,2018,8,41000.0,113000.0,Gasoline,8-Speed A/T
Volvo,XC60 T6 Inscription,2019,7,20623.0,36800.0,Gasoline,A/T
Ford,Explorer Limited,2018,8,86000.0,26900.0,Gasoline,Transmission w/Dual Shift Mode
Porsche,Cayenne Turbo GT,2022,4,1766.0,209995.0,Gasoline,Automatic
Mercedes-Benz,G-Class G 550 4MATIC,2016,10,51354.0,73000.0,Gasoline,7-Speed A/T
Jeep,Wrangler Unlimited Rubicon 392,2021,5,38000.0,72980.0,Gasoline,Transmission w/Dual Shift Mode
Toyota,Avalon Hybrid XLE Premium,2015,11,161000.0,11500.0,Hybrid,CVT Transmission
Nissan,Juke SL,2012,14,74750.0,12500.0,Gasoline,CVT Transmission
Porsche,911 Carrera 4,2013,13,67522.0,59500.0,Gasoline,7-Speed A/T
MINI,Cooper S Base,2012,14,152000.0,9000.0,Gasoline,6-Speed A/T
Subaru,Ascent Touring 7-Passenger,2019,7,71273.0,23900.0,Gasoline,CVT Transmission
Subaru,WRX STI Base,2017,9,37800.0,32500.0,Gasoline,6-Speed M/T
Land,Rover Range Rover Sport HSE,2019,7,42000.0,48990.0,Gasoline,Transmission w/Dual Shift Mode
Kia,Sorento Plug-In Hybrid SX Prestige,2022,4,10101.0,44990.0,Plug-In Hybrid,6-Speed A/T
Chevrolet,Corvette Stingray w/2LT,2022,4,7900.0,92500.0,Gasoline,8-Speed A/T
Tesla,Model 3 Performance,2020,6,45468.0,45999.0,,1-Speed A/T
Nissan,Armada SV,2017,9,187141.0,16995.0,Gasoline,A/T
Porsche,Cayenne Turbo S,2014,12,99100.0,32000.0,Gasoline,8-Speed A/T
Subaru,Outback Touring XT,2021,5,33500.0,34000.0,Gasoline,CVT Transmission
Acura,RLX Advance Package,2016,10,102665.0,15450.0,Gasoline,6-Speed A/T
Ford,Mustang GT,2001,25,52675.0,16995.0,Gasoline,5-Speed M/T
BMW,330 i xDrive,2017,9,59203.0,23000.0,Gasoline,A/T
Mercedes-Benz,SL-Class SL550 Roadster,2009,17,60100.0,27000.0,Gasoline,7-Speed A/T
Audi,SQ8 4.0T Premium Plus,2021,5,43238.0,76400.0,Gasoline,Transmission w/Dual Shift Mode
MINI,Cooper S Base,2007,19,118000.0,3600.0,Gasoline,A/T
Ford,Mustang EcoBoost,2021,5,17300.0,31000.0,Gasoline,10-Speed A/T
Audi,RS 7 4.0T Prestige,2016,10,64800.0,50000.0,Gasoline,8-Speed A/T
Mercedes-Benz,GLC 300 GLC 300,2022,4,1408.0,46798.0,Gasoline,Automatic
Volkswagen,Touareg TDI Lux,2015,11,15167.0,35000.0,Diesel,8-Speed A/T
Porsche,Cayenne GTS,2016,10,64600.0,41000.0,Gasoline,8-Speed A/T
Jeep,Grand Wagoneer Series III,2022,4,31112.0,83000.0,Gasoline,8-Speed A/T
Tesla,Model X 100D,2018,8,23250.0,57000.0,,1-Speed A/T
MINI,Cooper S Base,2011,15,63500.0,10500.0,Gasoline,6-Speed M/T
RAM,1500 Laramie,2022,4,13464.0,46999.0,Gasoline,8-Speed Automatic
Chevrolet,Camaro Base,2001,25,64776.0,7500.0,Gasoline,A/T
Jeep,Cherokee X,2022,4,9601.0,33498.0,Gasoline,Automatic
BMW,ALPINA B7 xDrive,2013,13,135000.0,14000.0,Gasoline,A/T
Volvo,XC90 3.2 Premier Plus,2013,13,208864.0,7500.0,Gasoline,6-Speed A/T
INFINITI,Q50 3.0T Premium,2016,10,49872.0,21500.0,Gasoline,7-Speed A/T
MINI,Cooper Base,2009,17,90367.0,9250.0,Gasoline,6-Speed M/T
Porsche,911 Carrera 4S,2014,12,36670.0,82499.0,Gasoline,Transmission w/Dual Shift Mode
Jeep,Grand Wagoneer Base,2023,3,3752.0,84620.0,Gasoline,8-Speed Automatic
Lexus,RX 350 Base,2021,5,30761.0,44950.0,Gasoline,8-Speed Automatic
RAM,1500 Laramie,2022,4,13438.0,46599.0,Gasoline,8-Speed Automatic
Jeep,Gladiator Overland,2020,6,9100.0,49895.0,Gasoline,8-Speed A/T
Chrysler,200 Limited,2017,9,100600.0,10000.0,–,A/T
Ford,Fusion Hybrid Base,2011,15,223824.0,4500.0,Hybrid,A/T
Audi,A6 2.0T Premium Plus,2016,10,96000.0,21990.0,Gasoline,8-Speed A/T
Chevrolet,Silverado 1500 Z71 Extended Cab,2004,22,185000.0,10500.0,Gasoline,4-Speed A/T
Porsche,Taycan Base,2021,5,6900.0,79999.0,,2-Speed A/T
Honda,Accord Hybrid Touring,2017,9,96400.0,18500.0,Hybrid,CVT Transmission
RAM,2500 SLT,2018,8,67865.0,36500.0,Gasoline,6-Speed A/T
Land,Rover Range Rover Sport Supercharged,2015,11,64300.0,44850.0,E85 Flex Fuel,Transmission w/Dual Shift Mode
Chevrolet,Colorado ZR2,2018,8,76500.0,33500.0,Gasoline,8-Speed A/T
GMC,Sierra 2500 Denali,2017,9,96343.0,53000.0,Diesel,6-Speed A/T
Subaru,Crosstrek 2.0i Limited,2018,8,74600.0,24000.0,Gasoline,Transmission w/Dual Shift Mode
Subaru,Outback 2.5i Limited,2014,12,157530.0,9995.0,Gasoline,Automatic CVT
Tesla,Model X Plaid,2022,4,15000.0,95999.0,,A/T
Jeep,Wrangler Unlimited Rubicon,2012,14,80000.0,30000.0,Gasoline,A/T
Tesla,Model S 100D,2018,8,83424.0,45000.0,,1-Speed A/T
Mercedes-Benz,C-Class C 300 4MATIC,2021,5,19000.0,37999.0,Gasoline,A/T
Porsche,911 Carrera S,2013,13,64000.0,67000.0,Gasoline,7-Speed A/T
Mercedes-Benz,GLS 450 Base 4MATIC,2019,7,34068.0,46900.0,Gasoline,9-Speed A/T
Buick,Envision Preferred,2021,5,20104.0,33295.0,Gasoline,9-Speed Automatic
Nissan,Armada Platinum,2022,4,8400.0,59950.0,Gasoline,7-Speed A/T
Porsche,911 Turbo,2021,5,11938.0,209000.0,Gasoline,Transmission w/Dual Shift Mode
Chevrolet,Corvette Stingray w/2LT,2021,5,24670.0,72500.0,Gasoline,Transmission w/Dual Shift Mode
Ford,Mustang Shelby GT500,2013,13,16478.0,66400.0,Gasoline,6-Speed M/T
Ford,F-150 XL,2018,8,52500.0,35000.0,E85 Flex Fuel,A/T
Porsche,Cayenne Turbo,2004,22,92500.0,12000.0,Gasoline,Transmission w/Dual Shift Mode
Mitsubishi,Eclipse Spyder GT,2008,18,62930.0,10000.0,Gasoline,A/T
Lexus,GX 470 Base,2007,19,116600.0,19975.0,Gasoline,5-Speed A/T
Dodge,Dakota Big Horn/Lone Star,2010,16,172024.0,7500.0,Gasoline,4-Speed A/T
Jeep,Wrangler Sport,2012,14,57237.0,22500.0,Gasoline,A/T
Subaru,Outback Limited,2020,6,44600.0,28300.0,Gasoline,CVT Transmission
Jeep,Wrangler Unlimited Rubicon,2013,13,181830.0,21000.0,Gasoline,6-Speed M/T
Subaru,Ascent Touring 7-Passenger,2021,5,39948.0,36791.0,Gasoline,Automatic CVT
Ford,F-350 XL,2017,9,156453.0,40000.0,Diesel,6-Speed A/T
Porsche,Cayenne Turbo S,2014,12,156193.0,36000.0,Gasoline,8-Speed A/T
BMW,X1 xDrive28i,2020,6,27989.0,29000.0,Gasoline,A/T
Toyota,4Runner Limited,2014,12,146700.0,24999.0,Gasoline,5-Speed A/T
GMC,Yukon Denali,2019,7,88450.0,42900.0,Gasoline,10-Speed A/T
Toyota,C-HR LE,2020,6,14065.0,27671.0,Gasoline,Automatic CVT
Subaru,Outback Limited XT,2020,6,36844.0,30427.0,Gasoline,Automatic CVT
Chevrolet,Silverado 1500 LT Trail Boss,2020,6,49000.0,44900.0,Gasoline,A/T
BMW,X5 xDrive50i,2013,13,58000.0,17900.0,Gasoline,8-Speed A/T
Audi,A6 55 Prestige,2021,5,22800.0,52000.0,Hybrid,A/T
Subaru,Outback 2.5i Limited,2014,12,78007.0,14750.0,Gasoline,A/T
Ford,F-250 King Ranch,2020,6,36500.0,69900.0,Diesel,10-Speed A/T
Honda,CR-V EX,2004,22,156350.0,3990.0,Gasoline,A/T
Lexus,GX 460 Luxury,2021,5,17710.0,59000.0,Gasoline,A/T
Ford,Explorer XLT,2013,13,149000.0,7850.0,Gasoline,A/T
Subaru,Forester 2.5i Limited,2015,11,90000.0,16000.0,Gasoline,CVT Transmission
Ford,Bronco Wildtrak Advanced,2022,4,9990.0,64500.0,Gasoline,Transmission w/Dual Shift Mode
Mercedes-Benz,A-Class A 220 4MATIC,2019,7,28663.0,29500.0,Gasoline,7-Speed Automatic with Auto-Shift
Lexus,NX 200t Base,2015,11,124250.0,17900.0,Gasoline,A/T
Ford,F-250 Lariat,2017,9,50780.0,61000.0,Diesel,6-Speed A/T
Porsche,911 Carrera C4S,2006,20,65000.0,43000.0,Gasoline,6-Speed M/T
Tesla,Model 3 Long Range,2022,4,22457.0,40036.0,,Automatic
Toyota,Camry XSE,2022,4,19361.0,38298.0,Gasoline,Automatic
BMW,i3 94 Ah,2017,9,43000.0,16500.0,,1-Speed A/T
Ford,F-250 XL SuperCab H/D,1993,33,115000.0,21900.0,–,A/T
Porsche,Taycan Turbo,2020,6,2076.0,115998.0,,Automatic
Porsche,911 GT3,2018,8,9712.0,188900.0,Gasoline,7-Speed Automatic with Auto-Shift
Mercedes-Benz,E-Class E55 AMG,2005,21,131000.0,16500.0,Gasoline,5-Speed A/T
Toyota,Highlander XLE,2022,4,31000.0,43000.0,Gasoline,Transmission w/Dual Shift Mode
Volvo,S60 Recharge Plug-In Hybrid T8 Inscription,2021,5,24158.0,44900.0,Plug-In Hybrid,8-Speed A/T
Audi,A6 3.0T Premium Plus,2016,10,72865.0,22000.0,Gasoline,A/T
Mercedes-Benz,E-Class E 350 4MATIC,2014,12,89563.0,18995.0,Gasoline,7-Speed A/T
Nissan,Juke SL,2012,14,72639.0,15000.0,Gasoline,CVT Transmission
Mercedes-Benz,CLS-Class CLS 550,2012,14,79000.0,19999.0,Gasoline,7-Speed A/T
Audi,A3 2.0T Premium,2012,14,111564.0,11200.0,Gasoline,6-Speed A/T
Lexus,GX 460 Base,2018,8,75000.0,38095.0,Gasoline,6-Speed A/T
Ford,Mustang Premium,2007,19,169613.0,5900.0,Gasoline,A/T
Honda,Pilot EX-L,2011,15,175000.0,9000.0,Gasoline,5-Speed A/T
BMW,540 i,2017,9,98500.0,24500.0,Gasoline,8-Speed A/T
Chrysler,300 S,2012,14,53000.0,13750.0,Gasoline,Transmission w/Dual Shift Mode
RAM,2500 Longhorn,2015,11,72200.0,52500.0,Diesel,6-Speed A/T
Acura,TSX Base,2005,21,151600.0,7899.0,Gasoline,6-Speed M/T
Lotus,Evora 2+2,2011,15,20000.0,51000.0,Gasoline,6-Speed M/T
Chevrolet,Avalanche 1500 LT,2010,16,170000.0,9000.0,E85 Flex Fuel,A/T
Ford,F-150 XLT,2019,7,69800.0,34600.0,E85 Flex Fuel,10-Speed A/T
Toyota,Tundra SR5,2020,6,26300.0,46199.0,Gasoline,6-Speed A/T
Honda,Fit Sport,2007,19,156111.0,5200.0,Gasoline,Transmission w/Dual Shift Mode
Chevrolet,Silverado 2500 LTZ,2016,10,172600.0,32500.0,Diesel,A/T
Honda,Accord Crosstour EX-L,2010,16,145000.0,9000.0,Gasoline,A/T
Ford,F-250 XLT Super Duty,2001,25,64309.0,7500.0,Gasoline,A/T
RAM,1500 TRX,2021,5,15183.0,90000.0,Gasoline,8-Speed A/T
Buick,Envision Essence,2020,6,28548.0,32063.0,Gasoline,6-Speed Automatic
Volkswagen,Atlas 3.6L SEL Premium R-Line,2022,4,14000.0,46900.0,Gasoline,8-Speed A/T
Mercedes-Benz,CLS 450 Base,2019,7,67000.0,44500.0,Hybrid,Transmission w/Dual Shift Mode
Jeep,Wrangler Unlimited Sport,2017,9,84786.0,23500.0,Gasoline,5-Speed A/T
Mercedes-Benz,S-Class S 63 AMG,2008,18,93000.0,17800.0,Gasoline,A/T
Hyundai,Genesis Coupe 3.8 Track,2010,16,127500.0,6000.0,Gasoline,6-Speed M/T
Ford,Mustang Mach-E GT,2022,4,8000.0,60999.0,,1-Speed A/T
GMC,Canyon Elevation Standard,2022,4,16500.0,32900.0,Gasoline,8-Speed A/T
Jaguar,XK Base,2013,13,55700.0,27200.0,Gasoline,6-Speed A/T
Ford,F-250 LARIAT,2021,5,42245.0,76598.0,Diesel,Automatic
Toyota,RAV4 Base,2009,17,78500.0,12000.0,Gasoline,4-Speed A/T
Ford,Expedition Platinum,2018,8,48619.0,51499.0,Gasoline,10-Speed A/T
Jeep,Wrangler Unlimited 4xe Sahara,2021,5,51105.0,42700.0,Hybrid,8-Speed Automatic
Ford,F-150 XLT,2016,10,25880.0,25500.0,E85 Flex Fuel,6-Speed A/T
Tesla,Model S Plaid,2021,5,20100.0,69995.0,,A/T
Toyota,Tacoma SR5,2018,8,25083.0,34955.0,Gasoline,6-Speed Automatic
Audi,TT Roadster quattro,2002,24,69300.0,9995.0,Gasoline,6-Speed M/T
Toyota,Highlander Hybrid Limited Platinum,2019,7,46000.0,40000.0,Hybrid,CVT Transmission
Jeep,Liberty Sport,2008,18,141485.0,6500.0,Gasoline,A/T
Toyota,Sequoia Limited,2018,8,63990.0,48000.0,Gasoline,6-Speed A/T
Ford,Transit-350 Base,2020,6,19400.0,58000.0,Gasoline,A/T
Subaru,BRZ Limited,2013,13,129858.0,13490.0,Gasoline,6-Speed A/T
Volvo,XC60 3.2,2012,14,102000.0,10800.0,Gasoline,6-Speed A/T
Subaru,Impreza WRX Sti Special Edition,2010,16,8700.0,39900.0,Gasoline,6-Speed M/T
Chevrolet,Bolt EV LT,2018,8,49279.0,17500.0,,1-Speed A/T
Chevrolet,Monte Carlo Supercharged SS,2004,22,148800.0,6500.0,Gasoline,A/T
Cadillac,Escalade Platinum Edition,2012,14,160249.0,12900.0,E85 Flex Fuel,A/T
Chrysler,300M Base,2004,22,45000.0,6000.0,Gasoline,A/T
Chevrolet,Silverado 2500 LT H/D Extended Cab,2006,20,169000.0,19500.0,Diesel,6-Speed A/T
Mercedes-Benz,AMG C 63 S,2017,9,46000.0,56000.0,Gasoline,7-Speed A/T
Ferrari,488 Spider Base,2019,7,13900.0,315000.0,Gasoline,Transmission w/Dual Shift Mode
Acura,TLX V6 Tech,2015,11,38000.0,21900.0,Gasoline,9-Speed A/T
Chevrolet,Corvette Z06,2006,20,42000.0,42000.0,Gasoline,6-Speed M/T
Lexus,NX 350h Premium,2024,2,300.0,50999.0,Hybrid,A/T
Mercedes-Benz,SLK-Class SLK 350,2008,18,120800.0,13900.0,Gasoline,7-Speed A/T
Jeep,Wrangler Unlimited Sahara,2020,6,76313.0,35234.0,Gasoline,8-Speed Automatic
Chevrolet,Silverado 1500 LT,2012,14,104000.0,16500.0,E85 Flex Fuel,6-Speed A/T
Lexus,GX 460 Base,2010,16,97097.0,22000.0,Gasoline,A/T
Jeep,Wrangler Unlimited X,2008,18,136731.0,15900.0,Gasoline,A/T
RAM,1500 Tradesman/Express,2017,9,40200.0,24000.0,Gasoline,A/T
Ford,Explorer ST,2021,5,39105.0,44605.0,Gasoline,10-Speed Automatic
Mercedes-Benz,G 550 4x4 Squared Base,2017,9,23567.0,215000.0,Gasoline,Transmission w/Dual Shift Mode
BMW,M4 Competition,2021,5,12500.0,90000.0,Gasoline,8-Speed A/T
Chevrolet,Colorado ZR2,2019,7,38900.0,34700.0,Gasoline,8-Speed A/T
Lincoln,Navigator L Select,2016,10,84272.0,25221.0,Gasoline,6-Speed A/T
Mercedes-Benz,E-Class E 350,2016,10,58375.0,24999.0,Gasoline,A/T
Ford,Mustang Shelby GT500,2007,19,7346.0,40999.0,Gasoline,6-Speed M/T
Dodge,Charger SRT8,2008,18,98231.0,15500.0,Gasoline,5-Speed A/T
Jaguar,XK Base,2007,19,56000.0,18000.0,Gasoline,A/T
Honda,Civic EX,2020,6,13935.0,26000.0,Gasoline,CVT Transmission
Subaru,Impreza 2.0i,2019,7,30000.0,21250.0,Gasoline,CVT Transmission
Saab,9-3 Aero,2009,17,106000.0,12950.0,Gasoline,6-Speed A/T
BMW,650 Gran Coupe i xDrive,2014,12,82978.0,18700.0,Gasoline,8-Speed A/T
Jeep,Wrangler Unlimited Sport,2018,8,58500.0,35000.0,Gasoline,8-Speed A/T
Ford,F-350 King Ranch,2015,11,92421.0,51900.0,Diesel,6-Speed A/T
Mazda,CX-30 Preferred,2020,6,9927.0,27518.0,Gasoline,6-Speed Automatic
Jeep,Wrangler Sport,2000,26,122945.0,13900.0,Gasoline,5-Speed M/T
Lexus,RX 330 Base,2006,20,110250.0,11000.0,Gasoline,A/T
INFINITI,QX56 Base,2011,15,103010.0,13500.0,Gasoline,7-Speed A/T
Hyundai,Veloster Value Edition,2017,9,55359.0,15599.0,Gasoline,6-Speed Automatic with Auto-Shift
Chevrolet,Silverado 1500 LT Extended Cab,2002,24,118500.0,5900.0,Gasoline,A/T
Rivian,R1S Launch Edition,2022,4,7800.0,92500.0,,1-Speed A/T
Land,Rover Range Rover HSE SWB,2020,6,41500.0,68000.0,Hybrid,8-Speed A/T
BMW,M4 Base,2020,6,28000.0,59900.0,Gasoline,7-Speed A/T
Mercedes-Benz,E-Class E 350,2014,12,53500.0,24500.0,Gasoline,A/T
Honda,Accord Hybrid Base,2021,5,33523.0,28748.0,Hybrid,Automatic CVT
Toyota,Prius v Three,2016,10,86300.0,18000.0,Hybrid,A/T
Subaru,WRX Premium,2022,4,7738.0,33000.0,Gasoline,Transmission w/Dual Shift Mode
Bentley,Bentayga Speed,2020,6,22001.0,173995.0,Gasoline,8-Speed Automatic
Ford,Explorer ST,2022,4,14361.0,51500.0,Gasoline,10-Speed A/T
Chevrolet,Suburban LT,2016,10,98000.0,30000.0,E85 Flex Fuel,Transmission Overdrive Switch
Chevrolet,Silverado 1500 Limited Custom,2022,4,30455.0,37698.0,Gasoline,Automatic
Ford,Explorer Platinum,2020,6,64552.0,36750.0,Gasoline,10-Speed Automatic
Lexus,RX 350 Base,2017,9,103866.0,24700.0,Gasoline,8-Speed A/T
Land,Rover Range Rover 3.0L V6 Supercharged HSE,2019,7,35650.0,57999.0,Gasoline,8-Speed A/T
Ford,Explorer Platinum,2021,5,64957.0,39979.0,Gasoline,10-Speed Automatic
Dodge,Challenger SRT8 392,2012,14,33700.0,33500.0,–,6-Speed M/T
Chevrolet,Equinox 2LT,2012,14,96653.0,7500.0,Gasoline,6-Speed A/T
Dodge,Challenger SXT,2022,4,29500.0,31000.0,Gasoline,8-Speed A/T
Porsche,911 Carrera,2021,5,7400.0,116999.0,Gasoline,8-Speed A/T
Volvo,XC70 T6 Platinum,2012,14,69000.0,15900.0,Gasoline,A/T
Lexus,GX 470 Base,2005,21,198000.0,15500.0,Gasoline,5-Speed A/T
Porsche,911 Carrera GTS,2015,11,23600.0,132900.0,Gasoline,7-Speed M/T
Volvo,XC70 3.2,2008,18,170000.0,7000.0,Gasoline,6-Speed A/T
Nissan,350Z NISMO,2008,18,76500.0,28000.0,Gasoline,6-Speed M/T
Porsche,911 Turbo,2007,19,73500.0,75499.0,Gasoline,5-Speed A/T
Land,Rover Range Rover SWB,2020,6,29000.0,70000.0,Hybrid,A/T
Porsche,Cayenne E-Hybrid S Platinum Edition,2017,9,69404.0,29500.0,Plug-In Hybrid,8-Speed A/T
Lexus,IS 350 Base,2007,19,103000.0,12900.0,Gasoline,6-Speed A/T
Porsche,Macan S,2015,11,70500.0,26500.0,Gasoline,Transmission w/Dual Shift Mode
Land,Rover Range Rover 5.0L Supercharged,2016,10,64000.0,36995.0,Gasoline,Transmission w/Dual Shift Mode
GMC,Savana 2500 Work Van,2018,8,63460.0,33000.0,E85 Flex Fuel,A/T
Toyota,4Runner SR5,2018,8,32199.0,35500.0,Gasoline,A/T
Hyundai,Palisade SEL,2020,6,69487.0,32000.0,Gasoline,A/T
GMC,Sierra 2500 Denali,2015,11,86000.0,49000.0,Diesel,A/T
Genesis,GV70 3.5T Sport,2022,4,8730.0,48219.0,Gasoline,8-Speed Automatic
Dodge,Ram Van 1500,2002,24,70000.0,8000.0,Gasoline,A/T
Chevrolet,Impala 1LT,2017,9,70000.0,17900.0,Gasoline,6-Speed A/T
Audi,A4 2.0T Premium Plus,2015,11,83420.0,16000.0,E85 Flex Fuel,8-Speed A/T
Nissan,Altima 2.5 S,2003,23,189000.0,2899.0,Gasoline,A/T
Porsche,911 Carrera 4S,2017,9,31500.0,97555.0,Gasoline,7-Speed A/T
BMW,X1 xDrive 28i,2015,11,85766.0,13000.0,Gasoline,A/T
GMC,Yukon Denali,2018,8,92800.0,34000.0,Gasoline,10-Speed A/T
Land,Rover Defender SE,2021,5,13970.0,75500.0,Hybrid,A/T
Porsche,911 Turbo S,2023,3,154.0,274900.0,Gasoline,8-Speed Automatic with Auto-Shift
Toyota,Land Cruiser Base,2000,26,265000.0,15500.0,Gasoline,4-Speed A/T
Scion,xB Base,2011,15,95426.0,8000.0,Gasoline,A/T
Honda,S2000 Base,2001,25,119900.0,18000.0,Gasoline,6-Speed M/T
Mazda,CX-30 Select,2020,6,23162.0,25495.0,Gasoline,6-Speed Automatic
BMW,M4 Competition,2023,3,3950.0,83500.0,Gasoline,A/T
Porsche,911 Carrera 4S,2006,20,80000.0,43000.0,Gasoline,6-Speed M/T
Ford,F-250 Lariat,2015,11,94634.0,32500.0,E85 Flex Fuel,A/T
Chevrolet,Corvette Base,2007,19,65000.0,33885.0,Gasoline,6-Speed A/T
Lexus,LS 460 L,2008,18,100000.0,11500.0,Gasoline,A/T
Toyota,Sienna XSE 25th Anniversary,2023,3,500.0,59500.0,Hybrid,A/T
Mercedes-Benz,AMG G 63 Base,2021,5,7856.0,425000.0,Gasoline,9-Speed Automatic
Audi,A4 2.0T Premium quattro,2011,15,181000.0,5500.0,Gasoline,A/T
Mercedes-Benz,GLC 300 Base 4MATIC,2018,8,48700.0,27900.0,Gasoline,9-Speed A/T
Porsche,911 Turbo Cabriolet,2009,17,13500.0,130000.0,Gasoline,6-Speed M/T
Toyota,86 860 Special Edition,2017,9,87500.0,20000.0,Gasoline,6-Speed A/T
Jaguar,XJ8 L,2000,26,45000.0,12500.0,Gasoline,A/T
Chevrolet,Corvette Base,1996,30,85760.0,14500.0,Gasoline,4-Speed A/T
Tesla,Model 3 Long Range,2018,8,36187.0,28895.0,,1-Speed A/T
Hyundai,Tucson SEL,2022,4,13666.0,27999.0,Gasoline,8-Speed Automatic
Porsche,911 Carrera S,2007,19,50500.0,56000.0,Gasoline,6-Speed M/T
Lincoln,Nautilus Reserve,2021,5,19291.0,44340.0,Gasoline,8-Speed Automatic
Ford,Mustang Boss 302,2012,14,1295.0,49990.0,Gasoline,M/T
Cadillac,Escalade Premium Luxury,2017,9,55000.0,49900.0,Gasoline,8-Speed A/T
MINI,Cooper Base,2010,16,74000.0,9650.0,Gasoline,6-Speed M/T
Dodge,Durango R/T,2022,4,14976.0,49999.0,Gasoline,8-Speed Automatic
BMW,X5 xDrive35i,2018,8,25348.0,33889.0,Gasoline,8-Speed Automatic
Chevrolet,Corvette Base,2010,16,23133.0,35000.0,Gasoline,6-Speed M/T
Jaguar,XE 20d Prestige,2018,8,34322.0,29998.0,Diesel,Automatic
Dodge,Challenger R/T,2021,5,39960.0,28500.0,Gasoline,8-Speed A/T
BMW,550 i xDrive,2016,10,76400.0,31300.0,Gasoline,8-Speed A/T
Ford,Explorer XLT,2022,4,18533.0,38978.0,Gasoline,10-Speed Automatic
GMC,Yukon XL Denali,2023,3,7500.0,92888.0,Gasoline,10-Speed A/T
INFINITI,QX80 SENSORY,2022,4,26520.0,64000.0,Gasoline,7-Speed A/T
Land,Rover Range Rover 3.0L Supercharged,2014,12,59500.0,33800.0,E85 Flex Fuel,A/T
Honda,Pilot EX-L,2020,6,44000.0,34999.0,Gasoline,A/T
Pontiac,Firebird Base,2001,25,111000.0,11000.0,Gasoline,A/T
Toyota,4Runner Limited,2016,10,82260.0,31906.0,Gasoline,5-Speed Automatic
Porsche,911 Carrera Cabriolet,2006,20,52744.0,37500.0,Gasoline,Transmission w/Dual Shift Mode
BMW,i8 Base,2019,7,28200.0,79950.0,Plug-In Hybrid,Transmission w/Dual Shift Mode
Nissan,Maxima GLE,2000,26,194277.0,2300.0,Gasoline,A/T
Pontiac,Firebird Trans Am,2001,25,91812.0,12850.0,Gasoline,A/T
Chevrolet,Suburban Premier,2018,8,84224.0,43775.0,Gasoline,6-Speed Automatic
BMW,X2 xDrive28i,2018,8,66690.0,24900.0,Gasoline,Transmission w/Dual Shift Mode
Mercedes-Benz,AMG C 43 Base 4MATIC,2018,8,41500.0,39848.0,Gasoline,9-Speed A/T
BMW,750 i xDrive,2014,12,85095.0,24900.0,Gasoline,8-Speed A/T
Volvo,S60 T5 Premier Plus,2015,11,39000.0,17900.0,Gasoline,Transmission w/Dual Shift Mode
Tesla,Model Y Long Range,2022,4,20500.0,46500.0,,1-Speed A/T
Ford,F-350 Platinum,2019,7,112000.0,61995.0,Diesel,6-Speed A/T
Volkswagen,ID.4 Pro S,2023,3,1716.0,39998.0,,Automatic
Audi,A3 2.0T Premium,2016,10,90360.0,15499.0,Gasoline,A/T
Ford,Explorer Limited,2020,6,82146.0,30825.0,Gasoline,10-Speed Automatic
Ford,Mustang GT Premium,2020,6,16850.0,41000.0,Gasoline,10-Speed A/T
Honda,S2000 Base,2003,23,101000.0,28000.0,Gasoline,6-Speed M/T
BMW,M235 i,2015,11,68750.0,25999.0,Gasoline,6-Speed M/T
Lamborghini,Aventador S Base,2018,8,5858.0,491836.0,Gasoline,7-Speed A/T
Dodge,Durango SLT,2004,22,143000.0,3200.0,Gasoline,A/T
Nissan,Armada LE,2005,21,152270.0,6900.0,Gasoline,A/T
Kia,Sorento S,2021,5,19605.0,33591.0,Gasoline,8-Speed Automatic
Chevrolet,Silverado 1500 RST,2020,6,19200.0,69999.0,Gasoline,10-Speed A/T
Chevrolet,Impala Base,2004,22,64500.0,5900.0,Gasoline,A/T
Toyota,Tacoma PreRunner,2011,15,149000.0,18995.0,Gasoline,A/T
McLaren,570S Spider,2018,8,5918.0,179900.0,Gasoline,7-Speed Automatic with Auto-Shift
Pontiac,Firebird Trans Am,1997,29,134033.0,7200.0,Gasoline,A/T
Kia,Stinger GT1,2019,7,37226.0,34998.0,Gasoline,Automatic
Ford,Escape SE,2017,9,71924.0,13700.0,Gasoline,A/T
Lamborghini,Huracan EVO Coupe,2021,5,5718.0,279991.0,Gasoline,Automatic
Jeep,Wrangler Unlimited Sport,2014,12,122200.0,21500.0,Gasoline,A/T
Land,Rover Range Rover Sport HST MHEV,2020,6,37248.0,54500.0,Hybrid,8-Speed A/T
Chevrolet,Silverado 1500 Base,1999,27,88750.0,6800.0,Gasoline,A/T
Cadillac,XLR V,2008,18,64800.0,24700.0,Gasoline,6-Speed A/T
Ford,Fusion Hybrid Titanium,2014,12,112180.0,12599.0,Hybrid,Automatic CVT
RAM,2500 SLT,2015,11,149130.0,35000.0,Diesel,6-Speed A/T
Tesla,Model Y Long Range,2020,6,88000.0,35500.0,,1-Speed A/T
Toyota,Highlander XLE,2018,8,74000.0,27950.0,Gasoline,8-Speed A/T
Ford,F-150 XLT,2019,7,44460.0,34500.0,Gasoline,10-Speed A/T
GMC,Acadia SLE-2,2015,11,96000.0,17000.0,Gasoline,6-Speed A/T
Porsche,Boxster Base,2005,21,75000.0,17500.0,Gasoline,5-Speed M/T
Dodge,Charger R/T,2014,12,95000.0,17900.0,Gasoline,Transmission w/Dual Shift Mode
Land,Rover Range Rover Sport Supercharged HSE,2016,10,49799.0,37500.0,Gasoline,A/T
Ford,Mustang GT,2006,20,27407.0,21750.0,Gasoline,5-Speed M/T
Alfa,Romeo Giulia Ti,2020,6,23339.0,34645.0,Gasoline,8-Speed Automatic
Tesla,Model S 90D,2016,10,74122.0,35900.0,,A/T
Jaguar,XK8 Base,1997,29,50000.0,6000.0,Gasoline,A/T
Mercedes-Benz,GLC 300 GLC 300,2021,5,14745.0,38998.0,Gasoline,Automatic
Chevrolet,Corvette Stingray w/3LT,2021,5,2700.0,85950.0,Gasoline,Transmission w/Dual Shift Mode
Buick,Regal Turbo - Premium 1,2012,14,190000.0,6000.0,Gasoline,6-Speed A/T
Audi,A4 2.0T Premium,2014,12,90236.0,9999.0,E85 Flex Fuel,Transmission w/Dual Shift Mode
Jeep,Gladiator Overland,2020,6,4000.0,50000.0,Gasoline,8-Speed A/T
Land,Rover Range Rover Westminster SWB,2022,4,2220.0,115999.0,Hybrid,8-Speed A/T
GMC,Yukon XL Denali,2017,9,124000.0,32000.0,Gasoline,8-Speed A/T
Ford,Ranger Lariat,2019,7,45163.0,35690.0,Gasoline,10-Speed Automatic
Volkswagen,Passat 2.0T SE,2020,6,49400.0,20900.0,Gasoline,6-Speed A/T
Porsche,911 Carrera,2020,6,11256.0,124900.0,Gasoline,8-Speed A/T
Chevrolet,Corvette Stingray w/1LT,2021,5,13700.0,75000.0,Gasoline,A/T
Land,Rover Range Rover HSE,2011,15,174678.0,9500.0,Gasoline,6-Speed A/T
Lexus,RX 450h F Sport Handling,2022,4,1600.0,59000.0,Hybrid,A/T
Porsche,911 GT3 RS,2019,7,15509.0,229900.0,Gasoline,7-Speed Automatic with Auto-Shift
Ford,Expedition Platinum,2020,6,69849.0,48149.0,Gasoline,10-Speed Automatic
Toyota,Tacoma PreRunner,2008,18,160000.0,17000.0,Gasoline,A/T
Toyota,Mirai Base,2016,10,40000.0,9500.0,not supported,A/T
Ford,Explorer Sport Trac XLT,2007,19,228000.0,3850.0,Gasoline,A/T
GMC,Sierra 1500 SLE1 Extended Cab,2008,18,187000.0,6100.0,–,4-Speed A/T
Mercedes-Benz,C-Class C 300 Luxury,2015,11,102000.0,17000.0,Gasoline,7-Speed A/T
Cadillac,SRX Standard,2016,10,48000.0,24995.0,Gasoline,6-Speed A/T
Chrysler,Town & Country Touring-L,2012,14,163500.0,5949.0,E85 Flex Fuel,6-Speed A/T
Porsche,911 Carrera,2023,3,1500.0,149000.0,Gasoline,A/T
Porsche,718 Cayman GT4,2021,5,2100.0,136900.0,Gasoline,6-Speed M/T
Ford,F-350 Lariat,2018,8,66281.0,63500.0,Diesel,Transmission w/Dual Shift Mode
Ford,Mustang Mach-E Select,2021,5,18000.0,39499.0,,A/T
Ford,F-150 XL,2014,12,27300.0,21500.0,Gasoline,6-Speed A/T
Mazda,CX-30 Base,2020,6,19319.0,24899.0,Gasoline,6-Speed Automatic
Mercedes-Benz,AMG G AMG G 63 4MATIC,2016,10,32936.0,90000.0,Gasoline,Transmission w/Dual Shift Mode
BMW,M4 Base,2017,9,30450.0,52999.0,Gasoline,Transmission w/Dual Shift Mode
Jeep,Wrangler Sport,2017,9,38200.0,29500.0,Gasoline,A/T
Jeep,Wrangler Sport,2020,6,26315.0,31871.0,Gasoline,8-Speed Automatic
Chevrolet,Silverado 1500 LS,2003,23,110000.0,8900.0,Gasoline,A/T
MINI,Hardtop Cooper,2014,12,19700.0,13500.0,Gasoline,6-Speed A/T
Honda,Element EX,2008,18,192000.0,11000.0,Gasoline,5-Speed A/T
Porsche,911 Carrera 4S,2017,9,26000.0,116911.0,Gasoline,Transmission w/Dual Shift Mode
Subaru,Impreza Outback Sport Wagon,2008,18,98313.0,7495.0,Gasoline,4-Speed A/T
Cadillac,XT5 Premium Luxury,2021,5,66500.0,28500.0,Gasoline,A/T
Nissan,Kicks S,2022,4,19877.0,18999.0,Gasoline,Automatic CVT
Kia,Seltos S,2021,5,16100.0,25500.0,Gasoline,A/T
GMC,Yukon SLE,2016,10,83858.0,27633.0,Gasoline,6-Speed A/T
Mercedes-Benz,GLE 350 Base 4MATIC,2020,6,24108.0,56000.0,Gasoline,9-Speed A/T
Ford,Explorer XLT,2020,6,42609.0,32107.0,Gasoline,10-Speed Automatic
Subaru,Impreza 2.0i Premium,2017,9,160000.0,7750.0,Gasoline,A/T
INFINITI,QX80 Base,2017,9,121525.0,28500.0,Gasoline,A/T
Kia,Telluride S,2023,3,6423.0,42500.0,Gasoline,A/T
Pontiac,Solstice Base,2007,19,62310.0,12900.0,Gasoline,5-Speed A/T
Mazda,Mazda6 Carbon Edition,2021,5,21444.0,29995.0,Gasoline,6-Speed Automatic
Ford,Transit-350 Base,2015,11,112000.0,29500.0,Gasoline,A/T
Hyundai,Genesis Coupe 3.8 Grand Touring,2013,13,60000.0,16500.0,Gasoline,A/T
Dodge,Dart SE,2013,13,153250.0,4399.0,Gasoline,6-Speed A/T
Jeep,Wrangler Unlimited Sahara,2019,7,57000.0,39900.0,Gasoline,8-Speed A/T
Chevrolet,Tahoe LTZ,2011,15,140401.0,16000.0,E85 Flex Fuel,6-Speed A/T
Ford,F-150 Tremor,2023,3,5500.0,70000.0,Gasoline,10-Speed A/T
Chevrolet,Corvette Stingray w/2LT,2022,4,2010.0,89000.0,Gasoline,Transmission w/Dual Shift Mode
Tesla,Model 3 Long Range,2018,8,24360.0,31500.0,,A/T
Audi,A4 2.0T Premium,2013,13,96800.0,11000.0,Gasoline,A/T
Cadillac,CTS Performance,2014,12,34988.0,21500.0,Gasoline,6-Speed A/T
Nissan,Frontier SV,2012,14,65750.0,15995.0,Gasoline,A/T
Chevrolet,Silverado 1500 LTZ,2019,7,56654.0,43860.0,Gasoline,Automatic
Lincoln,MKT Base,2016,10,140200.0,10500.0,Gasoline,6-Speed A/T
Chevrolet,Cruze LT Automatic,2016,10,122971.0,12999.0,Gasoline,6-Speed Automatic
Nissan,Xterra S,2008,18,227010.0,3850.0,Gasoline,5-Speed A/T
Ford,F-150 Lariat SuperCrew,2004,22,271000.0,9500.0,Gasoline,A/T
Porsche,911 Turbo,2022,4,13800.0,234000.0,Gasoline,8-Speed A/T
Dodge,Ram 2500 Quad Cab,2001,25,171079.0,27500.0,Diesel,A/T
Chevrolet,Colorado ZR2,2021,5,24915.0,44791.0,Gasoline,Automatic
Nissan,Kicks S,2022,4,15577.0,19599.0,Gasoline,Automatic CVT
Audi,S4 3.0T Premium Plus,2014,12,102370.0,21373.0,Gasoline,7-Speed A/T
Lamborghini,Gallardo LP570-4 Superleggera,2011,15,16000.0,229000.0,Gasoline,Transmission w/Dual Shift Mode
Mercedes-Benz,C-Class C 250 Luxury,2012,14,122000.0,15000.0,Gasoline,7-Speed A/T
FIAT,500X Trekking Plus,2016,10,48500.0,15999.0,Gasoline,A/T
Ford,F-150 XLT,2018,8,53500.0,31500.0,Gasoline,10-Speed A/T
Ford,F-250 XL Crew Cab Super Duty,2004,22,315000.0,9200.0,Diesel,A/T
Ford,E350 Super Duty Base,2006,20,158000.0,8500.0,Gasoline,A/T
Kia,Sorento SXL,2019,7,43850.0,30000.0,Gasoline,8-Speed A/T
Mercedes-Benz,C-Class C 300 4MATIC Sport,2015,11,73500.0,19000.0,Gasoline,7-Speed A/T
Nissan,Altima 2.5 SL,2014,12,153350.0,9000.0,Gasoline,A/T
Volkswagen,Tiguan 2.0T SEL Premium R-Line,2019,7,74000.0,25500.0,Gasoline,A/T
BMW,328 i xDrive,2013,13,52000.0,17500.0,Gasoline,Transmission w/Dual Shift Mode
Audi,Q4 e-tron 50 Premium Plus,2022,4,250.0,52000.0,,1-Speed A/T
Nissan,Pathfinder S,2017,9,145000.0,8500.0,Gasoline,A/T
Subaru,Ascent Touring 7-Passenger,2020,6,40971.0,32500.0,Gasoline,Transmission w/Dual Shift Mode
Ford,E350 Super Duty XLT,2010,16,248000.0,14000.0,E85 Flex Fuel,A/T
GMC,HUMMER EV Edition 1,2023,3,940.0,146000.0,,A/T
BMW,M3 CS,2018,8,38000.0,60500.0,Gasoline,A/T
Acura,TLX V6 Advance,2016,10,128000.0,19500.0,Gasoline,A/T
Chevrolet,Silverado 1500 ZR2,2022,4,7455.0,68990.0,Gasoline,Automatic
Jeep,Wrangler SE,1999,27,137790.0,12000.0,Gasoline,5-Speed M/T
Ford,Edge Sport,2016,10,92000.0,19995.0,Gasoline,6-Speed A/T
Porsche,911 Carrera Cabriolet,2001,25,21450.0,36000.0,Gasoline,6-Speed M/T
Nissan,Murano SL,2021,5,43875.0,29725.0,Gasoline,Automatic CVT
Pontiac,G8 GT,2009,17,81327.0,17500.0,Gasoline,Transmission w/Dual Shift Mode
Mercedes-Benz,E-Class E 350,2021,5,72836.0,41000.0,Gasoline,9-Speed A/T
McLaren,720S Performance,2020,6,5072.0,279950.0,Gasoline,7-Speed Automatic with Auto-Shift
Jeep,Commander Sport,2007,19,161900.0,4800.0,E85 Flex Fuel,A/T
Audi,A5 45 S line Premium Plus,2022,4,24500.0,47000.0,Hybrid,Transmission w/Dual Shift Mode
BMW,M550 i xDrive,2018,8,14993.0,44900.0,Gasoline,8-Speed A/T
Volkswagen,Jetta 1.4T R-Line,2019,7,96000.0,14980.0,Gasoline,A/T
Porsche,Taycan 4S,2022,4,7900.0,108000.0,,2-Speed A/T
Cadillac,CTS 2.0L Turbo Luxury,2019,7,35566.0,26000.0,Gasoline,8-Speed A/T
Lexus,IS-F Base,2008,18,113000.0,34000.0,Gasoline,8-Speed A/T
Ford,Explorer XLT,2022,4,20678.0,46000.0,Gasoline,A/T
Porsche,911 Turbo Cabriolet,2008,18,10900.0,129000.0,Gasoline,6-Speed M/T
Buick,LaCrosse Leather,2012,14,19079.0,15995.0,Hybrid,6-Speed A/T
Mazda,RX-8 Sport,2008,18,155500.0,6800.0,Gasoline,A/T
Ford,Mustang GT Premium,2019,7,35500.0,32300.0,Gasoline,10-Speed A/T
Mazda,Mazda6 Touring,2021,5,52253.0,25215.0,Gasoline,6-Speed Automatic
Ford,Ranger Edge SuperCab,2004,22,110000.0,8500.0,Gasoline,A/T
Volkswagen,Golf GTI 2.0T SE w/Performance Package 4-Door,2016,10,59250.0,18999.0,Gasoline,Transmission w/Dual Shift Mode
Ford,Thunderbird Deluxe,2004,22,39000.0,22000.0,Gasoline,A/T
Hummer,H2 Base,2008,18,155000.0,37000.0,Gasoline,6-Speed A/T
BMW,X5 sDrive35i,2017,9,39250.0,28900.0,Gasoline,A/T
BMW,X3 xDrive30i,2020,6,23647.0,37998.0,Gasoline,8-Speed Automatic
Hyundai,Accent GLS,2014,12,127941.0,7500.0,Gasoline,A/T
RAM,1500 Big Horn,2014,12,124000.0,24850.0,Gasoline,8-Speed A/T
Ford,Bronco Heritage Edition Advanced,2023,3,1500.0,60000.0,Gasoline,7-Speed M/T
MINI,Countryman Cooper S ALL4,2014,12,70700.0,15750.0,Gasoline,6-Speed A/T
Cadillac,Escalade Premium,2013,13,113395.0,18800.0,E85 Flex Fuel,6-Speed A/T
Mercedes-Benz,GLE 350 GLE 350,2022,4,18815.0,61998.0,Gasoline,Automatic
Toyota,4Runner Limited,2014,12,65000.0,27999.0,Gasoline,A/T
Audi,A8 L 55,2019,7,23350.0,48000.0,Hybrid,Transmission w/Dual Shift Mode
Lexus,ES 350 Base,2019,7,39000.0,34000.0,Gasoline,Transmission w/Dual Shift Mode
Toyota,4Runner Limited Nightshade,2019,7,48842.0,39857.0,Gasoline,5-Speed Automatic
FIAT,500 Sport,2015,11,47800.0,11500.0,Gasoline,A/T
Ford,Maverick XLT,2022,4,52000.0,28000.0,Hybrid,CVT Transmission
Ford,Mustang GT,2006,20,16000.0,22000.0,Gasoline,5-Speed A/T
Jeep,Wrangler Sport,2023,3,7102.0,40995.0,Gasoline,8-Speed Automatic
Jeep,Grand Cherokee Limited,2015,11,157000.0,17000.0,E85 Flex Fuel,A/T
Ford,Mustang Mach-E GT,2023,3,9095.0,59000.0,,A/T
Jeep,Compass Sport,2010,16,179700.0,4500.0,Gasoline,A/T
Lexus,LS 430 Base,2006,20,170000.0,7500.0,Gasoline,A/T
Rolls-Royce,Cullinan,2022,4,3420.0,399950.0,Gasoline,8-Speed Automatic
Ford,F-250 King Ranch,2021,5,93400.0,69995.0,Diesel,10-Speed A/T
BMW,X5 xDrive50i,2011,15,110000.0,12000.0,Gasoline,Transmission w/Dual Shift Mode
Porsche,911 Carrera,2016,10,22500.0,78000.0,Gasoline,A/T
Ford,Focus ST Base,2013,13,20800.0,19795.0,Gasoline,6-Speed M/T
Lexus,ES 300h Base,2018,8,100868.0,23400.0,Hybrid,CVT Transmission
Volkswagen,CC Sport,2012,14,131986.0,9000.0,Gasoline,M/T
Volkswagen,Golf SportWagen TSI S 4-Door,2016,10,127770.0,13800.0,Gasoline,5-Speed M/T
Porsche,911 Carrera S,2013,13,56985.0,65900.0,Gasoline,7-Speed A/T
Toyota,Prius Plug-in Base,2014,12,106000.0,11800.0,Plug-In Hybrid,A/T
Ford,F-250 XLT,2019,7,92671.0,50000.0,Diesel,A/T
Mercedes-Benz,S-Class S 560 4MATIC,2019,7,49500.0,55900.0,Gasoline,A/T
Porsche,911 Carrera,2020,6,16741.0,112500.0,Gasoline,A/T
Ford,Mustang GT,2011,15,133504.0,23500.0,Gasoline,6-Speed M/T
Cadillac,CTS 2.0L Turbo Luxury,2019,7,20296.0,30599.0,Gasoline,8-Speed Automatic
Volkswagen,Jetta 1.4T R-Line,2019,7,55234.0,19290.0,Gasoline,8-Speed Automatic
Jeep,Wrangler X,2005,21,162482.0,11000.0,Gasoline,6-Speed M/T
Lincoln,LS V8,2002,24,42000.0,11000.0,Gasoline,A/T
Ford,F-150 Lightning LARIAT,2022,4,470.0,71900.0,,1-Speed A/T
Mercedes-Benz,C-Class C55 AMG Sport,2006,20,98300.0,15900.0,Gasoline,Transmission w/Dual Shift Mode
Audi,S6 4.0T Prestige,2013,13,53900.0,27450.0,Gasoline,7-Speed A/T
BMW,335 i xDrive,2013,13,82849.0,19999.0,Gasoline,8-Speed A/T
Porsche,911 Carrera 4S Cabriolet,2009,17,25500.0,79995.0,Gasoline,6-Speed M/T
Kia,Forte LXS,2020,6,53452.0,16995.0,Gasoline,A/T
Chevrolet,Corvette Base,2004,22,40011.0,23500.0,Gasoline,4-Speed A/T
Hyundai,Santa Fe Sport 2.0L Turbo,2018,8,45800.0,20900.0,Gasoline,A/T
RAM,1500 Laramie,2022,4,15741.0,45999.0,Gasoline,8-Speed Automatic
Kia,Sorento SX Prestige,2023,3,11100.0,40200.0,Gasoline,Transmission w/Dual Shift Mode
Ford,F-250 XL,2020,6,36000.0,44000.0,E85 Flex Fuel,A/T
BMW,X5 xDrive35i,2013,13,69750.0,15999.0,Gasoline,8-Speed A/T
Mercedes-Benz,C-Class C 300 4MATIC,2021,5,19162.0,38500.0,Gasoline,Transmission w/Dual Shift Mode
Audi,Q5 S line Premium Plus,2023,3,6046.0,51598.0,Hybrid,Automatic
Ford,Explorer XLT,2020,6,17000.0,21000.0,Gasoline,10-Speed A/T
Audi,A6 55 Premium,2019,7,10832.0,42500.0,Hybrid,7-Speed A/T
Toyota,Matrix XR,2004,22,173452.0,4000.0,Gasoline,4-Speed A/T
Kia,Optima SX Turbo,2017,9,103338.0,17238.0,Gasoline,6-Speed Automatic
Ford,F-150 Lariat,2022,4,28000.0,53500.0,Gasoline,A/T
Audi,Q8 3.0T Premium,2019,7,51984.0,44870.0,Hybrid,8-Speed A/T
Chevrolet,Corvette Stingray w/2LT,2020,6,8974.0,79900.0,Gasoline,A/T
Scion,tC Anniversary Edition,2014,12,99999.0,10998.0,Gasoline,6-Speed M/T
Mercedes-Benz,C-Class C 300,2017,9,59400.0,21000.0,Gasoline,7-Speed A/T
Nissan,Murano SV,2020,6,47147.0,23625.0,Gasoline,Automatic CVT
Ford,Mustang GT,2018,8,53782.0,29950.0,Gasoline,6-Speed M/T
Ford,Taurus SHO,2011,15,160000.0,4700.0,Gasoline,A/T
Chevrolet,Tahoe LTZ,2015,11,500.0,37000.0,Gasoline,6-Speed A/T
Ford,Escape SEL,2020,6,42000.0,19000.0,Gasoline,A/T
Dodge,Grand Caravan SE,2018,8,64000.0,35000.0,E85 Flex Fuel,A/T
Hyundai,Elantra HEV Limited,2021,5,28600.0,23999.0,Hybrid,A/T
GMC,Canyon Denali,2019,7,26339.0,36750.0,Gasoline,8-Speed A/T
Alfa,Romeo Giulia Quadrifoglio,2018,8,28644.0,41500.0,Gasoline,8-Speed A/T
Subaru,Impreza WRX,2008,18,148740.0,14500.0,Gasoline,5-Speed M/T
GMC,Sierra 2500 Denali,2021,5,16919.0,73000.0,Diesel,10-Speed A/T
Chevrolet,Tahoe LS,2005,21,170000.0,9000.0,Gasoline,4-Speed A/T
Mercedes-Benz,SL-Class SL 550,2013,13,130000.0,26900.0,Gasoline,A/T
Ford,Escape PHEV SE,2022,4,1889.0,32850.0,Plug-In Hybrid,CVT Transmission
Dodge,Charger GT,2018,8,62197.0,26691.0,Gasoline,8-Speed Automatic
Ford,F-150 XLT,2016,10,71000.0,24350.0,E85 Flex Fuel,A/T
Lexus,NX 200t Base,2016,10,83400.0,22495.0,Gasoline,A/T
Cadillac,XT5 Base,2019,7,74414.0,26000.0,Gasoline,8-Speed A/T
Ford,Mustang Shelby GT500,2010,16,29816.0,38000.0,Gasoline,6-Speed M/T
Ford,F-250 Lariat,2015,11,68749.0,45000.0,Diesel,Transmission w/Dual Shift Mode
BMW,325 i,2005,21,190395.0,5000.0,Gasoline,A/T
Lamborghini,Huracan LP610-4,2015,11,34152.0,185500.0,Gasoline,7-Speed A/T
Toyota,Camry XLE,2007,19,98528.0,7450.0,Gasoline,5-Speed A/T
BMW,335 i,2011,15,91500.0,13599.0,Gasoline,6-Speed A/T
Chevrolet,Camaro 1SS,2017,9,50850.0,37000.0,Gasoline,6-Speed M/T
Mazda,MX-5 Miata Base,1999,27,130000.0,9000.0,Gasoline,A/T
Toyota,Tundra SR5 Double Cab,2005,21,199400.0,8500.0,Gasoline,A/T
RAM,2500 Powerwagon,2013,13,84220.0,26500.0,Gasoline,6-Speed A/T
Mercedes-Benz,S-Class S 550 4MATIC,2016,10,67280.0,41999.0,Gasoline,7-Speed A/T
Volkswagen,Passat 2.0T R-Line,2021,5,16538.0,25998.0,Gasoline,Automatic
Toyota,Tundra Platinum,2018,8,66000.0,51000.0,Gasoline,6-Speed A/T
Cadillac,Escalade Luxury,2018,8,53450.0,49999.0,Gasoline,10-Speed A/T
Volkswagen,Golf Alltrack TSI SE,2018,8,63277.0,20900.0,Gasoline,6-Speed A/T
Nissan,Altima 2.5 S,2020,6,30900.0,21000.0,Gasoline,A/T
Mercedes-Benz,GLA 250 Base 4MATIC,2019,7,60854.0,25498.0,Gasoline,Automatic
Ford,F-150 Platinum,2015,11,85000.0,31000.0,Gasoline,6-Speed A/T
Toyota,RAV4 SE,2016,10,108130.0,18500.0,Gasoline,Transmission w/Dual Shift Mode
Toyota,4Runner TRD Sport,2023,3,11400.0,46000.0,Gasoline,A/T
Mercedes-Benz,GL-Class GL 450 4MATIC,2013,13,63300.0,22800.0,Gasoline,7-Speed A/T
Tesla,Model Y Performance,2020,6,27500.0,44000.0,,A/T
BMW,X5 xDrive 35i Sport Activity,2012,14,122600.0,12900.0,Gasoline,8-Speed A/T
Dodge,Charger Base,2006,20,145565.0,4500.0,Gasoline,A/T
Ford,Transit-250 Base,2016,10,66500.0,27000.0,Gasoline,6-Speed A/T
BMW,330 i xDrive,2017,9,75000.0,20000.0,Gasoline,A/T
Mazda,CX-5 Grand Touring,2021,5,24781.0,28991.0,Gasoline,6-Speed Automatic
BMW,X5 M Base,2013,13,67000.0,24500.0,Gasoline,A/T
Audi,Q5 2.0T Premium Plus,2019,7,24500.0,31000.0,Gasoline,A/T
Audi,S5 3.0T Prestige,2013,13,37500.0,26000.0,Gasoline,7-Speed A/T
Nissan,GT-R Premium,2013,13,101000.0,59000.0,Gasoline,Transmission w/Dual Shift Mode
Tesla,Model 3 Long Range,2020,6,25000.0,49995.0,,1-Speed A/T
Toyota,Camry Solara SLE V6,2000,26,245000.0,2500.0,Gasoline,A/T
Tesla,Model Y Long Range,2021,5,49252.0,37999.0,,1-Speed Automatic
Buick,Cascada Base,2016,10,103814.0,14995.0,Gasoline,6-Speed A/T
Toyota,4Runner Venture,2021,5,27000.0,48500.0,Gasoline,A/T
BMW,530 i xDrive,2021,5,60942.0,32085.0,Gasoline,8-Speed Automatic
BMW,535 i xDrive,2011,15,100780.0,12000.0,Gasoline,8-Speed A/T
Tesla,Model S 100D,2018,8,65000.0,41000.0,,A/T
Lexus,GX 460 Base,2012,14,167000.0,19470.0,Gasoline,A/T
Chevrolet,Trailblazer SS,2008,18,161000.0,17000.0,Gasoline,4-Speed A/T
Subaru,Impreza WRX,2005,21,90200.0,12499.0,Gasoline,5-Speed M/T
Volkswagen,Passat 2.5 SE,2012,14,159870.0,9750.0,Gasoline,A/T
Porsche,911 Carrera Cabriolet,1996,30,38000.0,75000.0,–,Transmission w/Dual Shift Mode
Audi,Q5 40 Premium,2022,4,14550.0,41500.0,Hybrid,7-Speed A/T
INFINITI,Q60 3.0t Red Sport 400,2018,8,38000.0,32000.0,Gasoline,A/T
Chevrolet,Camaro Z28,2002,24,35515.0,21000.0,Gasoline,M/T
Mazda,Protege DX,1993,33,94200.0,2500.0,–,A/T
Mercedes-Benz,SL-Class SL550 Roadster,2008,18,33300.0,34500.0,Gasoline,7-Speed A/T
Mercedes-Benz,C-Class C 300 4MATIC,2016,10,90189.0,17995.0,Gasoline,A/T
Land,Rover Range Rover Autobiography,2023,3,1148.0,193063.0,Gasoline,Automatic
Mercedes-Benz,SLK-Class SLK320,2001,25,59500.0,6500.0,Gasoline,6-Speed M/T
Ford,Transit-350 XL,2017,9,134000.0,26500.0,Gasoline,A/T
Buick,Enclave Premium,2014,12,86281.0,18900.0,Gasoline,6-Speed A/T
Porsche,Cayenne AWD,2020,6,34580.0,56000.0,Gasoline,A/T
Hyundai,Santa Fe SE,2007,19,145000.0,4200.0,Gasoline,A/T
Mazda,Mazda6 Signature,2021,5,11737.0,33687.0,Gasoline,6-Speed Automatic
Tesla,Model X Performance,2020,6,25535.0,68969.0,,A/T
Jeep,Wrangler Unlimited Sport,2016,10,67499.0,27500.0,Gasoline,6-Speed M/T
Toyota,4Runner Sport,2004,22,220450.0,8550.0,Gasoline,A/T
Chevrolet,Silverado 1500 2LT,2018,8,20200.0,42950.0,Gasoline,6-Speed A/T
Jaguar,XK8 Base,2000,26,40000.0,15400.0,Gasoline,5-Speed A/T
Mercedes-Benz,GLA-Class GLA 45 AMG,2015,11,80300.0,22000.0,Gasoline,7-Speed A/T
BMW,330 i xDrive,2017,9,63150.0,21500.0,Gasoline,A/T
Volkswagen,Atlas 3.6L SE w/Technology,2018,8,48210.0,24999.0,Gasoline,Transmission w/Dual Shift Mode
Nissan,Juke SL,2012,14,115359.0,9950.0,Gasoline,A/T
Subaru,Impreza 2.0i Premium,2018,8,90601.0,26000.0,Gasoline,CVT Transmission
BMW,M5 Base,2000,26,132200.0,26900.0,Gasoline,6-Speed M/T
Mercedes-Benz,Sprinter 2500 Standard Roof,2023,3,4000.0,65000.0,Diesel,9-Speed A/T
Volkswagen,Beetle 2.0T Final Edition SE,2019,7,32000.0,32750.0,Gasoline,Transmission w/Dual Shift Mode
MINI,Countryman Cooper S ALL4,2016,10,95070.0,12750.0,Gasoline,6-Speed A/T
Nissan,Rogue SL,2017,9,148000.0,13000.0,Gasoline,A/T
Lexus,CT 200h Premium,2014,12,125519.0,16000.0,Hybrid,CVT Transmission
INFINITI,G37 x,2013,13,90000.0,14500.0,Gasoline,Transmission w/Dual Shift Mode
Audi,A6 2.0T Sport,2018,8,49650.0,23750.0,Gasoline,A/T
Nissan,Altima 2.5 S,2015,11,149800.0,11600.0,Gasoline,A/T
Chevrolet,Blazer 1LT,2019,7,37161.0,26990.0,Gasoline,9-Speed Automatic
Dodge,Ram 3500 Quad Cab DRW,2000,26,188000.0,10000.0,–,A/T
Ford,Transit Connect XLT,2016,10,111700.0,15500.0,E85 Flex Fuel,A/T
Mercedes-Benz,S-Class S 550 4MATIC,2016,10,72784.0,34900.0,Gasoline,7-Speed A/T
Cadillac,Escalade Base,2007,19,150000.0,9999.0,Gasoline,A/T
Ford,Transit Connect XLT,2012,14,140450.0,8500.0,Gasoline,4-Speed A/T
Lexus,IS 250 Base,2010,16,132700.0,10700.0,Gasoline,A/T
Dodge,Durango GT,2020,6,49000.0,40000.0,Gasoline,A/T
Chevrolet,Corvette Stingray w/2LT,2023,3,2058.0,101999.0,Gasoline,A/T
Jeep,Wrangler Unlimited Sahara,2019,7,23442.0,44500.0,Gasoline,A/T
Tesla,Model 3 Long Range,2021,5,23749.0,35999.0,,1-Speed Automatic
Toyota,4Runner TRD Pro,2021,5,35048.0,52590.0,Gasoline,5-Speed Automatic
INFINITI,QX60 Base,2016,10,91239.0,17500.0,Gasoline,A/T
Porsche,911 Carrera,2022,4,2950.0,131000.0,Gasoline,8-Speed A/T
Ford,F-150 XL,2019,7,59678.0,33700.0,Gasoline,Automatic
BMW,M240 i xDrive,2022,4,2010.0,55000.0,Gasoline,A/T
Toyota,Prius Two,2014,12,80354.0,13310.0,Hybrid,A/T
Ford,Expedition Max XLT,2018,8,105674.0,34995.0,Gasoline,10-Speed A/T
Toyota,Tundra Grade,2013,13,92700.0,20800.0,Gasoline,6-Speed A/T
Ford,Edge Titanium,2016,10,101387.0,16000.0,Gasoline,6-Speed A/T
Buick,Envision Essence,2021,5,36544.0,33290.0,Gasoline,9-Speed Automatic
Audi,Q7 55 Prestige,2019,7,41000.0,39900.0,Gasoline,A/T
Chrysler,Town & Country Touring-L,2013,13,115872.0,9500.0,E85 Flex Fuel,A/T
Chevrolet,Cruze LS,2011,15,135603.0,7000.0,Gasoline,A/T
Ford,F-150 Lariat,2020,6,26540.0,46995.0,Gasoline,A/T
Jaguar,XF Premium,2011,15,35134.0,12400.0,Gasoline,A/T
Jeep,Wrangler Unlimited Rubicon,2020,6,49990.0,53000.0,Gasoline,8-Speed A/T
Ford,F-250 Lariat,2011,15,153818.0,29800.0,Diesel,6-Speed A/T
Jaguar,F-PACE 35t Premium,2017,9,58060.0,26000.0,Gasoline,8-Speed A/T
Porsche,911 Carrera S,2015,11,36000.0,84999.0,Gasoline,7-Speed A/T
Ford,Bronco Badlands Advanced,2022,4,17000.0,69999.0,Gasoline,10-Speed A/T
Suzuki,SX4 Base,2013,13,99982.0,6900.0,Gasoline,M/T
Ford,EcoSport SES,2019,7,106000.0,12000.0,Gasoline,A/T
Toyota,Land Cruiser Base,1994,32,178416.0,9000.0,–,A/T
Honda,Civic EX,2014,12,82500.0,15000.0,Gasoline,CVT Transmission
Mercedes-Benz,Sprinter 2500 Standard Roof,2018,8,41500.0,61000.0,Diesel,A/T
BMW,X3 xDrive28i,2015,11,92984.0,17000.0,Gasoline,Transmission w/Dual Shift Mode
Nissan,Murano SL,2007,19,120000.0,6750.0,Gasoline,A/T
Chevrolet,Corvette Stingray,2015,11,25548.0,49000.0,Gasoline,8-Speed A/T
Ford,F-150 Lariat,2018,8,65441.0,38000.0,Gasoline,A/T
Porsche,Cayenne Turbo,2020,6,39611.0,89900.0,Gasoline,8-Speed Automatic
Toyota,Sequoia SR5,2010,16,154860.0,17900.0,Gasoline,6-Speed A/T
Porsche,911 Carrera S,2021,5,7008.0,151900.0,Gasoline,8-Speed A/T
BMW,M8 Gran Coupe Competition,2022,4,21057.0,99800.0,Gasoline,Transmission w/Dual Shift Mode
Lexus,CT 200h Base,2016,10,39750.0,21995.0,Hybrid,A/T
Aston,Martin DB7 Vantage Volante,2003,23,14900.0,32850.0,Gasoline,6-Speed M/T
Chevrolet,Impala 2LZ,2018,8,71312.0,17899.0,Gasoline,6-Speed A/T
Porsche,911 Carrera,2015,11,43500.0,66500.0,Gasoline,7-Speed A/T
BMW,X6 xDrive40i,2020,6,34000.0,59335.0,Gasoline,8-Speed A/T
Subaru,Ascent Touring 7-Passenger,2021,5,32250.0,36000.0,Gasoline,A/T
Volkswagen,Routan SE,2011,15,194000.0,3500.0,Gasoline,Transmission w/Dual Shift Mode
Mercedes-Benz,AMG GLS 63 4MATIC,2023,3,2000.0,175000.0,Hybrid,9-Speed A/T
Mercedes-Benz,E-Class E 300 4MATIC,2018,8,53705.0,25900.0,Gasoline,A/T
Bentley,Continental GT Speed,2023,3,714.0,349950.0,Gasoline,8-Speed Automatic with Auto-Shift
Audi,S4 3.0T Premium Plus,2022,4,10900.0,53900.0,Gasoline,Transmission w/Dual Shift Mode
Porsche,Taycan,2022,4,2116.0,90998.0,,Automatic
Ford,F-150 Raptor,2020,6,33000.0,62999.0,Gasoline,A/T
BMW,X3 xDrive30i,2020,6,43000.0,40000.0,Gasoline,A/T
